company_id,company_key,company_name,company_name_variants,company_size,website,domain,industry,founded_in,founded_raw,description,company_type,annual_revenue,employee_total,company_email,linkedin_url,linkedin_description,state,ndis_direct_support,nursing_care_relevance,position_tier_best,people_count,support_coordinator_count,people_with_email_count,source_batch
5e079b026adc372e,uniting.org,Uniting,UnitingCare NSW.ACT; Uniting Care Ageing; Settlement Services International; UnitingCare; Unity care nsw; Women's & Girls Emergency Centre,1001-5000,https://uniting.org,uniting.org,Non-profit Organizations,,,"Uniting NSW.ACT contributes to the work of the Uniting Church in NSW and the ACT, through social justice advocacy, community services and spiritual care.
We provide services for people through all ages and stages of life, and drive solutions to systemic issues so people experiencing disadvantage can live their best lives.
Our purpose is to inspire people, enliven communities and confront injustice. We value diversity and always welcome everyone exactly as they are.",,,4520,,https://www.linkedin.com/company/uniting_nsw-act/,,NSW,Yes,No,A,28,10,22,Triple R NSW Campaign 3 Cold Export
8cf42f1a75d70575,approvedbyfrankie.com.au,Approved by Frankie,,11-50,https://approvedbyfrankie.com.au,approvedbyfrankie.com.au,Hospitals and Health Care,,,,,,29,,https://www.linkedin.com/company/approved-by-frankie/,,NSW,No,No,A,11,9,7,Triple R NSW Campaign 3 Cold Export
1c060c520c086f94,marliandmoe.com.au,Marli and Moe,Corrective Services NSW; Mora Disability,11-50,https://marliandmoe.com.au,marliandmoe.com.au,Individual and Family Services,,,"The Marli and Moe team is led by their Director Jemma who has navigated the NDIS since its introduction with her daughter Marli. Marli and Moe provides unique and specially tailored NDIS Support Coordination, Specialist Support Coordination and Psychosocial Recovery Coaching services to our clients. 

Marli and Moe’s family culture means we will be with you through the ups and downs, together. Our team draws on their personal and professional experiences to help make the most of your NDIS journey. We will work with you and your representative to make your NDIS experience as seamless as possible, that’s our gold standard.",,,23,,https://www.linkedin.com/company/marli-and-moe/,,NSW,Unclear,Yes,A,10,8,3,Triple R NSW Campaign 3 Cold Export
cf0cb9e86279c5e9,abilityoptions.org.au,Ability Options,,201-500,https://abilityoptions.org.au,abilityoptions.org.au,Non-profit Organizations,,,"Ability Options provide employment and disability services. We support people who need assistance to achieve their aspirations and inclusion in the community. 

We operate services to support people with disabilities and those whose lives are changed as a result of accidents, unemployment and disadvantage.

Our disability services support people with accommodation, respite care, support co-ordination, community services and therapy. Our employment services assist job seekers, including parents, indigenous communities, school leavers and people with disability to find work and maintain work.

We pride ourselves on delivering a person centred approach which emphasises the individual's right and opportunity for choice and self-determination, empowering people to achieve their aspirations and goals and to live life to their full potential.",,,439,,https://www.linkedin.com/company/ability-options/,,NSW,Yes,Yes,A,8,8,8,Triple R NSW Campaign 3 Cold Export
f0451116352b3881,mysupports.com.au,My Supports,Altido Consulting,51-200,https://mysupports.com.au/,mysupports.com.au,Individual and Family Services,,,"My Supports is a national provider of NDIS supports, including support coordination, daily life, community participation, capacity, and skill building. We offer supports enabling people all abilities, including people with complex and high needs, to live in their own community. My Supports also provides supports to those who are funded for Specialist Disability Accommodation (SDA), Supported Independent Living (SIL) and Individualised Living Options (ILO).

Founded by two people in wheelchairs and a long-time carer. This is the lived experience we aim to bring to our services every day. Roughly 25% of our workforce has a disability and a big portion has lived experience of disability.

My Supports works in small neighbourhood teams bringing local connections and contacts. We want you to be part of your own community and build your own support network so you can live as independently as possible in your own surroundings.

At My Supports we pride ourselves on doing our very best to match our clients with our support workers based on compatible personality traits, likes and dislikes, location, and cultural background. Our support workers come from all walks of life which help us make great matches for our clients!",,,173,,https://www.linkedin.com/company/my-supports/,,NSW,Yes,Yes,A,8,8,3,Triple R NSW Campaign 3 Cold Export
637adb949bde68f3,mcm.org.au,Melbourne City Mission,Bright Plan Management; Melbbourne Citymission; Melbourne Citymission; The Kindred Sign; We R Collective; melbourne city mission,501-1000,https://www.mcm.org.au/,mcm.org.au,Non-profit Organizations,,,"We’re a profit-for-purpose community organisation supporting people to live their life, their way.

📍 On Aboriginal Land",,,659,,https://www.linkedin.com/company/melbournecitymission/,,VIC,No,Yes,A,14,7,2,Triple R VIC Campaign 3 Cold Export
6ac7d6dfeaf5f6a7,newhorizons.org.au,New Horizons Enterprises,,201-500,https://newhorizons.org.au,newhorizons.org.au,Non-profit Organizations,,,"Fifty years ago we formed one of the world's first non-profit social enterprises. Since then New Horizons has supported tens of thousands of Aussies in hundreds of communities to discover their potential. 

By putting wellbeing at the heart of everything we do, we can provide the advice, connections and supports people need to reach their goals. 

As supporters of choice, we offer an unmatched range of services for individuals wanting to enhance their wellbeing. 

We take the time to listen to our customers, understand their needs and design tailored solutions. This personalised approach puts customers firmly in the driver's seat, so they can uncover the possibilities in their lives.

To find out how you can join a team that puts wellbeing at the heart of everything we do, connect with us:

newhorizons.org.au

facebook.com/newhorizonsau
twitter.com/newhorizonsau
youtube.com/user/newhorizonsau
http://m.newhorizons.org.au/news/",,,337,,https://www.linkedin.com/company/new-horizons-enterprises-limited/,,NSW,Yes,No,A,7,7,7,Triple R NSW Campaign 3 Cold Export
4367e02545550593,ndis.gov.au,National Disability Insurance Agency,NDIS; NDIS PROVIDER; National Disability Insurance Scheme; ndis; NDIS Community,5001-10000,https://www.ndis.gov.au/,ndis.gov.au,Government Administration,,,"The National Disability Insurance Agency (NDIA) is an independent statutory agency whose role is to implement the National Disability Insurance Scheme (NDIS).

Further information about the Scheme can be found on: http://www.ndis.gov.au.",,,5018,,https://www.linkedin.com/search/results/all/?keywords=NDIS+,,VIC,Unclear,No,A,11,6,2,Triple R VIC Campaign 3 Cold Export
1c669d73096ce1f7,breakthru.org.au,Breakthru,breakthru; Break Thru People Solutions; [breakthru],201-500,https://breakthru.org.au,breakthru.org.au,Individual and Family Services,,,"Being able to create your future your way.

Breakthru is a national not-for-profit organisation committed to empowering people to create their own futures. We operate on the belief that we can affect real and lasting change and create self-sustaining futures for individuals, local businesses and the community in general. Through the provision of high quality person-centric programs, we enable thousands of people every year to address employment, disability, mental health, homelessness and training needs.

Breakthru operates on the premise that everyone's needs, preferences and aspirations are different. Our commitment to client choice and family inclusion is well demonstrated through our individualised services and person-centred principles. We have a specific focus on assisting those most in need and offer specialist programs for those facing the challenge of an intensive mental health illness, a disability or physical health issue, long-term unemployment, unmet education goals or homelessness.

Breakthru is proud to offer dedicated and culturally considered programs for Aboriginal and Torres Strait Islander peoples, refugee and migrant populations and other culturally and linguistically diverse groups.

With over 20 years of demonstrated service to the community, Breakthru offers quality programs in New South Wales, Victoria and Queensland. Breakthru operates as a subsidiary of Royal Rehab. If you need help to address challenges and take control of your life, we would be proud to assist you on your journey to recovery.

Breakthru employees are proud to claim the title of social visionaries. We are committed to opportunity and advancement for all Australians and all our work underpins this ethos.",,,279,,https://www.linkedin.com/company/breakthruau/,,NSW,Unclear,No,A,8,6,7,Triple R NSW Campaign 3 Cold Export
0f72aed607f53eee,futurefocussc.com.au,Future Focus Support Coordination,,,https://www.futurefocussc.com.au/,futurefocussc.com.au,Hospitals and Health Care,,,,,,,,,,VIC,No,No,A,8,6,1,Triple R VIC Campaign 3 Cold Export
e80818c6809b2d9a,wellspaceaustralia.com.au,Wellspace Australia,,11-50,https://wellspaceaustralia.com.au,wellspaceaustralia.com.au,Mental Health Care,,,Wellspace Australia,,,45,,https://www.linkedin.com/company/wellspace-australia/,,NSW,No,Yes,A,10,5,10,Triple R NSW Campaign 3 Cold Export
96fabea5868235f4,interactionservices.org,Interaction Disability Services,Interaction Services,51-200,https://interactionservices.org,interactionservices.org,Individual and Family Services,,,"Interaction is a not for profit, values based organisation committed to empowering people.

Being person centred, we work alongside people to identify their better life now and their future goals and aspirations. Our flexible approach means we represent and resource people with personalised services.",,,103,,https://www.linkedin.com/company/interactionservices/,,NSW,Yes,No,A,7,5,7,Triple R NSW Campaign 3 Cold Export
fee59d3754a39388,extendedfamilies.org.au,Extended Families Australia,,,https://extendedfamilies.org.au/,extendedfamilies.org.au,Individual and Family Services,,,,,,,,,,VIC,Yes,No,A,6,5,2,Triple R VIC Campaign 3 Cold Export
5de808f7bc9a555e,myjourneyaustralia.com.au,My Journey Australia,,11-50,https://myjourneyaustralia.com.au,myjourneyaustralia.com.au,Community Services,,,"My Journey Australia was built on the foundation of being a truly person-centred
company. All supports are delivered in a person-centred manner with underpinning evidence-based clinical planning and approach.

My Journey Australia's belief is every person is unique and your supports
should match you individualities.

Together we can reach your goals.

My Journey Australia provides Support Coordination and Specialist Support Coordination to Participants of the NDIS.",,,20,,https://www.linkedin.com/company/my-journey-australia/,,NSW,Unclear,Yes,A,6,5,6,Triple R NSW Campaign 3 Cold Export
3c82b458452e1563,myintegra.com.au,MyIntegra,,51-200,https://myintegra.com.au,myintegra.com.au,Hospitals and Health Care,,,"Here at MyIntegra, we established ourselves with the sole intent to provide high quality Plan Management and Support Coordination to people with disabilities, their families and carers.

We specialise in helping you access the best support services available and taking care of the day-to-day, time consuming parts of managing and coordinating your plan and supports, so you can get on with enjoying your life.

As an NDIA registered and independent provider, we offer an unbiased service to maximise the possibilities of your NDIS plan. We put you first, tailoring our services to suit your needs - giving you flexibility and control over the management of your NDIS plan, as we work together to achieve your goals.

Plan Management 
Phone    1800 696 347
Email     choiceandcontrol@myintegra.com.au

Support Coordination
Phone   1300 937 187
Email     enquiries@myintegra.com.au",,,110,,https://www.linkedin.com/company/myintegra/,,NSW,No,No,A,6,5,3,Triple R NSW Campaign 3 Cold Export
e61d339833b7b6dd,tenderlovingcaredisability.com.au,Tender Loving Care Disability Services,,51-200,https://tenderlovingcaredisability.com.au,tenderlovingcaredisability.com.au,Hospitals and Health Care,,,"Tender Loving Care Disability Services has over 100 years of combined experience in the disability sector providing excellent outcomes for people with an intellectual, physical or cognitive disability and those participants that suffer from mental health conditions.  Our mission is to care and provide support to NDIS participants to improve their health and wellbeing.  We also assist participants that want to be more connected with the local community and participate in a range of learning opportunities.  Tender Loving Care Disability Services will provide you with guidance, planning and support - enabling participants to understand how the NDIA Plan funding can be used.  Our offices in Sydney, Brisbane and Melbourne will support you to have choice and control.",,,152,,https://www.linkedin.com/company/tender-loving-care-disabilty/,,NSW,Yes,Yes,A,6,5,6,Triple R NSW Campaign 3 Cold Export
922ce4b2d8136cd8,myasr.com.au,Australian Support Resources,,2-10,https://myasr.com.au/,myasr.com.au,Mental Health Care,,2001-01-10T00:00:00.000Z,"At Australian Support Resources we are passionate about ensuring every person who access our service is successful in receiving the assistance, care & support they deserve.
Australian Support Resources deliver specialist, quality service in a person centered and holistic framework highly receptive to the Disability community.
Australian Support Resources are a registered NDIS service provider, providing a range of services such as:
Support Coordination & Plan Management
Information & Referral
Complex Support case management
Community engagement/volunteer programs.
Welfare support & assistance
Access & support to the NDIS .",,,5,,https://www.linkedin.com/company/myasrau/,,NSW,No,Yes,A,5,5,4,Triple R NSW Campaign 3 Cold Export
977bbb55e74a631f,capacitycoordinationservices.com.au,Capacity Coordination Services,,2-10,https://capacitycoordinationservices.com.au,capacitycoordinationservices.com.au,Hospitals and Health Care,,2001-01-10T00:00:00.000Z,"Providing Support Coordination Level 2 and Level 3 
Covering Sydney and Newcastle regions
experienced in working with DCJ, Justice Health, Community Mental Health, Disability Advocates, Employment options and the NDIA. 
Knowledge of providers that specialise in the Justice space, LGBTQIA+, CALD, First Nations, AOD and complex care.",,,9,,https://www.linkedin.com/company/capacity-coordination-services/,,NSW,Unclear,Yes,A,5,5,5,Triple R NSW Campaign 3 Cold Export
08db4beb91d201ae,gateways.com.au,Gateways Support Services,,,https://www.gateways.com.au/,gateways.com.au,,,,,,,,,,,VIC,Yes,No,A,5,5,0,Triple R VIC Campaign 3 Cold Export
d53075f403f055c0,ays.com.au,Access Your Supports,,,https://ays.com.au/,ays.com.au,Individual and Family Services,,,,,,,,,,VIC,Yes,No,A,6,4,1,Triple R VIC Campaign 3 Cold Export
8e3ba29a6e5a9e2e,brightupwards.com.au,Bright Upwards,,11-50,https://brightupwards.com.au,brightupwards.com.au,Community Services,,2001-11-20T00:00:00.000Z,"We are thrilled to offer comprehensive NDIS services across the entire nation of Australia! Our dedicated team is committed to providing exceptional support and assistance,reach out to us to discover how we can help you or your loved ones today.

Our areas of expertise are:
Support Coordination.  Guided by experienced specialists, our Support Coordinators are dedicated to the people that they support. Our team of Support Coordinators are experienced and navigate the complexities of the NDIS with precision and empathy.

Theraputic Supports.  We have an Allied Health team that consists of Occupational Therapy, Physiotherapy and Exercise Physiology. Our therapists are dedicated to supporting each individual with a personalised and holistic approach that nurtures growth, capacity building and reaching goals.

Specialised Supports.  In addition to the above, we provide Specialist Support Coordination and Psychosocial Recovery Coaching. We also help people with their NDIS Access Forms and guide people through the intricate NDIS systems and procedures, before and after they have obtained their NDIS Plan.

OUR VISION
Our vision is to lift industry standards and become the go to provider for people with disability, employees, and like minded organisations.

OUR MISSION
Our mission is to empower people with disability to live their best life.

OUR VALUES
Integrity- we are honest, professional, and open minded.
Compassion- we are guided by our genuine love and care for other people.
Collaboration- we work closely with people with disability, our workforce and external providers to get the best outcomes for the people we support.
Excellence- we go above and beyond to deliver services which are above the industry standard to people with disability.
Empowerment- we go above and beyond to ensure people with disability lead a life they choose.

To find out more talk to our friendly staff by sending an email to enquiries@brightupwards.com.au or by calling 1800 861 881.",,,19,,https://www.linkedin.com/company/bright-upwards/,,NSW,No,No,A,5,4,4,Triple R NSW Campaign 3 Cold Export
06b77d320afbec10,participateaustralia.com.au,Participate Australia,,11-50,https://participateaustralia.com.au,participateaustralia.com.au,Non-profit Organizations,,,"Participate Australia is committed to making a difference in the lives of people with disabilities and their families/carers by being a leading support organization in the disability sector in Sydney.


OUR PURPOSE

    To support people with disabilities and their families/carers
   
    To enhance the provision of family/carer and person focused inclusive respite and recreation that meet both current and future needs.

    To encourage and maintain community involvement in assisting people with disabilities to live active, happy and independent lives.
    
    To treat all people with respect and dignity, focusing on one’s abilities as well as disabilities and to celebrate how all individuals contribute to the diversity of life.

STRATEGIC DIRECTION

To continue to be a leading support organization in the disability sector in the Inner West of Sydney. This will be made possible through the dedication of staff and Board Members of Participate Australia who both develop and implement our mission.",,,48,,https://www.linkedin.com/company/participateaustralia/,,NSW,Yes,No,A,5,4,5,Triple R NSW Campaign 3 Cold Export
5e52e442afe1528f,planpartners.com.au,Plan Partners,,51-200,https://planpartners.com.au,planpartners.com.au,Financial Services,,,"At Plan Partners, we are committed to helping our customers bring their NDIS plans to life by offering two services: Plan Management and Support Coordination. Our unique approach to the disability sector makes a real difference in people’s lives every day as we help them navigate the complexities of the system and unlock the potential of their NDIS plans.

Plan Management makes it easier for our customers to manage their NDIS funds by freeing them from the time-consuming daily administration tasks. 

Our Support Coordinators work closely with our customers to understand their needs and goals, and then help find and connect them with people who are a good fit for their situation. 

We always put our customers first. We are a committed partner, as displayed in our Customer Charter, supporting them at every stage of their NDIS journey.",,,131,,https://www.linkedin.com/company/planpartners/,,NSW,No,No,A,5,4,3,Triple R NSW Campaign 3 Cold Export
58baf57d8358ec8e,ability-options.com,Ability Options,,,https://ability-options.com,ability-options.com,,,,,,,,,https://www.linkedin.com/company/ability-options/,,NSW,Yes,Yes,A,4,4,2,Triple R NSW Campaign 3 Cold Export
74a815956da4a9b2,aruma.com.au,Aruma,House with No Steps,1001-5000,https://aruma.com.au,aruma.com.au,Individual and Family Services,,,"Welcome to Aruma!

With a rich history of pioneering support and over 60 years of experience, Aruma is the trusted partner of over 5000 people with disability throughout the east coast of Australia.

Aruma puts participants first and never entertains a one-size-fits-all approach. To do this we need you – staff who are brave, bold and who dare to think differently. Join the human rights team with a love of life supporting people to live the lives they choose.",,,1764,,https://www.linkedin.com/company/arumaservices/,,NSW,Yes,No,A,4,4,3,Triple R NSW Campaign 3 Cold Export
1e789a301239e480,auscaresupport.com.au,Auscare Support,,51-200,https://auscaresupport.com.au,auscaresupport.com.au,Hospitals and Health Care,,,":: Auscare Support :: 

Plan Management :: Support Coordination :: Plan Maximiser :: Support Staff :: Social Groups :: Registered NDIS Provider ::

Our mission, since 2015, with Auscare Support, has been to 

“Empower great futures for our clients and their families”.

It was a mission statement that helped to get to the core of what we are trying to achieve. 

Seems simple enough. 

Empower – meaning to give someone the authority or power to do something, or to make someone stronger and more confident, especially in controlling their life and claiming their rights... 

Since 2015 we have grown to over 50 team members – servicing over 1000 clients. 

Our aim is to continue to grow to support more NDIS participants nationally. 

Auscare is confident to achieve these numbers as we are driven by being:
-	#outcomefocused
-	#proactive 
-	#responsive 

Get in touch with a team member today - to find out how we can help you:

Freecall - 1800 940 515 

Email - info@auscaresupport.com.au

What is Support Coordination? 

‘Assistance to strengthen participant’s abilities to coordinate and implement supports and participate more fully in the community. 

It can include initial assistance with linking participants with the right providers to meet their needs, assistance to source providers, coordinating a range of supports both funded and mainstream and building on informal supports, resolving points of crisis, parenting training and developing participant resilience in their own network and community.’

What is plan management?

A plan manager assists participants to manage their plan by paying for and monitoring the funded supports on their behalf. A participant can decide to use a registered plan management provider to manage some or all of the funding of supports in their plan.

What is Budget Builder? 

Budget Builder helps you understand your budget and to connect with providers.

Support Staff

Connect with local support workers.

AMP

Mentoring",,,65,,https://www.linkedin.com/company/auscare-support/,,NSW,No,Yes,A,4,4,4,Triple R NSW Campaign 3 Cold Export
f6c61b08065d41ce,afford.com.au,Australian Foundation For Disability,,201-500,https://afford.com.au,afford.com.au,Non-profit Organizations,,,"Afford exists to create an inclusive world where human rights are realised. A world where people of all abilities come together to share in life’s adventure.

We are focussed on improving the lives of people with disability by prioritising choices, promoting rights and exploring possibilities together.

Contact our Support Centre team on 1800 233 673 or visit our website to find out more.",,,377,,https://www.linkedin.com/company/australian-foundation-for-disability/,,NSW,Yes,Yes,A,4,4,2,Triple R NSW Campaign 3 Cold Export
4ec2017fca1a8f50,flourishaustralia.org.au,Flourish Australia,My Recovery 101,201-500,https://flourishaustralia.org.au,flourishaustralia.org.au,Non-profit Organizations,,,"RichmondPRA is now Flourish Australia. Our name reflects our fundamental and enduring commitment to people’s mental health and wellbeing, supporting them to thrive and live a contributing life.
Flourish Australia today is the result of a proud 60-year history. Known as RichmondPRA from 2012 to 2016, Flourish Australia’s origins stem from the successful amalgamation of two longstanding mental health organisations, the Richmond Fellowship of NSW and Psychiatric Rehabilitation Australia (PRA). 

Our mission of working together for optimal mental health and wellbeing is the continuance of the dedication of our founding organisations.  We continue the legacy of recovery-oriented community support, a fundamental commitment to improving outcomes for people with a lived experience of a mental health issue, and the pursuit of independence and a contributing life. 

As an organisation we strive to ensure our professionalism and expertise are balanced by our personal connections. Flourish Australia reflects the good heart that everyone in this organisation has – they simply wouldn’t be here without it.",,,456,,https://www.linkedin.com/company/richmondpra/,,NSW,Yes,Yes,A,4,4,4,Triple R NSW Campaign 3 Cold Export
916bf183ad0c6457,huntingtonsaustralia.au,Huntington's Australia,,11-50,https://huntingtonsaustralia.au,huntingtonsaustralia.au,Non-profit Organizations,,,"We provide services to improve the quality of life for people with Huntington's disease (HD), their carers and families through advocacy, support and education.  This includes support and services to people who may be at risk of developing Huntington's disease as well as those who are gene positive, gene negative, symptomatic or diagnosed, carers, family, friends and partners.",,,28,,https://www.linkedin.com/company/huntingtons-australia/,,NSW,Unclear,No,A,4,4,4,Triple R NSW Campaign 3 Cold Export
c8c86eb3f9f8f458,msplus.org.au,MS Plus,,,https://www.msplus.org.au/,msplus.org.au,,,,,,,,,,,VIC,Yes,No,A,4,4,1,Triple R VIC Campaign 3 Cold Export
b6ffc6ad840efe14,unisson.org.au,Unisson Disability,OneDoor Mental Health,201-500,https://unisson.org.au,unisson.org.au,Non-profit Organizations,,,"Founded a century ago by Dr Lorna Hodgkinson – A Woman Ahead of her Time, Unisson Disability began as a pioneering institution dedicated to transforming the lives of individuals with disabilities. Today, we proudly support individuals across Northern and Western Sydney, the Central Coast, and the Hunter regions of NSW, adapting to modern needs while maintaining our foundational commitment to enhancing the quality of life for people with disabilities.

Our comprehensive service offerings range from uniquely co-designed social programs focused on adventure, lifestyle, culture, and wellness, to our quality supported employment opportunities through Pack Works and Ground Works. These programs allow our clients to engage in meaningful indoor and outdoor work experiences, fostering skill development in nurturing environments.

At Unisson, we are more than a service provider; we are a community deeply invested in the power of human connections. Our approach is rooted in understanding each person’s unique story, finding common ground, and creating meaningful interactions. We emphasise saying ‘yes’ to possibilities, being authentic, and making every connection memorable.

As we look forward to the future, we are excited about continuing to evolve and adapt, ensuring that our services not only meet but exceed the needs of the people we support.",,,217,,https://www.linkedin.com/company/unissondisability/,,NSW,Yes,No,A,4,4,4,Triple R NSW Campaign 3 Cold Export
5b0181479f5751a8,lwb.org.au,Life Without Barriers,Student Tutor Network; creating links,1001-5000,https://www.lwb.org.au/,lwb.org.au,Individual and Family Services,,,"Established in 1994, Life Without Barriers is a not-for-profit organisation that delivers services in more than 300 communities across Australia. We believe in the rights of people and the importance of relationships. These foundations shape our unique approach to care and underpin our vision and values. 

For more information please visit www.lwb.org.au

Do not reproduce any photos, videos or content from Life Without Barriers’ LinkedIn without the express permission of Life Without Barriers",,,2934,,https://www.linkedin.com/company/life-without-barriers/,,NSW,Yes,No,A,29,3,22,Triple R NSW Campaign 3 Cold Export
06ef0e01af002c08,3bridges.org.au,3Bridges Community,3Bridges; 3 Bridges Community,51-200,https://3bridges.org.au/,3bridges.org.au,Non-profit Organizations,,,"3Bridges is a for impact organisation. We focus on providing programs and services that are meaningful to our clients and the community, making an impact with compassion and integrity.",,,162,,https://www.linkedin.com/company/3bridges-community/,,NSW,Yes,Yes,A,8,3,4,Triple R NSW Campaign 3 Cold Export
c4e78997c7818ad4,onedoor.org.au,One Door Mental Health,,51-200,https://www.onedoor.org.au/,onedoor.org.au,Mental Health Care,,,"One Door Mental Health is a leading specialist mental health provider. For more than 35 years, we’ve designed and delivered expert mental health programs now accessible through the NDIS.

Through One Door, people living with mental illness and their families find an inclusive community, innovative services, and advocacy support.

Now part of the Mind Australia Group, we are stronger together, offering a full continuum of mental health services and putting lived experience at the heart of everything we do.",,,154,,https://www.linkedin.com/company/one-door-mental-health/,,NSW,Unclear,No,A,7,3,5,Triple R NSW Campaign 3 Cold Export
f05517f83b975db0,lifestylesolutions.org.au,Lifestyle Solutions,,201-500,https://lifestylesolutions.org.au,lifestylesolutions.org.au,Non-profit Organizations,,,"Lifestyle Solutions is a national provider of services to people with disability, young people and children in out-of-home care, their families and communities. 

Our workforce is committed to providing service that is reliable, responsive, flexible, friendly, empathetic and caring. 

Our customers receive services designed to meet their everyday needs and support them to achieve their goals. 

This could be as simple as having somewhere comfortable and safe to live, the company of friends and family, health care, education, employment, having personal goals and achieving them, making a shopping trip to the local supermarket, dignity, respect and just being happy. 

We believe everyone is equal. We stand for everyone in society having equal opportunity and equal respect. We do this by providing our customers, their families and communities with access to quality services and dedicated people who make a real difference in their lives. We believe this is everyone’s fundamental right. 

NDIS registered provider.",,,496,,https://www.linkedin.com/company/lifestyle-solutions-aust-ltd-/,,NSW,Yes,No,A,6,3,4,Triple R NSW Campaign 3 Cold Export
ab039d3fe8818e95,justcoscc.com.au,Intentional Connections,,11-50,https://justcoscc.com.au,justcoscc.com.au,Hospitals and Health Care,,2001-11-20T00:00:00.000Z,"About Just COS
Just COS is precisely just that – Coordination of Supports… nothing else.

We are a team of coordinators on the Central Coast of New South Wales who have a range of experience and expertise. You will always be matched with a support coordinator who can meet your needs and who will always aim to exceed your expectations. 

Our team have found over the years that there has been a lot of conflict of interest with providers favouring their own direct support providers to others, this has made for many an awkward discussion should an issue arise.

With Just COS, you do not have this potential issue as the only service that we provide is Coordination of Supports.",,,11,,https://www.linkedin.com/company/intentionalconnections1/,,NSW,Unclear,No,A,5,3,5,Triple R NSW Campaign 3 Cold Export
42e2755cf396092f,pchsweb.org,Peninsula Health,,,https://www.pchsweb.org/,pchsweb.org,,,,,,,,,,,VIC,Unclear,Yes,A,5,3,0,Triple R VIC Campaign 3 Cold Export
4328282113ea1bbc,gladyandco.com.au,Glady and,Glady & Co Mental Health Services,,https://gladyandco.com.au,gladyandco.com.au,Mental Health Care,,,,,,,,,,VIC,Yes,Yes,A,4,3,1,Triple R VIC Campaign 3 Cold Export
ebf071e49d2949a9,jpluscareaustralia.com.au,JPlus Care Australia,,2-10,https://jpluscareaustralia.com.au,jpluscareaustralia.com.au,Individual and Family Services,,2001-01-10T00:00:00.000Z,"JPlus Care Australia is a NDIS Registered Provider proud to provide Disability Support services to help people live independently and continue doing the things they enjoy. Your preferences and needs always come first. We operate locally, enabling us to provide affordable and accessible services that suit you and are relevant to where you live.  Our staff take the time to get to know you, and to determine how we can best meet your needs.  We never compromise on quality, and we’re passionate about delivering the services you want, when and how you want them.
JPlus Care Australia demonstrates a profound dedication to its personnel. Our organization offers a comprehensive array of disability support services aimed at promoting an inclusive atmosphere that fosters autonomy and self-advocacy for individuals with special needs and disabilities. The team, characterized by their expertise and commitment, will establish a close collaboration with you, delivering the necessary assistance and care as specified in your NDIS plan. This will guarantee that you are able to lead a self-determined life in accordance with your preferences.
Our comprehensive approach ensures that individuals of all age groups can avail customized services either at their residence or within the community. Our primary focus is to ensure that your care plan is tailored to match your specific needs, with utmost emphasis on delivering high-quality service.",,,9,,https://www.linkedin.com/company/jplus-care-australia/,,NSW,Yes,No,A,4,3,3,Triple R NSW Campaign 3 Cold Export
89a4aa8701a466bf,stride.com.au,Stride Mental Health,,201-500,https://stride.com.au,stride.com.au,Mental Health Care,,,"We’re 100% dedicated to providing services that improve the lifelong mental health of children, young people and adults – and help people with complex needs live better. 

Although Stride began 116 years ago simply as a way to help people find a place to live and work, we’re now leaders in early intervention, prevention and treatment of complex mental health conditions.  We are continuing to build on the work we do with families and communities to roll out more evidence-based services across Australia.

Today Stride employs nearly 800 staff providing mental health services for 18,000 Australians in more than 65 locations. We proudly operate a variety of services including Safe Spaces, Safe Havens, Head to Health and headspace centres throughout the eastern seaboard.

In addition to this we provide NDIS Support Coordination, Therapeutic Supports, Recovery Coaching, Supported Independent Living services and a range of complex and higher risk NDIS services.",,,269,,https://www.linkedin.com/company/stride-mental-health/,,NSW,Yes,No,A,4,3,3,Triple R NSW Campaign 3 Cold Export
f773918a7a9595ae,genu.org.au,genU,,,https://www.genu.org.au/,genu.org.au,,,,,,,,,,,VIC,Yes,Yes,A,4,3,2,Triple R VIC Campaign 3 Cold Export
3fb9a90d58a61667,achora.com.au,Achora,,11-50,https://www.achora.com.au/,achora.com.au,Community Services,,,"Achora is your trusted partner in the NDIS sector. Our hands-on approach means we’re right there with you, providing personalised Support Coordination and Plan Management Services within the NDIS framework. Our foundation is built on compassion, reliability, and a commitment to delivering exceptional services and putting our clients’ best interests above all.",,,11,,https://www.linkedin.com/company/achoracare/,,NSW,Yes,Yes,A,3,3,3,Triple R NSW Campaign 3 Cold Export
f61211d886be9e1e,costelloconsultancy.com.au,Costello Consultancy,,2-10,https://www.costelloconsultancy.com.au/,costelloconsultancy.com.au,Individual and Family Services,,2001-01-10T00:00:00.000Z,At Costello Consultancy our goal is to improve quality of life for people living with disabilities in all aspects of their lives. We provide Support Coordination to our clients who are eligible for and need assistance in getting an NDIS plan.,,,7,,https://www.linkedin.com/company/costello-consultancy/,,NSW,No,No,A,3,3,3,Triple R NSW Campaign 3 Cold Export
8390991638f17df1,leisurenetworks.org,Leisure Networks,,,https://www.leisurenetworks.org/,leisurenetworks.org,Civic and Social Organizations,,,,,,,,,,VIC,Yes,Yes,A,3,3,0,Triple R VIC Campaign 3 Cold Export
a1bbd025572df1fe,livelifeconnectgroup.com.au,Live Life Connect Group,,,https://livelifeconnectgroup.com.au/,livelifeconnectgroup.com.au,,,,,,,,,,,VIC,Unclear,Yes,A,3,3,0,Triple R VIC Campaign 3 Cold Export
a2c84739cfe9674d,pccs.org.au,Primary & Community Care Services,Able2,51-200,https://pccs.org.au,pccs.org.au,Wellness and Fitness Services,,,"Primary & Community Care Services Limited is a not-for-profit health organisation providing health and welfare services to help people access the health and social services they need through coordinated care. 

We deliver social prescribing, care coordination, workforce development and psychosocial support programs which supports people living with a range of serious or complex injuries and illnesses.",,,84,,https://www.linkedin.com/company/able2-pty-ltd/,,NSW,Unclear,No,A,3,3,2,Triple R NSW Campaign 3 Cold Export
25ec82f87a1b5d8d,sgch.com.au,SGCH,,51-200,https://sgch.com.au,sgch.com.au,Non-profit Organizations,,,"SGCH provides a place to call home for more than 11,500 people who live in 7,000 properties across Sydney. Together we provide sustainable, safe and affordable housing as the foundation for our customers to connect to opportunities and build their communities. 

Read our community guidelines before posting on our page, or commenting on our posts: https://link.sgch.com.au/socialmedia",,,191,,https://www.linkedin.com/company/sgch/,,NSW,Unclear,Yes,A,3,3,3,Triple R NSW Campaign 3 Cold Export
5ede4b2bad1ce044,accorddisability.sjog.org.au,St John of God Accord,,,https://accorddisability.sjog.org.au/,accorddisability.sjog.org.au,,,,,,,,,,,VIC,Yes,Yes,A,3,3,0,Triple R VIC Campaign 3 Cold Export
9119606cbf812b9d,tayloredsupport.com.au,Taylored Support Coordination,,2-10,https://tayloredsupport.com.au/,tayloredsupport.com.au,Individual and Family Services,,,"Taylored Support Coordination offers NDIS support coordination services all over NSW. Our team has years of experience in the NDIS, Mental health and disability sector.",,,5,,https://www.linkedin.com/company/tayloredsupportcoordination/,,NSW,Unclear,No,A,3,3,2,Triple R NSW Campaign 3 Cold Export
e535cbc9e2cb3bad,trinitydisabilitycare.com.au,Trinity Disability Care,,2-10,https://trinitydisabilitycare.com.au,trinitydisabilitycare.com.au,Hospitals and Health Care,,2001-01-10T00:00:00.000Z,,,,7,,https://www.linkedin.com/company/trinity-disability-care/,,NSW,No,Yes,A,3,3,2,Triple R NSW Campaign 3 Cold Export
5dbbe3cd59d47e33,catholichealthcare.com.au,Catholic Healthcare,Catholic Community Services NSW; Catholic healthcare; St. Vincent de Paul Society Randwick NSW Australia,1001-5000,https://www.catholichealthcare.com.au/,catholichealthcare.com.au,Hospitals and Health Care,,,"A culture of caring is at the heart of everything we do, which is why Catholic Healthcare is a leading provider of residential aged care, home care and retirement living in NSW and South East Queensland. Offering a range of integrated services in over 70 locations our residents and clients have an exceptional choice in the care they receive. Whether its care in your home or care in one of our residential aged care homes, come and experience the Catholic Healthcare difference.

Care underpins our work and service at Catholic Healthcare. Even though not all of us are directly employed to care for residents or clients, we all have an important role in ensuring that all people in our service receive our very best care. 
 
Catholic Healthcare has invested significant resources in establishing a sound and effective management infrastructure to fulfill its mission. Employing more than 4,500 individuals across New South Wales and South East Queensland, we strive to ensure a consistent, high-quality approach to care across the organisation. 
 
Our Human Resources team supports managers to build effective and constructive workplaces by providing support, training, tools and models so managers can work with their staff and deliver quality care.
 
We strive to make our workplaces welcoming, affirming and enabling.

Employees are also able to take advantage of generous salary packaging opportunities, discounted gym membership and additional leave days helping to achieve a good work life balance.",,,1451,,https://www.linkedin.com/company/catholic-healthcare-ltd/,,NSW,Unclear,Yes,A,36,2,15,Triple R NSW Campaign 3 Cold Export
89c24929ce21639c,selfemployed,Self-employed,Self-Employed; SELF-EMPLOYED; Self Employed,,No website found,selfemployed,,,,,,,,,,,VIC,Yes,Yes,A,10,2,5,Triple R VIC Campaign 3 Cold Export
046958e0f1decf63,proveda.com.au,Proveda,CCNB; ccnb.community care well being,51-200,https://proveda.com.au,proveda.com.au,Individual and Family Services,,,"Welcome to Proveda!  Formerly Community Care Northern Beaches (CCNB), we have evolved to offer a wider circle of support services.  We’re still the same independent, not-for-profit organisation, providing quality care coordination and support to people with aged care packages, disability or mental health needs. 

Through our community programs, we’re building a stronger, more compassionate and more connected Australia, with the goal of helping more people, in more places, in more ways. 

You can contact us by email at hello@proveda.com.au or by phone on 1300 002 262 or on the web at www.proveda.com.au",,,98,,https://www.linkedin.com/company/proveda-au/,,NSW,Unclear,No,A,9,2,8,Triple R NSW Campaign 3 Cold Export
0a1bc32056f94a30,achieveaustralia.org.au,Achieve Australia,,201-500,https://achieveaustralia.org.au,achieveaustralia.org.au,Individual and Family Services,,,"Achieve Australia is a for-purpose community organisation that has been providing accommodation and services to people with disability since 1952. We champion social inclusion, focusing on the individual needs and lives of the people we work with. 

Our services and supports include:  

My Home – Accommodation services including Supported Independent Living, drop-in support and community access.  

My Career – Development of work skills and facilitation of meaningful employment.
  
My Life – Skills building, community participation and the opportunity to pursue passions and hobbies. 

Achieve is an NDIS registered provider and delivers services in greater Sydney and the Northern Rivers region of New South Wales. 

Our commercial and social enterprises include AchievAble Enterprises packaging and assembly factory and our fabric and needlecraft store, The Sewing Basket. Both enterprises provide meaningful employment to people with disability and are open to business partnerships, volunteers and donations.",,,300,,https://www.linkedin.com/company/achieve-australia/,,NSW,Yes,Yes,A,8,2,6,Triple R NSW Campaign 3 Cold Export
ae4f06263de62ffb,hireup.com.au,Hireup,Hireup Australia,1001-5000,https://hireup.com.au/,hireup.com.au,Individual and Family Services,,,"Hireup is Australia’s leading NDIS-registered online platform for disability and aged care support. 

We connect people with disability and older Australians to a national community of trusted support workers giving real choice and control over who provides care, when, and how.

Our story began with siblings Laura and Jordan O’Reilly, who grew up alongside their brother Shane, who had disability. Managing support was part of everyday life, and while some workers were a great fit, too often they weren’t. Jordan later became a disability support worker and saw the same problems from the other side. Together, Laura and Jordan set out to change the system and created Hireup, Australia’s first online support network that puts people in control.

Since then, Hireup has grown into a national community where support is built on trust, reliability and shared connection. Whether it’s help at home, personal care, aged care, community access or companionship, we believe support is about finding the right relationship.

At Hireup, we’re reimagining what it means to be connected, supported and empowered one support relationship at a time.

Visit www.hireup.com.au to find out more.",,,1826,,https://www.linkedin.com/company/hireup/,,NSW,Yes,No,A,8,2,7,Triple R NSW Campaign 3 Cold Export
08f2e3c84db6cac9,wellways.org,Wellways Australia,Stride Mental Health,501-1000,https://www.wellways.org/,wellways.org,Mental Health Care,,,"Wellways Australia is a leading national mental health and disability support organisation with services in Queensland, ACT, NSW, Victoria and Tasmania.

We work with a diverse range of people, their families and carers to identify needs and goals to build good lives in the community This includes creating a home, getting a job and building meaningful relationships. 

We also deliver services to people with multiple, complex needs and often do this in partnership with clinical services, health support agencies and government.

Our services are informed by current evidence on mental health, rehabilitation and community inclusion, together with an understanding of people’s lived experience – what works for them.
 
We are a registered NDIS service provider. Our knowledgeable staff have the right community connections. We offer: support co-ordination, group based activities, assistance to access community, skills development, assistance with household tasks and personal care, housing and tenancy, help with budgeting and travel training.

Many of our staff draw from their own experience of mental health issues to provide peer support in services, education courses, advocacy workshops and our advice and referral Helpline. 
 
Our commitment to advocacy is central. We consult with consumers, carers, government and local business to ensure people have better opportunities to get well, stay well and fully participate in the community without stigma. 

For information visit wellways.org or contact us on 1300 111 400.
Advice and referral information is also available. Call our Helpline on 1300 111 500.",,,875,,,,VIC,Yes,Yes,A,6,2,4,Triple R VIC Campaign 3 Cold Export
6b1094a0c16fdd08,each.com.au,EACH,Each,501-1000,No website found,each.com.au,Individual and Family Services,,,"For more than 50 years, we have helped Australians find their power to live well through health and social care services that change lives and strengthen communities.

Across Australia, we deliver services in: 
- Mental Health  
- Primary Health 
- Child and Family Wellbeing 
- Aged Care 
- Disability  
- Housing  

We’re creating a future where everyone has the power to live well. Care that's Altogether Better.

We embrace diversity in all its forms and respect everyone's strengths and contributions irrespective of gender, ethnicity, culture, religious beliefs, sexual orientation, and political views.",,,954,,https://www.linkedin.com/company/each/,,VIC,Yes,No,A,5,2,2,Triple R VIC Campaign 3 Cold Export
9deef45d7e346ce1,homecaring.com.au,Home Caring,Home Caring Smithfield; Home Caring Sutherland; HomeCaring,201-500,https://homecaring.com.au,homecaring.com.au,Hospitals and Health Care,,,"Home Caring provides a wide range of tailored products and services to promote the well-being and independence of our clients - whether they are elderly, living with disabilities or have specific care needs. As a leading NDIS and aged care provider with one hundred franchises Australia wide: we offer personalised in-home care services including daily living assistance, personal care, meal preparation and mobility support. These services are designed to ensure that our clients can live comfortably and safely in their own homes.

We also offer specialised services such as dementia care, respite care and nursing services, all delivered by compassionate professionals. Our care goes beyond health with therapy services like occupational therapy, physiotherapy and speech pathology to help improve clients’ quality of life and support their independence.

Additionally, we provide social support and community participation services helping clients stay connected and active in their communities. Whether it’s through individual support or group activities, we ensure our clients remain engaged and valued.

By offering a full range of products and services, Home Caring is committed to empowering individuals and their families with high-quality, compassionate care that enhances and enriches the quality of their daily lives.",,,348,,https://www.linkedin.com/company/home-caring-group/,,NSW,Yes,Yes,A,5,2,2,Triple R NSW Campaign 3 Cold Export
f805e014330b7284,ndiscommission.gov.au,NDIS Quality and Safeguards Commission,Indus Ability; Australia Wide Supports,,https://www.ndiscommission.gov.au/,ndiscommission.gov.au,,,,,,,,,,,VIC,No,Yes,A,5,2,1,Triple R VIC Campaign 3 Cold Export
954dfb31ac42e620,unitingcommunities.org,Uniting,,,https://www.unitingcommunities.org/,unitingcommunities.org,,,,,,,,,,,NSW,Yes,No,A,5,2,2,Triple R NSW Campaign 3 Cold Export
2a1d04f3b7d0ca73,vmch.com.au,VMCH,,,https://vmch.com.au/,vmch.com.au,,,,,,,,,,,VIC,Yes,No,A,5,2,1,Triple R VIC Campaign 3 Cold Export
0ac6f5405a8acd7c,wintringham.org,Wintringham,,,https://wintringham.org/,wintringham.org,,,,,,,,,,,VIC,Yes,No,A,5,2,2,Triple R VIC Campaign 3 Cold Export
ca57b498b5d24402,civic.org.au,Civic Disability Services,Civic Industries,51-200,https://civic.org.au,civic.org.au,Non-profit Organizations,,,"At Civic we have been passionate about supporting individuals with disability to realise their potential for 60 years.  

Today we provide whole-of-life services for adults and children in South East Sydney, South West Sydney, Nepean, Blue Mountains and Shoalhaven regions. 

Services include NDIS support coordination and advice, accommodation, supported employment and post-school options, individual support in the home or the community, community hubs, clinical services, children's services and attendant care. 

The people of Civic – our staff, customers, families and our communities are at the heart of everything we do.",,,153,,https://www.linkedin.com/company/civic-disability-services-limited/,,NSW,Yes,No,A,4,2,3,Triple R NSW Campaign 3 Cold Export
8485401529d35f7e,coastlink.org.au,Coastlink,,11-50,https://coastlink.org.au,coastlink.org.au,Individual and Family Services,,,"Coastlink is the Central Coast’s most trusted disability and aged care provider.

Established in 1985 as a non-profit organisation, we began by providing family-based care for children living with disability.

Over the last four decades, our services have expanded. 

Today, we provide quality aged care, disability supports and accommodation options to people of all ages with a variety of physical, intellectual, sensory, social or age-related abilities.

But our commitment to improving the daily lives of our clients remains unchanged.

Every day, we change the lives of people living with disability by removing barriers to their success and empowering them to live a life of their choice.",,,44,,https://www.linkedin.com/company/coastlinknsw/,,NSW,Yes,No,A,4,2,4,Triple R NSW Campaign 3 Cold Export
0cc7d5b9a0ff5259,yahwehcare.com.au,Yahweh Care,,11-50,https://yahwehcare.com.au,yahwehcare.com.au,Home Health Care Services,,,"Yahweh Care is an NDIS service provider which is a sister company of Yahweh Property Care who is an NDIS registered provider and is operating since 2017. We help people to fill the gaps in flexible support needed for people living in Western Sydney.

We are here to provide those in need with whatever assistance they require. Our focus is always fully on them. They know how to live their best life and were here to support them!

We strive to build independence, increase opportunities and catalyze participation for people living with disabilities in Western Sydney.",,,17,,https://www.linkedin.com/company/yahwehcare/,,NSW,Yes,Yes,A,4,2,2,Triple R NSW Campaign 3 Cold Export
691f44c768585f48,able2.net.au,Able2,,11-50,https://able2.net.au,able2.net.au,Community Services,,,"We deliver a flexible and broad range of interventions and allied health services that focus on young people with disability and their families across the Blue Mountains, Hawkesbury, and Western Sydney Region.

Our dedicated team works with individuals, families, and the vast support networks to build skills, increase knowledge and encourage positive social relationships within their communities.",,,28,,https://www.linkedin.com/company/able2-pty-ltd/,,NSW,Unclear,Yes,A,3,2,3,Triple R NSW Campaign 3 Cold Export
1a87c33ac96814ed,livingmyway.org.au,Living My Way,Care Focused,51-200,https://livingmyway.org.au,livingmyway.org.au,Individual and Family Services,,,"Living My Way Limited is a Not-For-Profit organisation that supports people with a disability to empower them to live life their way. 

Living My Way Limited (formerly known as Allowance Inc until 2014) was formed in 1992 by a group of people with severe physical disabilities led by disability rights advocate, the late Kevin Byrne AM. The founding group was among the first to participate in a pilot study of Australia’s first Attendant Care Allowance Model (a self-managed package) initiated during the 1980s by the Commonwealth government.

The government invited 24 individuals with varying disabilities and lifestyles to apply for the opportunity to participate in a study that would enable them to have choice and control by becoming registered employers for two years. The notion of a person with a disability having choice and control in the 1980s was groundbreaking and unheard of in the ‘world of disability'.

The creation of the Allowance Model was life-changing. Being ‘in the driver’s seat’ not only met their needs but the hours could be adapted to suit individual lifestyles and offered flexibility that enabled the pursuit of social, recreational and career objectives.

Our services allow Members to employ their own Support Worker and provide them with the freedom to get back to living. To that end, we also work alongside our Members to ensure they always feel supported throughout their journey.  

We are a Registered NDIS Plan Manager, Occupational Therapy, Clinical Nursing, Personal Care, Community Access and Support Coordination Service Provider under the National Disability Insurance Scheme (NDIS).",,,56,,https://www.linkedin.com/company/living-my-way-limited/,,NSW,Unclear,Yes,A,3,2,3,Triple R NSW Campaign 3 Cold Export
06b63738fffac52e,psupportservices.com.au,Personalised Support Services,,,https://psupportservices.com.au,psupportservices.com.au,Individual and Family Services,,,,,,,,,,VIC,Yes,No,A,3,2,0,Triple R VIC Campaign 3 Cold Export
0d7ba13801509ade,scopeaust.org.au,Scope,Co.As.It.,1001-5000,https://scopeaust.org.au,scopeaust.org.au,Hospitals and Health Care,,,"Supporting thousands of people with complex intellectual, physical and multiple disabilities, we operate across Victoria and New South Wales through more than 425 service locations and support more than 5600 people. 

Our great team of people includes specialists in communication and positive behaviour support, dedicated to working in partnership with clients, carers and families. 

Along with delivering high-quality services and employment opportunities for people with a disability, Scope is active in research, which helps us deliver positive outcomes.

At Scope, we work together to create meaningful opportunities for people with disability to belong and thrive.",,,1087,,https://www.linkedin.com/company/scope-aust/,,NSW,Yes,No,A,3,2,2,Triple R NSW Campaign 3 Cold Export
392553cea5cf9285,sunnyfield.org.au,Sunnyfield Disability Services,,501-1000,https://sunnyfield.org.au,sunnyfield.org.au,Individual and Family Services,,,"For over 70 years, Sunnyfield has been a pioneer in the delivery of community support, education, employment, and accommodation for people with intellectual disability. The founders of Sunnyfield wanted to create a place where their children with intellectual disability could live, learn, work, have fun and get support when they needed it. That purpose remains in our DNA. We create a place where both clients and employees can grow and belong. Today, Sunnyfield delivers support services for nearly 2000 people with disability, including children, teenagers and adults. A member based, registered not-for-profit charity, Sunnyfield also employs over 1500 staff across NSW. Our staff don’t just work here, they belong here.",,,517,,https://www.linkedin.com/company/sunnyfield/,,NSW,Yes,Yes,A,3,2,2,Triple R NSW Campaign 3 Cold Export
78367c5aaee8d405,adscare.com.au,ADS Care,,11-50,https://adscare.com.au,adscare.com.au,Hospitals and Health Care,,2001-11-20T00:00:00.000Z,"ADS Care is a leading Service Provider that takes pride in the care support services that we offer to the elderly, adults living with a disability or illness and families requiring a helping hand.

Our professional and caring staff can assist with a range of services which include home & domestic services, personal care & hygiene, meal preparation, transport, shopping, in-home respite, companionship, dementia care, 24 hour care, sleepovers, social outings, disability care, post injury/post-operative care, family support, assessment of support needs and case management.

Our support levels can vary from one hour visits through to 24 hour care, seven days a week. We give you the opportunity to choose the services you would like us to deliver.

We provide services in all areas of Metropolitan Sydney, Central Coast, Hunter Region, Blue Mountains, Wagga Wagga, Albury and Newcastle. We are available 24 hours, seven days a week.",,,19,,https://www.linkedin.com/company/ads-care/,,NSW,Unclear,Yes,A,2,2,1,Triple R NSW Campaign 3 Cold Export
89f0c0f9c94be744,abilityconnect.com.au,Ability Connect,,11-50,https://abilityconnect.com.au,abilityconnect.com.au,Individual and Family Services,,2001-11-20T00:00:00.000Z,"You are not a number, you are a person with unique needs, dreams and abilities

Ability Connect is a privately owned organisation with a dedicated team of disability support experts, who have been on their own personal journeys facing battles and making breakthroughs in the disability space. Their highly regarded qualifications, years of industry expertise and personal life experience combined with a holistic approach has created the organisational culture and reputation that Ability Connect is known for today. 

Our team get to know every individual, their family, their medical requirements, and their personal needs before we develop a plan of action. We break down disability barriers to ensure that people from all walks of life have access to equal opportunity and the things that support quality of life.

We give you the power of choice

Ability Connect is here to empower you to make the right choice and formulate a plan and strategy for your unique set of circumstances. Our years of experience working with people with disability and injury, eliminates the stress and barriers when searching for and selecting effective service providers and services.",,,13,,https://www.linkedin.com/company/ability-connect/,,NSW,Yes,No,A,2,2,2,Triple R NSW Campaign 3 Cold Export
77f0e24fd108c948,advancedisabilityservices.com.au,Advance Disability Services & Respite,,11-50,https://advancedisabilityservices.com.au,advancedisabilityservices.com.au,Civic and Social Organizations,,,"Since 2018, Advance Disability Services & Respite (ADSR) has been dedicated to delivering a comprehensive range of services, including Home Care, Day Programs, Accommodation, Support Coordination, Transportation, Assisted Getaways, and Social and Community participation support.
Presently, ADSR extends its support to over 60 individuals living with disabilities and their families.

At ADSR, our core strength lies in our commitment to empowering our participants, enabling them to lead independent lives and pursue their goals. We are a team driven by the desire to make a meaningful impact in the lives of those we support.

We foster an environment where participants are encouraged and empowered to embrace new life experiences. 

Our offerings encompass structured day programs and flexible accommodation options, including short-term accommodation (respite), supported independent living (SIL), in-home support, and engaging social outings.

Visit us at www.advancedisabilityservices.com.au or call (02) 8328 0679 to learn more about how ADSR is transforming lives and supporting the journey towards greater independence.",,,25,,https://www.linkedin.com/company/advance-disability-services-respite-adsr/,,NSW,Yes,No,A,2,2,2,Triple R NSW Campaign 3 Cold Export
0216ce02c51d60fb,allinto.org.au,Allinto,,11-50,https://allinto.org.au,allinto.org.au,Non-profit Organizations,,,"Allinto is an independent human and social services coordination and navigation service that operates across Australia and does the hard work for you. 

By working with us, you leverage the collective expertise of a large and experienced team of professionals. 

We are all into supporting you through life’s transitions with information, expertise, and guidance, to allow you to live your best life.",,,38,,https://www.linkedin.com/company/allinto/,,NSW,Unclear,Yes,A,2,2,1,Triple R NSW Campaign 3 Cold Export
74e06a17c9210bb6,anowah.org.au,Anowah Community Living,,11-50,https://anowah.org.au,anowah.org.au,Non-profit Organizations,,2001-11-20T00:00:00.000Z,"Anowah was founded in 1967 as a school for children with intellectual disability in the Fairfield, Liverpool and Cabramatta LGA’s. In 1977 Anowah established a recreation and leisure centre for school leavers with disability, and during 1979 Anowah established residential accommodation for people with disability.

Today, as an NDIS registered provider, Anowah offers supported independent living services, support to access the community, centre based activities, capacity building and skills development for people with disability.

Our history is long and our experience runs deep. We have always put people with disability at the centre of service delivery and decision making. This has set us up well to embrace contemporary views on disability support and actively encourage our clients and families to drive their service delivery.

Our purpose is to support authentic social inclusion of people with disability so they are active and engaged citizens of Sydney’s Western Parkland City.

Our long term ambition is to ensure people with disability have increased social inclusion and independence, and that we have positively influenced access and inclusion with Sydney’s Western Parkland City.",,,16,,https://www.linkedin.com/company/anowah-community-living/,,NSW,Unclear,Yes,A,2,2,2,Triple R NSW Campaign 3 Cold Export
9ffc1fac8116e02e,aass.org.au,Autism Advisory & Support Service,,11-50,https://aass.org.au,aass.org.au,Non-profit Organizations,,2001-11-20T00:00:00.000Z,"The Autism Advisory and Support Service (AASS) provides a range of services to support, advocate, help, educate and guide families who have a family member with Autism as well as the greater community.",,,19,,https://www.linkedin.com/company/autism-advisory-&-support-service/,,NSW,No,No,A,2,2,2,Triple R NSW Campaign 3 Cold Export
70dcc28c06bdab12,bellassai.link,Bellassai Link Cooperation,Bellassai Link,,https://bellassai.link/,bellassai.link,,,,,,,,,,,VIC,Yes,No,A,2,2,1,Triple R VIC Campaign 3 Cold Export
1454fd964ee70195,blairlogie.org,Blairlogie Living and Learning,,,https://www.blairlogie.org/,blairlogie.org,Community Services,,,,,,,,,,VIC,Yes,No,A,2,2,0,Triple R VIC Campaign 3 Cold Export
58d7c66a48250846,breakthrubev.com,Breakthru,,,https://www.breakthrubev.com/,breakthrubev.com,,,,,,,,,https://www.linkedin.com/company/breakthruau/,,NSW,Unclear,No,A,2,2,2,Triple R NSW Campaign 3 Cold Export
2a82eec2223c0695,collective.com,COLLECTIVE,,,https://www.collective.com/,collective.com,,,,,,,,,,,NSW,Yes,No,A,2,2,0,Triple R NSW Campaign 3 Cold Export
c612dfed33f07813,chosen.family,Chosen Family Australia,,11-50,https://www.chosen.family/,chosen.family,Community Services,,,"Chosen Family provide Disability and Mental Health supports which create a community-centric ecosystem.Our services are multicultural, flexible and enriching to all. Our community continues to reimagine how our services will create platforms of equality, inclusion and belonging. We believe our participants should receive flexible care and holistic support. We challenge our biases by reimagining how our services will promote a culture of acceptance and inclusion where you are embraced fully.",,,21,,https://www.linkedin.com/company/chosen-family/,,NSW,Yes,No,A,2,2,2,Triple R NSW Campaign 3 Cold Export
fb9d851f06a21e4d,communityaccessability.com.au,Community Accessability,,,https://communityaccessability.com.au,communityaccessability.com.au,,,,,,,,,,,VIC,Yes,Yes,A,2,2,1,Triple R VIC Campaign 3 Cold Export
522a2e169646bd79,enrichabilities.com.au,Enrich Abilities,,2-10,https://enrichabilities.com.au,enrichabilities.com.au,Hospitals and Health Care,,2001-01-10T00:00:00.000Z,"Enrich Abilities is a registered NDIS Provider that delivers direct support across Assistance with Daily Living, Social & Community Participation, and Support Coordination.

Enrich Abilities is proudly a not-for-profit organisation where any profits are returned to supporting people with disability through community grants, donations and support programs.

We believe that everyone has the potential to thrive, regardless of their circumstances. We believe that even the smallest things can make a big difference in the lives of people with disabilities and that's why we are committed to helping participants purchase the items they need to live their best lives.

Looking to make a referral? Contact us here: https://www.enrichabilities.com.au/referral",,,9,,https://www.linkedin.com/company/enrich-abilities/,,NSW,Unclear,Yes,A,2,2,0,Triple R NSW Campaign 3 Cold Export
6c530d5608cc0439,epicss.com.au,Epic Support Services,,,https://epicss.com.au/,epicss.com.au,,,,,,,,,,,VIC,Yes,No,A,2,2,0,Triple R VIC Campaign 3 Cold Export
560251563838e1fb,flexi.com,Flexi Support,,,https://www.flexi.com/,flexi.com,,,,,,,,,,,VIC,Yes,No,A,2,2,0,Triple R VIC Campaign 3 Cold Export
bf4eaa0394986190,futurewellbeing.com.au,Future Wellbeing,,2-10,https://futurewellbeing.com.au,futurewellbeing.com.au,Hospitals and Health Care,,,"At Future Wellbeing, we are dedicated to empowering individuals with disabilities to achieve their full potential. As a registered NDIS provider, we offer high-quality, person-centered supports across the Sydney metro area. Our services are tailored to meet the unique needs of each individual, ensuring a pathway toward greater independence and improved quality of life.

We specialize in Level 2 & 3 Support Coordination, assisting participants to navigate the NDIS system, access services, and achieve their goals. Our team is also highly experienced in delivering High-Intensity Core Supports, providing the necessary care and assistance to those with more complex needs across Sydney Metro.

With a strong commitment to compassion, professionalism, and positive outcomes, Future Wellbeing is here to support you in living your best life. We believe in a future where everyone has the opportunity to thrive.

Contact us to learn how we can assist you or your loved ones in navigating the NDIS journey and achieving your goals.",,,7,,https://www.linkedin.com/company/future-wellbeing/,,NSW,Unclear,Yes,A,2,2,1,Triple R NSW Campaign 3 Cold Export
27b85978a8cb51b7,inspirationalcare.com.au,Inspirational Care,Inspirational care,11-50,https://inspirationalcare.com.au,inspirationalcare.com.au,,,,,,,25,,https://www.linkedin.com/company/inspirational-care/,,NSW,Unclear,No,A,2,2,1,Triple R NSW Campaign 3 Cold Export
9eef19180bcb7339,libertydisabilityservices.com.au,Liberty Disability Services,,,https://libertydisabilityservices.com.au,libertydisabilityservices.com.au,,,,,,,,,,,VIC,Yes,Yes,A,2,2,0,Triple R VIC Campaign 3 Cold Export
0af4ad46cfa46d20,links2community.com.au,Links2Community,,2-10,https://links2community.com.au,links2community.com.au,Hospitals and Health Care,,2001-01-10T00:00:00.000Z,"Links2Community is a registered NDIS provider offering a range of innovative, specialised, and tailored support solutions. Our vision is to realise an all-inclusive, flexible, and accessible community, where no one is socially isolated, no matter their age, disability, language, or culture.

Our team and its wide network have a range of different skills, expertise, and decades of experience to help you navigate the complexities of the NDIS. We’re reaching out to help anyone whose disability prevents them from meeting their needs and goals – especially those who fall through the cracks of the system. 

But we’re not just an NDIS provider, we want to demystify the NDIS for everyone. Our consultancy services are also here to help you, or your organisation, develop disability programs, set up, and refine internal processes to deliver quality service to your NDIS participants. 

Contact us today to discuss your needs. Let’s work together to determine how Links2Community can best help you.",,,10,,https://www.linkedin.com/company/catholic-healthcare-ltd/,,NSW,Yes,Yes,A,2,2,2,Triple R NSW Campaign 3 Cold Export
16f76670a09b25de,mccall.org.au,McCall Gardens Community,,51-200,https://mccall.org.au,mccall.org.au,Individual and Family Services,,,"We provide inclusive and personalised support to people with a disability, empowering them to lead great lives! If you or someone you love has a disability, we can provide the support you need to help achieve a fuller life.

Our Services Include:
-Supported Independent Living
-Community Participation
-NDIS Support Coordination
-Short-Term Accommodation",,,67,,https://www.linkedin.com/company/mccall-services/,,NSW,Unclear,Yes,A,2,2,2,Triple R NSW Campaign 3 Cold Export
87f67b886e76523d,mindaustralia.org.au,Mind Australia,,,https://www.mindaustralia.org.au/,mindaustralia.org.au,,,,,,,,,,,VIC,Yes,Yes,A,2,2,0,Triple R VIC Campaign 3 Cold Export
00861d1d7d73c532,mindfulccc.com,Mindful Care Coordination and Consulting,,,https://mindfulccc.com/,mindfulccc.com,Business Consulting and Services,,2001-01-10T12:00:00.000Z,,,,,,,,VIC,Unclear,No,A,2,2,0,Triple R VIC Campaign 3 Cold Export
d5b23ec1c82695dc,mycoastsupport.com.au,My Coast Support,,2-10,https://mycoastsupport.com.au,mycoastsupport.com.au,Individual and Family Services,,2001-01-10T00:00:00.000Z,"My Coast Support is an NDIS registered provider. 
Offering support for participants to engage with their community and feel better supported within their home.",,,6,,https://www.linkedin.com/company/my-coast-support/,,NSW,Unclear,Yes,A,2,2,2,Triple R NSW Campaign 3 Cold Export
2ad742367d95a794,mdpartner.com.au,My Disability Partner,,,https://mdpartner.com.au/,mdpartner.com.au,,,,,,,,,https://www.linkedin.com/company/my-disability-partner/,,NSW,No,Yes,A,2,2,1,Triple R NSW Campaign 3 Cold Export
dd014f7334dabb35,newcastlesocialworkers.com.au,Newcastle Social Workers,,,https://www.newcastlesocialworkers.com.au/,newcastlesocialworkers.com.au,,,,,,,,,https://www.linkedin.com/company/newcastle-social-workers/,,NSW,No,No,A,2,2,2,Triple R NSW Campaign 3 Cold Export
6e9849d6ae0f68c7,onside.com.au,OnSide NDIS,,,https://www.onside.com.au/,onside.com.au,,,,,,,,,,,VIC,No,No,A,2,2,0,Triple R VIC Campaign 3 Cold Export
4dd0b90e48da064e,peakcareservices.com.au,Peak Care Services,,,https://peakcareservices.com.au,peakcareservices.com.au,Home Health Care Services,,2001-11-20T12:00:00.000Z,,,,,,,,VIC,Yes,Yes,A,2,2,0,Triple R VIC Campaign 3 Cold Export
19eb202cb20e1ca9,platformto.com.au,Platform To,,2-10,https://platformto.com.au,platformto.com.au,Individual and Family Services,,,"Platform To: Your Local NDIS Disability Support Team on the Central Coast

Located on the Central Coast, Platform To is dedicated to enhancing the lives of individuals with disabilities. Our mission is to support people through life transitions by fostering connections, learning new skills, and contributing to the community. 

We provide high-quality direct supports, support coordination, participant respite, group programs, and community workshops.

Our services include:

	•	Finding employment
	•	Building a healthy lifestyle
	•	Exploring housing options
	•	Making new friends
	•	Gaining greater independence
	•	Moving out of home
	•	Developing social skills
	•	Learning to cook
	•	Starting volunteer work

Reach out today for more information",,,5,,https://www.linkedin.com/company/platform-to/,,NSW,Unclear,Yes,A,2,2,2,Triple R NSW Campaign 3 Cold Export
3e1041385ec471e2,sasd.com.au,Safe & Sound Disability,,2-10,https://sasd.com.au/,sasd.com.au,Hospitals and Health Care,,,,,,8,,https://www.linkedin.com/company/safensounddisablity/,,NSW,No,No,A,2,2,1,Triple R NSW Campaign 3 Cold Export
200fdcb1a13ec56c,scope.org.uk,Scope,,,https://www.scope.org.uk/,scope.org.uk,,,,,,,,,,,VIC,Unclear,No,A,2,2,0,Triple R VIC Campaign 3 Cold Export
8671cdef4a9cc9d7,shinebrightcare.com.au,ShineBright Care,Shinebright Care,,https://shinebrightcare.com.au,shinebrightcare.com.au,,,,,,,,,,,NSW,Yes,Yes,A,2,2,1,Triple R NSW Campaign 3 Cold Export
008d0a311b66c0f9,simplyhelping.com.au,Simply Helping,Marli and Moe,51-200,https://simplyhelping.com.au,simplyhelping.com.au,Individual and Family Services,,,"Simply Helping is a private provider of a suite of in-home care and support services to not only our elderly population, but also families and individuals living with a disability, clients of brokerage organisations and for those seeking services as a life-style choice.

Since 1998, we've steadily built our reputation for excellence and are expanding nationwide.

Our professional support extends to organisations, and both private or funded individuals.

Our teams of qualified and fully experienced carers are coordinated by our local managers responsible for service provision in their own regions.

This structure allows for greater involvement in support provision and much less bureaucracy in managing services. All our dedicated staff are trained, with ongoing support through mentoring and professional development programmes.

An active client and staff feedback system ensures continuous improvement and reinforces our client service commitment. Simply Helping applies insight to organisational, family and individual needs thus encouraging a professional, flexible and customised approach for each and every client.

Simply Helping also fully complies with the strict standards as set out by the Human Services Standards 2011, Certification National Standards for Disability Services 2013 Certification Department of Health and Human Services. The most recent surveillance audit took place on 26 and 27 September, 2016.

Our simple mission is to add value, meaning and dignity to the individual lives of others.",,,160,,https://www.linkedin.com/company/marli-and-moe/,,NSW,No,No,A,2,2,1,Triple R NSW Campaign 3 Cold Export
21ce023b28f32749,starcommunitycare.com.au,Star Community Care,,2-10,https://starcommunitycare.com.au,starcommunitycare.com.au,Mental Health Care,,2001-01-10T00:00:00.000Z,"Star Community Care services are person centred, holistic and respond to the needs and goals of our participants, their families and carers. We listen to you, and in partnership with you, we develop tailored programs and supports that ensure that you receive the type of supports you want, where you want them and when you want them. Our supports are tailored to assist you to live safely and comfortably at home and to actively enjoy your local community.",,,10,,https://www.linkedin.com/company/star-community-care/,,NSW,Unclear,No,A,2,2,2,Triple R NSW Campaign 3 Cold Export
f552252d2da5104e,sylvanvale.com.au,Sylvanvale,,201-500,https://sylvanvale.com.au,sylvanvale.com.au,Individual and Family Services,,,"Sylvanvale is a registered National Disability Insurance Scheme (NDIS) service provider committed to providing high-quality, customer-focused service to the people we support and their families. 

Our team is flexible and experienced, and love what they do. We work in partnership with clients and their families to ensure they have the support they need, when and where they want it.

As one of Australia’s largest not-for-profit disability service providers, working for Sylvanvale offers outstanding opportunities for career development and growth.

Every one of our dedicated staff plays an important role in supporting people with disability to achieve independence and reach their potential. We invest in our people so that we can support people with disability to live the life they choose.",,,221,,https://www.linkedin.com/company/sylvanvale/,,NSW,Unclear,Yes,A,2,2,2,Triple R NSW Campaign 3 Cold Export
a669e45b7ed347d1,deafconnect.org.au,The Deaf Society,Deaf Connect,201-500,https://deafconnect.org.au,deafconnect.org.au,Non-profit Organizations,,,"Deaf Connect is Australia’s largest whole-of-life Deaf organisation and the largest employer of Auslan users in the world. We are an NDIS registered service provider, a nationally recognised provider of in-home care for seniors, and a registered training organisation for accredited training in Auslan.

In 2020 the Boards of Deaf Services Limited and the Deaf Society announced their intention to merge and form a new entity support Deaf, hard of hearing and deafblind Australians.

Prior to this merger announcement Deaf Services Limited and the Deaf Society were the leading providers of support for the Deaf community in Queensland and New South Wales / ACT respectively. Deaf Connect recognises the vision, and heritage of our founding organisations and over 200 years of combined history and experience supporting the Deaf community.

With offices in Queensland, New South Wales, ACT and the Northern Territory, as well as staff in all States and Territories we are an organisation for all Deaf, Deafblind and hard of hearing Australians, as well as the family members and allies who support them.",,,340,,https://www.linkedin.com/company/deaf-connect-of-australia/,,NSW,Unclear,No,A,2,2,2,Triple R NSW Campaign 3 Cold Export
a90d4a85c76e7599,thc.org.au,The Housing Connection,,51-200,https://thc.org.au,thc.org.au,Civic and Social Organizations,,,"At The Housing Connection, people are central to everything we do. We support adults with intellectual and other disabilities to live valued and rewarding lives in the community. We provide support, tailored to each person to support them to achieve exceptional outcomes.",,,55,,https://www.linkedin.com/company/thehousingconnection/,,NSW,Unclear,Yes,A,2,2,2,Triple R NSW Campaign 3 Cold Export
9609877ef5509b35,theoakcollective.com,The Oak Collective,,,https://theoakcollective.com/,theoakcollective.com,Hospitals and Health Care,,2001-01-10T12:00:00.000Z,,,,,,,,VIC,Unclear,No,A,2,2,0,Triple R VIC Campaign 3 Cold Export
ed27bc4d8573eec1,yourjourneysc.com.au,Your Journey Support Coordination,,,https://www.yourjourneysc.com.au,yourjourneysc.com.au,,,,,,,,,,,VIC,Unclear,No,A,2,2,1,Triple R VIC Campaign 3 Cold Export
4bcc8ae2194545ef,gotozoe.org,Zoe Care and Support,,2-10,https://gotozoe.org/,gotozoe.org,Non-profit Organizations,,2001-01-10T00:00:00.000Z,"Supporting all NDIS participants in support coordination, to progress in achieving their NDIS goals, utilizing their NDIS plan to be supported in receiving quality of life.",,,2,,https://www.linkedin.com/company/zoe-care-and-support/,,NSW,No,No,A,2,2,1,Triple R NSW Campaign 3 Cold Export
9b1155fe3f4a7e15,futuresinsight.com.au,futures in sight,,2-10,https://www.futuresinsight.com.au/,futuresinsight.com.au,,,2001-01-10T00:00:00.000Z,,,,4,,https://www.linkedin.com/company/futures-in-sight/,,NSW,Unclear,Yes,A,2,2,1,Triple R NSW Campaign 3 Cold Export
017e22fc4e86cf44,ssi.org.au,Settlement Services International,SSI; Settlement services International; Wellspace Australia,1001-5000,https://ssi.org.au,ssi.org.au,Non-profit Organizations,,,"SSI is a national not-for-profit organisation providing life-changing human and social services.   

With community at the heart of everything we do, our purpose is to empower individuals, children, families and communities from diverse backgrounds and identities to fully participate in the economic, social, civic and diverse cultural life of Australia, creating a more equitable, resilient, enriched and inclusive society.   

Since 2018, Queensland-based Access Community Services has been part of the SSI family. And with the opening of our Victorian office that same year, SSI now provides an extensive footprint across the eastern coast of Australia.   

  

We realise that no one organisation can achieve social change in isolation. We partner with federal and state government departments and agencies, community-minded businesses and individuals, and we build relationships with domestic and global human-service led organisations and NFPs. We are an umbrella organisation for 15 migrant resource centres, multicultural services and specialist human-services agencies that work together on program delivery, advocacy and sector development.",,,3247,,https://www.linkedin.com/company/settlement-services-international/,,NSW,Yes,No,A,39,1,31,Triple R NSW Campaign 3 Cold Export
4dc5feeb77c89ce1,salvationarmy.org.au,The Salvation Army Australia,Anglicare Sydney; OASIS YOUTH SUPPORT NETWORK; SalvoCare,1001-5000,https://www.salvationarmy.org.au/,salvationarmy.org.au,Non-profit Organizations,,,"The Salvation Army is a Christian movement dedicated to sharing the love of Jesus.  

We share the love of Jesus by: 
Caring for people
Creating faith pathways
Building healthy communities
Working for justice 

The Salvation Army helps people in need through a wide variety of spiritual and humanitarian programs and is active in 128 countries. In Australia our services are as wide-ranging and diverse as the areas of need in the community. You can find out more at salvationarmy.org.au.

To view our social media terms of use, go to salvationarmy.org.au/socialmedia.",,,1894,,https://www.linkedin.com/company/the-salvation-army-australia/,,NSW,Yes,No,A,19,1,13,Triple R NSW Campaign 3 Cold Export
b09c214c3c27ef44,neaminational.org.au,Neami National,,501-1000,https://www.neaminational.org.au/,neaminational.org.au,Mental Health Care,,,"Hello, we’re Neami.  

We’re big believers in everyone having the opportunity to live a full life. We support people to achieve the wellbeing and mental health outcomes that matter to them. We provide services across Australia for mental health and wellbeing, housing and homelessness, and suicide prevention. 

For some people, this means having a stronger sense of self. For others, it may mean nurturing relationships or building the confidence to tackle tomorrow. We know this looks different for everyone, and we support people to improve their quality of life in a way that suits them. 

We’re proud to support 34,000 people living with mental health challenges each year and offer services across 40 different Indigenous lands. 

We value diversity and the lived and living experience of our workforce, the people we support and the communities we work with. We base everything we do on these people. 

We want to be an innovative employer of choice who leads the sector and brings together people from all backgrounds. Our shared purpose is to meaningfully support better mental health and wellbeing for individuals and communities. We provide a safe, supportive and flexible work environment. If you seek a career that aligns with your values and offers opportunities for professional growth and meaningful impact, join our team.  

Learn more at www.neaminational.org.au/careers  

Follow us: 

https://instagram.com/neami_national  

https://facebook.com/neaminational  

Read our social media guidelines: https://www.neaminational.org.au/social-media-guidelines/",,,831,,https://www.linkedin.com/company/neami/,,NSW,No,No,A,18,1,14,Triple R NSW Campaign 3 Cold Export
a47e1f0cef85e4ae,benevolent.org.au,The Benevolent Society,RSL LifeCare,501-1000,https://benevolent.org.au,benevolent.org.au,Individual and Family Services,,,"The Benevolent Society, operating since 1813, provides integrated support services to children, young people and families, older people, people with disability and carers.

We have more than 1,000 people-first practitioners working to help people live their life, their way. 

As one of Australia’s first charitable organisations, The Benevolent Society has pioneered positive social change and uses its practice wisdom to advocate for a just society.",,,952,,https://www.linkedin.com/company/the-benevolent-society/,,NSW,Unclear,Yes,A,16,1,14,Triple R NSW Campaign 3 Cold Export
f35b83d75ee272ab,barnardos.org.au,Barnardos Australia,Barnardo's Australia,201-500,https://barnardos.org.au,barnardos.org.au,Non-profit Organizations,,,"Barnardos Australia is a leading non-government, non-denominational child protection charity in Australia. 

We are committed to supporting Australia’s most vulnerable children and their families with quality services. 

We believe all children and young people deserve caring families in which they can grow safely and fulfil their potential.

We work together with children, young people and families to break the cycle of disadvantage, creating safe, nurturing and stable homes, connected to family and community. Our intensive family support programs combat family and domestic violence, drug and alcohol abuse, mental health, poverty and homelessness, to strengthen families and keep children safe at home. When this is not possible, we also provide safe homes for children through foster care and kinship care to give children a safe place to grow up and reach their potential. Since 1985 we have pioneered open adoption for non-Aboriginal children in NSW, giving children the permanency and security they need, for life.",,,356,,https://www.linkedin.com/company/barnardos-australia/,,NSW,Yes,No,A,12,1,7,Triple R NSW Campaign 3 Cold Export
2743e92e2c1633d1,vinnies.org.au,St Vincent de Paul Society NSW,St Vincent de Paul Society Australia; St Vincent de Paul Society Housing Australia; Vinnies Australia; Wayside Chapel,1001-5000,https://www.vinnies.org.au/nsw,vinnies.org.au,Non-profit Organizations,,,"The St Vincent de Paul Society NSW is a member and volunteer based organisation that has been assisting people experiencing disadvantage in NSW for over 135 years.

Our key areas of assistance include:
•	Housing and homelessness
•	Low-income Support
•	Health
•	Children and Education
•	Addiction
•	Refugees, Asylum Seekers and Migrants
•	Disability Support and Employment
•	Disaster Recovery

To find out more, visit: www.vinnies.org.au/nsw",,,1013,,https://www.linkedin.com/company/vinniesnsw/,,NSW,Yes,No,A,12,1,7,Triple R NSW Campaign 3 Cold Export
063b822c361b2ae6,mackillop.org.au,MacKillop Family Services,,,https://www.mackillop.org.au/,mackillop.org.au,Individual and Family Services,,,,,,,,,,VIC,Yes,Yes,A,11,1,3,Triple R VIC Campaign 3 Cold Export
8d374f7f5895d9f4,salvationarmyusa.org,The Salvation Army,Disability Australia Group; The Salvation Army Northern Division,10001+,https://salvationarmyusa.org,salvationarmyusa.org,Non-profit Organizations,,,"The Salvation Army is the nation's largest direct provider of social services. 

Annually, we help millions overcome poverty, addiction, and spiritual and economic hardships by preaching the gospel of Jesus Christ and meeting human needs in His name without discrimination in nearly every zip code. 

By providing food, shelter, eviction prevention assistance, emergency disaster relief, rehabilitation, after-school and summer youth programs, spiritual enrichment, and more, The Salvation Army is doing the most good at nearly 7,000 centers of operation around the country.

The Salvation Army, an international movement, is an evangelical part of the universal Christian church. Its message is based on the Bible. Its ministry is motivated by the love of God. Its mission is to preach the gospel of Jesus Christ and to meet human needs in His name without discrimination.",,,36972,,https://www.linkedin.com/company/salvationarmyus/,,NSW,Yes,No,A,11,1,3,Triple R NSW Campaign 3 Cold Export
86ef2c90ee342d57,creatinglinks.org.au,Creating Links,Fostering Our Ummah,51-200,https://creatinglinks.org.au,creatinglinks.org.au,Non-profit Organizations,,,"Creating Links delivers a diverse range of services in the areas of children & family, disability, financial counselling and fostering across the Greater Sydney area.

Creating Links is a medium sized organisation that has been a leading multicultural community service provider whilst maintaining a friendly, personable and individual client experience.

We pride ourselves on the cultural diversity of our staff and the flexible services we offer to ensure all members of the community regardless of age, religion, ability and culture can access the services and support you require.

Creating Links are committed to expanding services to the community through the following:

- Family & Children Services
- Foster Care
- Disability Services
- Financial Counselling Services

 Creating Links are an evolving, forward thinking organisation that values:
 
- The socially and culturally diverse community 
- The ability to create opportunities to provide services and programs
- Collaboration and partnership with various networks 
- Creating Links’ role in providing services in partnership with government",,,83,,https://www.linkedin.com/company/creating-links/,,NSW,Unclear,Yes,A,9,1,7,Triple R NSW Campaign 3 Cold Export
a15a1ed991cf10ef,bupa.com,Bupa,,10001+,https://www.bupa.com/,bupa.com,Hospitals and Health Care,,,"Established in 1947, Bupa's purpose is helping people live longer, healthier, happier lives and making a better world. 

We are an international healthcare company serving over 60 million customers worldwide. With no shareholders, we reinvest profits into providing more and better healthcare for the benefit of current and future customers. 

Bupa has businesses around the world, principally in Australia, the UK, Spain, Poland, Chile, Hong Kong SAR, India, Türkiye, Brazil, Mexico and New Zealand. We also have associate businesses11 in Saudi Arabia.

For more information, visit www.bupa.com",,,33195,,https://www.linkedin.com/company/bupauk/,,NSW,Unclear,No,A,5,1,1,Triple R NSW Campaign 3 Cold Export
bfe51162ed58231f,alliancecommunity.com.au,Alliance Community,Tegrity Services,51-200,https://alliancecommunity.com.au,alliancecommunity.com.au,Hospitals and Health Care,,,Australia's leading provider of premium community support. Supporting you to live the life you want.,,,109,,https://www.linkedin.com/company/catholic-healthcare-ltd/,,NSW,Yes,No,A,4,1,3,Triple R NSW Campaign 3 Cold Export
70291f42bbb551c0,elevatesupportcare.com.au,Elevate Support Care,,,https://elevatesupportcare.com.au/,elevatesupportcare.com.au,,,,,,,,,,,VIC,Yes,Yes,A,4,1,0,Triple R VIC Campaign 3 Cold Export
4c37a8923ca0d5cd,yooralla.com.au,Yooralla,,,https://www.yooralla.com.au/,yooralla.com.au,,,,,,,,,,,VIC,Yes,Yes,A,4,1,0,Triple R VIC Campaign 3 Cold Export
7c981a7e8ebd6020,amitycareservices.co.uk,Amity Care Services,,,https://www.amitycareservices.co.uk/,amitycareservices.co.uk,,,,,,,,,,,VIC,Yes,No,A,3,1,2,Triple R VIC Campaign 3 Cold Export
8e15399e916d2db5,assure-ability.com.au,Assure Ability,AbilityRUs,11-50,https://assure-ability.com.au,assure-ability.com.au,Hospitals and Health Care,,,"Assure Ability is a registered NDIS provider operating all over the Greater Sydney Region. Our teams of professionals and qualified employees focus on working with clients along with their family where quality of care and empathy form the foundation of successful relationships. We use a continual improvement approach to deliver high quality services in everything care and support. 

We provide a wide range of in-home, respite, community and nursing support services to adults and children with disabilities in Sydney and surrounding areas. Our highly experienced and qualified support workers & nurses provide, clients with physical disabilities and other challenges caused by illness or medical conditions, the best quality care and attention they deserve while maximising their independence and quality of life.

When you choose Assure Ability as your disability care provider, your loved one will receive the best care from highly trained support workers while staying in the comfort of their own home or in one of our well-equipped respite care centre. 

Our disability care support is available 24 hours a day, seven days a week; whenever you or your loved one with special needs require assistance.",,,35,,https://www.linkedin.com/company/assure-ability/,,NSW,Yes,Yes,A,3,1,3,Triple R NSW Campaign 3 Cold Export
000a25f659d3be5e,greatlakesbayhealthcenters.org,Bayside Health,,,https://greatlakesbayhealthcenters.org/bayside/,greatlakesbayhealthcenters.org,,,,,,,,,,,VIC,Unclear,No,A,3,1,0,Triple R VIC Campaign 3 Cold Export
fea3c7488ab5b87f,focusconnect.org.au,FOCUS Connect,,11-50,https://focusconnect.org.au,focusconnect.org.au,Non-profit Organizations,,,"Inclusion • Care • Community

For over 40 years, FOCUS Connect has been delivering inclusive, culturally responsive support to individuals and families in South West Sydney and beyond. Based in Campbelltown, we are a registered not-for-profit charity committed to empowering Multicultural, Culturally and Linguistically Diverse (CALD), and First Nations communities.
We provide personalised, community-driven services that strengthen independence, build connection, and support people across all life stages.
👉 “This year, FOCUS Connect supported more than 2,169 people across aged care and community services.”

🏡 Aged Care Services
As a registered Aged Care Provider, we offer multicultural support through the Commonwealth Home Support Programme and the Support at Home Program (formerly Home Care Packages) across South West Sydney and Northern Sydney. Our team provides tailored care that helps seniors live independently and with dignity.
Services include:
Housekeeping & Meal Preparation
Lawn Mowing & Gardening
Personal Care
Registered Nurse Clinical Care 
Nursing & Medication Management
Social & Community Support
Multicultural Support Groups
Respite for Carers
Home Maintenance & Modifications
Goods, Aids & Equipment

🧩 Community Support Services
Our holistic, culturally sensitive programs are designed to uplift and empower individuals and families from all walks of life, removing barriers, building relationships, and fostering long-term wellbeing.
Programs include:
Family & Individual Case Management
Supported Playgroups & Early Childhood Support

Parenting Programs & Workshops
HIPPY (Home Interaction Program for Parents and Youngsters)
NILs (No Interest Loans)
Emergency Relief & Financial Assistance (ER)
Food Relief (Dignity)

🌟 Why FOCUS Connect?
At FOCUS Connect, our bilingual and compassionate team delivers practical support that makes a real difference. We’re here to listen, guide, and stand beside our community, every step of the way.",,,34,,https://www.linkedin.com/company/focus-connect/,,NSW,Unclear,No,A,3,1,3,Triple R NSW Campaign 3 Cold Export
f603bdc5a8a7132a,independenttrucks.com,Independent,,,https://independenttrucks.com,independenttrucks.com,,,,,,,,,,,VIC,Unclear,No,A,3,1,0,Triple R VIC Campaign 3 Cold Export
369bfca0c57eb1d4,justbettercare.com,Just Better Care,,,https://www.justbettercare.com/,justbettercare.com,,,,,,,,,https://www.linkedin.com/company/just-better-care/,,NSW,Yes,Yes,A,3,1,2,Triple R NSW Campaign 3 Cold Export
2c267b0e2ef06dc9,osanability.com.au,OSAN ABILITY,OSAN ABILITY ASSIST,11-50,https://www.osanability.com.au/,osanability.com.au,Individual and Family Services,,,"OSAN Ability is a registered and approved provider of National Disability Insurance Scheme. 

At OSAN, we connect people with a disability, their family and carers with information and referrals to existing support services in the community. We provide individualised support to people with disability and assist in managing existing support systems.

Our aim is to assist older people and people living with a disability to achieve their goals, which includes includes linking in with community networks and associations, greater independence and improved well being.",,,41,,https://www.linkedin.com/company/osan-ability/,,NSW,Yes,Yes,A,3,1,2,Triple R NSW Campaign 3 Cold Export
5fc85c13045c3d3f,sjog.org.au,St John of God Health Care,St John of God Accord,,https://www.sjog.org.au/,sjog.org.au,Community Services,,,,,,,,,,VIC,Yes,No,A,3,1,0,Triple R VIC Campaign 3 Cold Export
32f06fca23f305a8,smhow.org.au,St Mary's House of Welcome,,,https://www.smhow.org.au,smhow.org.au,Non-profit Organizations,,,,,,,,,,VIC,Unclear,No,A,3,1,0,Triple R VIC Campaign 3 Cold Export
d628ee07becffad9,dffh.vic.gov.au,Victorian Department of Families,,,https://www.dffh.vic.gov.au/,dffh.vic.gov.au,,,,,,,,,,,VIC,Unclear,No,A,3,1,1,Triple R VIC Campaign 3 Cold Export
8aafc59992fb602d,windermere.org.au,Windermere Child and Family Services,,,https://www.windermere.org.au/,windermere.org.au,,,,,,,,,,,VIC,Yes,No,A,3,1,2,Triple R VIC Campaign 3 Cold Export
b0c1a192e8929352,yourside.org.au,Your Side Australia,Catholic Community Services. Northside Community Forum.,51-200,https://yourside.org.au,yourside.org.au,Individual and Family Services,,,"Your Side Australia (also known as North Side) is a leading provider of support services for older people, vulnerable seniors, and carers throughout Sydney. For 30 years we've kept our commitment to give people greater choice and to enhance their independence and wellbeing. 

Your Side provides personalised case management to arrange the care and support that allows older people and their families to get on with living a good life. Our consultants help clients navigate the complexities of the Aged Care system and ensure they get the most from their funding with the right, quality-checked support services. Your Side is a not-for-profit aged care provider - all income surplus is invested back into the organisation and services we provide. We continuously strive to improve our model: with client’s needs at the centre, supporting people through key life changes, and building integrated pathways with the wider health and community services system.

Our vision is that every life can be a good one. 

Follow us on Facebook
https://www.facebook.com/yoursideaus/
or Instagram 
https://www.instagram.com/yoursideaustralia/",,,73,,https://www.linkedin.com/company/yoursideaustralia/,,NSW,Unclear,Yes,A,3,1,3,Triple R NSW Campaign 3 Cold Export
141b95323a1f2c9e,abis.org.au,Acquired Brain Injury Services,Access Brain Injury Services,,No website found,abis.org.au,,,,,,,,,,,NSW,Yes,No,A,2,1,0,Triple R NSW Campaign 3 Cold Export
1e4aaee4c056bcd0,bcyf.org.au,BCYF Barwon Child,Barwon Youth,,https://www.bcyf.org.au,bcyf.org.au,,,,,,,,,,,VIC,Unclear,Yes,A,2,1,0,Triple R VIC Campaign 3 Cold Export
21a3e8bc44a7b762,bloomfieldcare.com.au,Bloomfield Care Services,,11-50,https://bloomfieldcare.com.au,bloomfieldcare.com.au,Hospitals and Health Care,,,"Bloomfield Care Services is a recognised accredited service that provides NDIS Support Services and Aged Care services to participants throughout the greater Sydney region of NSW. Our specialised team of registered nurses, support workers, carers and specialists who together aim to empower participants to live life as independently as possible and offer a vast variety of care supports to help them achieve their life goals.",,,27,,https://www.linkedin.com/company/bloomfield-care-services/,,NSW,Yes,Yes,A,2,1,1,Triple R NSW Campaign 3 Cold Export
8f851083dca660d9,claro.com,CLARO,Claro,,https://www.claro.com/,claro.com,,,,,,,,,,,VIC,Unclear,No,A,2,1,0,Triple R VIC Campaign 3 Cold Export
6815391f49fef811,cofc.com.au,Churches of Christ in Queensland,Cabemcare,1001-5000,https://cofc.com.au,cofc.com.au,Non-profit Organizations,,,"Churches of Christ is a church and community organization that includes a group of affiliated, mainstream Christian churches and a range of care and community services and faith-related groups. 

We have been an active part of the community for more than 130 years and are a significant presence within Queensland with over 200 services in more than 100 communities; we also work in partnership with Churches of Christ in Victoria and Tasmania to provide care services in those states through Churches of Christ.

Through our local churches and care and support services we touch tens of thousands of lives each year. We strive to create an inclusive, caring, compassionate environment that meets our clients’ needs without discrimination or prejudice. 

Everyone is welcome to call on our help, regardless of religion, beliefs or background. Our services are funded by a mix of government subsidies, grants, donations, fees and charges.

Identity: Our identity, existence and purpose as an organisation is found in Jesus Christ as revealed in the scriptures.

Values: Modelling unconditional love, behaving with integrity and being good stewards.

Mission: Bringing the light of Christ into communities.

Services: We provide services across Seniors and Supported Living - Residential Aged Care, Home Care and Retirement Living; Children, Youth and Family - Foster and Kinship Care; Housing Support - affordable housing options.",,,1279,,https://www.linkedin.com/company/cabemcare/,,NSW,No,No,A,2,1,1,Triple R NSW Campaign 3 Cold Export
c36386250a4785ae,cre8away.com.au,Cre8Away,,2-10,https://cre8away.com.au,cre8away.com.au,Hospitals and Health Care,,,NDIS Registered Service Provider covering the Blue Mountains and Central West,,,4,,https://www.linkedin.com/school/university-of-sydney/,,NSW,No,No,A,2,1,1,Triple R NSW Campaign 3 Cold Export
76ff175e49ad6ce7,ethicalcoordinationofsupports.com.au,Ethical Coordination Of Supports,,2-10,https://ethicalcoordinationofsupports.com.au,ethicalcoordinationofsupports.com.au,,,2001-01-10T00:00:00.000Z,,,,3,,https://www.linkedin.com/company/ethical-coordination-of-supports/,,NSW,Yes,No,A,2,1,2,Triple R NSW Campaign 3 Cold Export
6f8bfc6295e444b4,glch.org.au,Gippsland Lakes Community Health,Gippsland Lakes Complete Health,,https://glch.org.au/,glch.org.au,,,,,,,,,,,VIC,Yes,Yes,A,2,1,0,Triple R VIC Campaign 3 Cold Export
76154d896372d76c,intentionalconnections.net,Intentional Connections,,,https://intentionalconnections.net,intentionalconnections.net,,,,,,,,,https://www.linkedin.com/company/intentionalconnections1/,,NSW,Unclear,No,A,2,1,1,Triple R NSW Campaign 3 Cold Export
714a7d1a8a9f74b5,msaustralia.org.au,MS Australia,,51-200,https://msaustralia.org.au,msaustralia.org.au,Non-profit Organizations,,,"We are MS Australia, Australia’s national multiple sclerosis (MS) not-for-profit organisation that empowers researchers to identify ways to treat, prevent and cure MS, seeks sustained and systemic policy change via advocacy, and acts as the champion for Australia’s community of people affected by MS.

We are the largest Australian not-for-profit organisation dedicated to funding, coordinating, educating and advocating for MS research as part of the worldwide effort to solve MS.",,,112,,https://www.linkedin.com/company/ms-australia/,,NSW,Unclear,No,A,2,1,0,Triple R NSW Campaign 3 Cold Export
e9991535b4495bc3,myguidance.com.au,My Guidance,,2-10,https://myguidance.com.au,myguidance.com.au,Community Services,,2001-01-10T00:00:00.000Z,"Welcome to My Guidance Pty LTD, your trusted partner in navigating the complexities of the NDIS. We specialise in delivering top-tier NDIS Support Coordination and Psychosocial Recovery Coaching across Australia.
 
With decades of professional experience in the disability field, we are dedicated to providing some of the best supports available in the country. Our team consists of dynamic, empathetic professionals who are passionate about making a difference. We understand the importance of personalised, high-quality support and are committed to helping you navigate your NDIS journey with confidence.",,,5,,https://www.linkedin.com/company/myguidanceaustralia/,,NSW,Unclear,No,A,2,1,2,Triple R NSW Campaign 3 Cold Export
a6da61e62dbdda9e,newhorizons-llc.com,New Horizons Enterprises,,,https://newhorizons-llc.com,newhorizons-llc.com,,,,,,,,,https://www.linkedin.com/company/new-horizons-enterprises-limited/,,NSW,Unclear,No,A,2,1,1,Triple R NSW Campaign 3 Cold Export
5eb995ea63865d7d,nolastraysupport.com.au,Nolastray Support,,,https://www.nolastraysupport.com.au/,nolastraysupport.com.au,,,,,,,,,,,VIC,No,Yes,A,2,1,2,Triple R VIC Campaign 3 Cold Export
b1a1f13df13f3aa2,philterryhealthcare.com.au,Phil Terry Healthcare Service,Phil Terry Healthcare,11-50,https://philterryhealthcare.com.au,philterryhealthcare.com.au,Community Services,,2001-11-20T00:00:00.000Z,,,,16,,https://www.linkedin.com/company/phil-terry-healthcare-pty-ltd/,,NSW,Unclear,Yes,A,2,1,1,Triple R NSW Campaign 3 Cold Export
1f6d622e1c9aa566,cg.org.au,Premier Youthworks,CatholicCare,51-200,https://cg.org.au,cg.org.au,,,,,,,172,,https://www.linkedin.com/company/catholiccare/,,NSW,Yes,Yes,A,2,1,1,Triple R NSW Campaign 3 Cold Export
cf17f7183a51577e,sagesc.org,Sage Support Coordination,,,https://sagesc.org/,sagesc.org,,,,,,,,,,,VIC,No,No,A,2,1,0,Triple R VIC Campaign 3 Cold Export
bb05c85680c645b7,scia.org.au,Spinal Cord Injuries Au,My Journey Australia,51-200,https://scia.org.au,scia.org.au,Non-profit Organizations,,,"Spinal Cord Injuries Australia supports people with spinal cord injury to overcome barriers to achieve their goals.

Spinal Cord Injuries Australia (SCIA) is a not-for-profit organisation working for people with spinal cord injury (SCI). Individuals with SCI and similar disabilities use our community-based services to overcome barriers, achieve their goals and live fulfilling personal, social and professional lives.

Our NeuroMoves gyms, located nationally, offer a range of exercise services to suit individual goals and also budget. The exercise services are tailored to work around specific disability in order to enhance  function and mobility, and increase  independence. 

SCIA can help anyone with a physical or neurological condition, such as spinal cord injury (paraplegia and quadriplegia), acquired brain injury (ABI), stroke, Transverse Myelitis, Multiple Sclerosis (MS), Motor Neurone Disease (MND) and Cerebral Palsy (CP).",,,144,,https://www.linkedin.com/company/my-journey-australia/,,NSW,Unclear,Yes,A,2,1,1,Triple R NSW Campaign 3 Cold Export
858b73124f2a8137,sydneymcs.org.au,Sydney Multicultural Community Services,,,https://www.sydneymcs.org.au/,sydneymcs.org.au,,,,,,,,,https://www.linkedin.com/company/sydneymcs/,,NSW,Yes,Yes,A,2,1,0,Triple R NSW Campaign 3 Cold Export
78fc4de886e47bcb,srac.ngo,Sydney Region Aboriginal,,,https://www.srac.ngo/,srac.ngo,,,,,,,,,,,NSW,Yes,No,A,2,1,1,Triple R NSW Campaign 3 Cold Export
31e276db47390851,thejunctionworks.org,The Junction Works,,51-200,https://thejunctionworks.org,thejunctionworks.org,Individual and Family Services,,,"Starting off as a small organisation with big ideas, The Junction Works began providing services to young, isolated, people from a caravan in 1987. Today, the community charity has grown to provide disability, youth, children’s, and community services across 18 locations.
All services are delivered in line with our mission, to Create New Possibilities in People's Lives, and we are proud of the difference we make thanks to the support of a dynamic and rapidly expanding team of staff.
The Junction Works values compassion and kindness in its staff along with an ability to support our participants to live a rewarding life where they participate in community and enjoy social inclusion. Our focus on professional development and a career pathway for staff, a safe workplace with consistent ratios and engaging programs for participants means that we are able to employ outstanding staff which supports us to deliver outstanding results.


To find out more, visit our website www.thejunctionworks.org for a full list of our service solutions.

CONTACT

The Junction Works Ltd
135 Thirteenth Avenue
AUSTRAL 2179

Phone:  8777 0500
Email:  info@thejunctionworks.org",,,84,,https://www.linkedin.com/company/the-junction-works/,,NSW,Yes,Yes,A,2,1,0,Triple R NSW Campaign 3 Cold Export
77ae574a45fda58a,vidaconnects.com.au,Vida Connects,,,https://www.vidaconnects.com.au,vidaconnects.com.au,,,,,,,,,,,NSW,Yes,No,A,2,1,1,Triple R NSW Campaign 3 Cold Export
adf4d56f5f1adfb7,voyagesupport.com.au,Voyage Support,,,https://voyagesupport.com.au/,voyagesupport.com.au,,,,,,,,,,,VIC,Yes,Yes,A,2,1,1,Triple R VIC Campaign 3 Cold Export
2bf522ea94e1e6d3,wallara.com.au,Wallara Australia,,,https://wallara.com.au/,wallara.com.au,,,,,,,,,,,VIC,Yes,No,A,2,1,0,Triple R VIC Campaign 3 Cold Export
52afc3429827d22e,westerncoordinationplus.com.au,Western Coordination Plus,,,https://westerncoordinationplus.com.au/,westerncoordinationplus.com.au,,,,,,,,,,,VIC,No,No,A,2,1,0,Triple R VIC Campaign 3 Cold Export
ee58cb2569e8427d,annecto.org.au,annecto-the people network,annecto,,https://www.annecto.org.au,annecto.org.au,,,,,,,,,,,VIC,Unclear,No,A,2,1,1,Triple R VIC Campaign 3 Cold Export
465db667a3a66201,ndis.co.kr,ndis,NDIS,1,https://ndis.co.kr,ndis.co.kr,,,2001-01-10T00:00:00.000Z,,,,1,,,,NSW,Yes,No,A,2,1,0,Triple R NSW Campaign 3 Cold Export
0df4ac235f06697b,2hands.org,2Hands Care,,,https://2hands.org/,2hands.org,,,,,,,,,,,NSW,Unclear,No,A,1,1,0,Triple R NSW Campaign 3 Cold Export
6dd3d15a5cca4636,9dcare.com.au,9D Care,,,https://www.9dcare.com.au,9dcare.com.au,,,,,,,,,,,VIC,Yes,Yes,A,1,1,0,Triple R VIC Campaign 3 Cold Export
6e544e1b4ea1be37,acna.org,ACNA,,,https://www.acna.org/,acna.org,,,,,,,,,,,NSW,Yes,No,A,1,1,1,Triple R NSW Campaign 3 Cold Export
3a9ededdcca408c7,weareact3.com,ACTS 3,,,https://weareact3.com,weareact3.com,,,,,,,,,,,VIC,Unclear,No,A,1,1,0,Triple R VIC Campaign 3 Cold Export
522743e4212c4b2c,abbeena.au,Abbeena,,,http://abbeena.au/,abbeena.au,,,,,,,,,https://www.linkedin.com/company/abbeena/,,NSW,No,No,A,1,1,0,Triple R NSW Campaign 3 Cold Export
3563565b4f7f13ef,allabilitiesactive.com,Ability Active,,,https://allabilitiesactive.com,allabilitiesactive.com,,,,,,,,,https://www.linkedin.com/search/results/all/?keywords=Ability+Active,,NSW,Unclear,No,A,1,1,1,Triple R NSW Campaign 3 Cold Export
91f71562c7e86247,abilityconnect.app,Ability Connect,,,https://abilityconnect.app/,abilityconnect.app,,,,,,,,,,,NSW,Unclear,No,A,1,1,1,Triple R NSW Campaign 3 Cold Export
263df89fa163ab9d,abilityconnection.org,Ability Connect,,,https://abilityconnection.org/,abilityconnection.org,,,,,,,,,https://www.linkedin.com/company/ability-connect/,,NSW,Unclear,Yes,A,1,1,0,Triple R NSW Campaign 3 Cold Export
b7c70898d90f5bb3,facebook.com,Above & Beyond Coordination & Support Services,,,https://www.facebook.com/aboveandbeyondcoordinationandsupport/,facebook.com,,,,,,,,,https://www.linkedin.com/company/mableaustralia/,,NSW,No,No,A,1,1,0,Triple R NSW Campaign 3 Cold Export
561c2ac70a71d571,absolutesc.com.au,Absolute Coordination,,,No website found,absolutesc.com.au,,,,,,,,,https://www.linkedin.com/company/absolute-coordination/,,NSW,Unclear,Yes,A,1,1,0,Triple R NSW Campaign 3 Cold Export
605be3604792c51c,adsi.org.au,Accessible Diversity Services Initiative,,11-50,https://adsi.org.au,adsi.org.au,Non-profit Organizations,,,"We are a community based, non-profit organisation established to promote the principles of multiculturalism, access, equity and social justice and committed to developing strategies for all Australians, especially special needs groups such as refugees, women, youth, children, families, the elderly, the unemployed, the homeless and people with a disability.",,,28,,https://www.linkedin.com/search/results/all/?keywords=Warerfront+Medical+Centre,,NSW,Yes,Yes,A,1,1,0,Triple R NSW Campaign 3 Cold Export
8827a4c04ed2a478,acclaimedcss.com.au,Acclaimed Community Support Services,,,https://acclaimedcss.com.au,acclaimedcss.com.au,,,,,,,,,,,VIC,Yes,No,A,1,1,0,Triple R VIC Campaign 3 Cold Export
7a2e8d1c8830d137,actonability.com.au,Act on Ability,,2-10,https://actonability.com.au,actonability.com.au,Strategic Management Services,,2001-01-10T00:00:00.000Z,"Act On Ability consults and acts to create opportunities for individuals and groups to shape their own futures. We offer personalised NDIS support coordination, creative capacity building programs, and consult with business and organisations to help them navigate the NDIS space.",,,3,,https://www.linkedin.com/company/actonability/,,NSW,No,Yes,A,1,1,1,Triple R NSW Campaign 3 Cold Export
c34c12dfcf85e385,actionability.com.au,Action Ability,,,https://actionability.com.au/,actionability.com.au,,,,,,,,,https://www.linkedin.com/search/results/all/?keywords=Action+Ability,,NSW,No,Yes,A,1,1,1,Triple R NSW Campaign 3 Cold Export
aa7fd15865c61bc5,actionable.co,Actionability,,,https://actionable.co/,actionable.co,,,,,,,,,,,VIC,No,No,A,1,1,0,Triple R VIC Campaign 3 Cold Export
efbe0d7b8bdc6282,thesilcompany.com.au,Actionability,,11-50,https://thesilcompany.com.au,thesilcompany.com.au,Hospitals and Health Care,,2001-11-20T00:00:00.000Z,"All-inclusive NDIS-registered care provider.
🧡 Supported Independent Living
👨👩👧👦 Community & recreational services
🎓 Social & learning programs
🏡 Disability Accommodation",,,13,,https://www.linkedin.com/search/results/all/?keywords=ActionAbility,,NSW,No,No,A,1,1,1,Triple R NSW Campaign 3 Cold Export
a8e18664555d41bf,allarasupportservices.com.au,Advance Disability Services & Respite,,11-50,https://allarasupportservices.com.au,allarasupportservices.com.au,Community Services,,,"At Allara Support Services, we deliver Australia’s leading Independent Living Services with passion, purpose, and over a decade of proven experience. We’re not here to play it safe — we’re here to break the mould. We challenge outdated views of disability, push boundaries, and pioneer innovative, high-quality support. At Allara, we’re building a vibrant, inclusive community where people feel empowered to be themselves and live life to the fullest. Every step of the way, we’ve got your back.",,,37,,https://www.linkedin.com/company/advance-disability-services-respite-adsr/,,NSW,Yes,No,A,1,1,1,Triple R NSW Campaign 3 Cold Export
fa002faa73f6e779,alive905.com.au,Alive Care Australia,,11-50,https://alive905.com.au,alive905.com.au,Media Production and Publishing,,,"Alive 90.5 is a successful community radio station serving the Sydney areas of Hills, Parramatta and Cumberland

Our music? Most of the weekdays from 6am to 6pm we play classic hits. We also have many specialty programs covering hits from the past, smooth jazz, country, blues and foreign-language music.

You can listen online with Live Streaming, listen via your iPhone with our  iPhone app, or download the best bits to listen again with Podcasting on demand.

Your sound, your community .... Alive 90.5FM! 
Contact us at mail@alive905.com.au",,,49,,,,NSW,Yes,Yes,A,1,1,1,Triple R NSW Campaign 3 Cold Export
162132ec71ee7697,alive4life.com.au,Alive4life Disability Services,,2-10,https://alive4life.com.au,alive4life.com.au,Individual and Family Services,,2001-01-10T00:00:00.000Z,"Alive4Life is a Disability Service offering a unique suite of community, clinical and natural health services. We cater to the South-West Sydney region and are registered and accredited in allied health, NDIS services, alternative and natural health services.",,,7,,https://www.linkedin.com/company/baptistcare/,,NSW,Yes,No,A,1,1,1,Triple R NSW Campaign 3 Cold Export
1d69feb3bc9087b1,allcare.org,All Care Community Care,,,https://allcare.org/,allcare.org,,,,,,,,,,,VIC,Yes,Yes,A,1,1,0,Triple R VIC Campaign 3 Cold Export
3db8030029a4413d,connectonline.asic.gov.au,All Inclusive Support Coordination,,,https://connectonline.asic.gov.au/RegistrySearch/bySearchId.jsp?searchId=670308086&searchIdType=BUSN,connectonline.asic.gov.au,,,,,,,,,https://www.linkedin.com/search/results/all/?keywords=All+Inclusive+Support+Coordination,,NSW,Yes,No,A,1,1,0,Triple R NSW Campaign 3 Cold Export
503b35d28c3720f3,allsupportservicing.com,All Supports & Services,,,https://allsupportservicing.com/,allsupportservicing.com,,,,,,,,,,,NSW,Yes,No,A,1,1,0,Triple R NSW Campaign 3 Cold Export
31238c9e53aaf8af,allambicare.org.au,Allambi Care,,201-500,https://allambicare.org.au,allambicare.org.au,Individual and Family Services,,,"Allambi is a leading provider of Youth and Disability Services and support in Newcastle, the Central Coast, Hunter Region, Northern NSW and Victoria. Allambi’s high quality services also include Foster Care, Respite and Community Support. Our Disability Services include Accommodation, Respite Care, Clinical Support and much more.",,,303,,https://www.linkedin.com/company/allambic/,,NSW,Yes,Yes,A,1,1,1,Triple R NSW Campaign 3 Cold Export
351d3933351448f0,alleviatesupport.com.au,Alleviate Support,,,https://www.alleviatesupport.com.au/,alleviatesupport.com.au,,,,,,,,,https://www.linkedin.com/search/results/all/?keywords=Alleviate+Support,,NSW,Yes,No,A,1,1,0,Triple R NSW Campaign 3 Cold Export
092776bef06c2f03,adcservice.com.au,Alphacare Services,,,https://adcservice.com.au/,adcservice.com.au,,,,,,,,,,,VIC,Yes,No,A,1,1,0,Triple R VIC Campaign 3 Cold Export
497470b52aab4344,amanacommunityservices.com,Amana Community Services,,,https://amanacommunityservices.com/,amanacommunityservices.com,,,,,,,,,,,NSW,Yes,Yes,A,1,1,0,Triple R NSW Campaign 3 Cold Export
33d6ccbb22e166e7,anala.com,Anala,,,https://anala.com,anala.com,,,,,,,,,https://www.linkedin.com/search/results/all/?keywords=Anala,,NSW,Yes,No,A,1,1,1,Triple R NSW Campaign 3 Cold Export
48b4c8da29601040,andersenwindows.com,Andersen,,,https://andersenwindows.com,andersenwindows.com,,,,,,,,,,,VIC,No,No,A,1,1,0,Triple R VIC Campaign 3 Cold Export
674d90502bd619d1,apexcare.com,Apex Care,,,https://apexcare.com/,apexcare.com,,,,,,,,,,,VIC,Yes,No,A,1,1,0,Triple R VIC Campaign 3 Cold Export
36978482980a52a4,araluenartscentre.nt.gov.au,Araluen Centre,,,https://araluenartscentre.nt.gov.au/,araluenartscentre.nt.gov.au,,,,,,,,,,,VIC,No,Yes,A,1,1,0,Triple R VIC Campaign 3 Cold Export
cd6c5525cfcfc7a1,arumahome.com,Aruma,,,https://arumahome.com/,arumahome.com,,,,,,,,,,,NSW,Unclear,No,A,1,1,0,Triple R NSW Campaign 3 Cold Export
183bffffcf0eefb3,arumastudios.com,Aruma,,,https://arumastudios.com/,arumastudios.com,,,,,,,,,,,NSW,Yes,Yes,A,1,1,0,Triple R NSW Campaign 3 Cold Export
e1d4b38217a8bb9b,assistabilityaustralia.com.au,Assist Ability Australia,,,https://assistabilityaustralia.com.au/,assistabilityaustralia.com.au,,,,,,,,,,,VIC,Yes,Yes,A,1,1,1,Triple R VIC Campaign 3 Cold Export
d0b05b00e2b9f7b1,assistservices.com.au,Assist Disability Services,,2-10,https://assistservices.com.au,assistservices.com.au,Mental Health Care,,2001-01-10T00:00:00.000Z,"Assist Disability Services proudly provides behaviour support intervention for participants with challenging behaviours. Behaviour support focuses on creating personalised strategies that are responsive to the individual’s needs.

Our mission is two-fold; to make the NDIS easy, and build enduring relationships within our safe and trusted community. Our team is committed to supporting all NDIS participants toward reaching their goals.",,,7,,https://www.linkedin.com/company/assist-disability-services/,,NSW,No,Yes,A,1,1,1,Triple R NSW Campaign 3 Cold Export
6787684685a0db9e,auroracoordination.com.au,Aurora Coordination,,,https://auroracoordination.com.au,auroracoordination.com.au,Hospitals and Health Care,,2001-01-10T12:00:00.000Z,,,,,,,,VIC,No,No,A,1,1,0,Triple R VIC Campaign 3 Cold Export
fb06e159afbcfe61,ausdisability.com.au,Australian Disability Services,,,https://ausdisability.com.au/,ausdisability.com.au,,,,,,,,,,,NSW,Yes,No,A,1,1,1,Triple R NSW Campaign 3 Cold Export
7f3eafae4715c373,australianhealthandcommunityservices.com,Australian Health and Community Services,,,https://www.australianhealthandcommunityservices.com/,australianhealthandcommunityservices.com,,,,,,,,,,,NSW,Yes,Yes,A,1,1,0,Triple R NSW Campaign 3 Cold Export
e96c433ca68910f2,autismassist,Autism Assist,,,No website found,autismassist,,,,,,,,,,,VIC,Yes,Yes,A,1,1,0,Triple R VIC Campaign 3 Cold Export
63cd690abf98d6db,avemaria.edu,Ave Maria,,,https://www.avemaria.edu/,avemaria.edu,,,,,,,,,,,NSW,Yes,Yes,A,1,1,0,Triple R NSW Campaign 3 Cold Export
3e666a16fcb87fe2,chevrolet.com,Aveo,,,https://www.chevrolet.com/vehicles/aveo,chevrolet.com,,,,,,,,,,,VIC,No,Yes,A,1,1,1,Triple R VIC Campaign 3 Cold Export
b5d31351f2585ca4,axissuppports.com.au,Axis Supports,,2-10,https://axissuppports.com.au,axissuppports.com.au,Hospitals and Health Care,,2001-01-10T00:00:00.000Z,"Since our story began, our commitment has always been to amplify our clients' voices, honouring their individuality and accommodating their diverse preferences and support needs. Our ethos is rooted in empathy and the celebration of uniqueness. We believe in the immense power of personalised strategy - one that cherishes and respects each client's distinctive journey.

We pride ourselves on our ability to listen actively, demonstrating deep understanding and compassion towards our clients. We don't just see you as another number; you're a cherished partner with unique goals and dreams that we are determined to help you realise. Your needs are our mission, your success, our triumph.

Our strategy is tailored to you; it's flexible, dynamic, and evolves with your evolving needs. This begins with acknowledging your unique preferences and comprehending your support needs, forming the foundation of a genuinely personal strategy that empowers you to reach your goals and relish the journey too.

We strive to create an environment where individuality is celebrated, empathy is inherent, and empowerment is our shared goal. We are here to support you, cheer you on, and ensure that the path to achieving your goals is as enjoyable as the destination itself. We're not just your ally but your partner on this journey. Welcome to our strategy, where you are at the heart of everything we do.",,,10,,https://www.linkedin.com/company/axissupports/,,NSW,Yes,Yes,A,1,1,1,Triple R NSW Campaign 3 Cold Export
cda708c8ca2e187b,bannisterinhomecare.com.au,Bannister In Home Care,,11-50,https://bannisterinhomecare.com.au,bannisterinhomecare.com.au,Home Health Care Services,,2001-11-20T00:00:00.000Z,"Approved Home Care Package and NDIS Provider

with offices in Sydney, NSW Mid North Coast, Brisbane and Gold Coast

We provide a range of services to help Seniors live in their own home easier and safely.

Personal Care
Domestic Assistance (Housework)
Shopping
Meal Preparation
Transport
Respite for Carers
Companionship
Community Access

As well as access to services such as

Physiotherapy
Gardening
Podiatry
Professional Cleaners
and more...

We accept clients with Home Care Packages and also Private Clients

Call our friendly office for any questions you may have",,,18,,https://www.linkedin.com/search/results/all/?keywords=Bannister+In+Home+Care,,NSW,Yes,Yes,A,1,1,1,Triple R NSW Campaign 3 Cold Export
9bf0da2e9fc3fdf9,beautifulmindsnyc.com,Beautiful Busy Minds,,,https://beautifulmindsnyc.com/,beautifulmindsnyc.com,,,,,,,,,,,VIC,No,No,A,1,1,0,Triple R VIC Campaign 3 Cold Export
7809a948cd146bd3,believeability.com.au,Believeability,,,https://www.believeability.com.au/,believeability.com.au,,,,,,,,,https://www.linkedin.com/company/mndnsw/,,NSW,Unclear,No,A,1,1,1,Triple R NSW Campaign 3 Cold Export
56afab91a62dd8fa,bestacare.com,Bestacare,,,https://www.bestacare.com/,bestacare.com,,,,,,,,,,,VIC,Yes,Yes,A,1,1,0,Triple R VIC Campaign 3 Cold Export
b4296430c4428c25,betteraustralia.org,Better Australia,,,https://betteraustralia.org/,betteraustralia.org,,,,,,,,,,,VIC,Unclear,No,A,1,1,0,Triple R VIC Campaign 3 Cold Export
fe752509dc0f14cb,bcdisability.com.au,Better Care Disability Services,,2-10,https://bcdisability.com.au,bcdisability.com.au,Individual and Family Services,,2001-01-10T00:00:00.000Z,"Disability can be debilitating without proper care and support. The government funded NDIS aims to financially support and improve the lives of people with disability. But accessing the services can be at the best of times overwhelming and daunting. Better Care can help you find the best services available and manage your NDIS plan ensuring that you or the person you care for achieves the best possible outcome.

We specialize in a wide range of services and support ranging from home care, travel and transport support, employment and tenant assistance, development of personal skills and much more. So please give us a call and talk to one of our compassionate staffs to organize a free consultation session.",,,5,,https://www.linkedin.com/company/better-care-disability-services/,,NSW,Yes,Yes,A,1,1,0,Triple R NSW Campaign 3 Cold Export
7085f672c8312a3b,beyondabilities.com.au,Beyond Abilities,,2-10,https://beyondabilities.com.au,beyondabilities.com.au,Recreational Facilities,,2001-01-10T00:00:00.000Z,"We believe that there is no such thing as disability, only DIFFERENT ABILITIES. We are a small organisation made up of industry professionals that have noticed the gap between recreational and travel services for people of all abilities. We acknowledged the need for services to fill those gaps and made a commitment to ensure these services were provided. We offer social and recreation activities and skill development programs, as well as domestic and international travel that encourages and supports people of any ability. Our services aim to build long lasting friendships, improve social interaction and independence, decrease isolation and build life skills, while having fun exploring and experiencing Australia and the world.",,,10,,https://www.linkedin.com/search/results/all/?keywords=Beyond+Abilities,,NSW,Unclear,No,A,1,1,1,Triple R NSW Campaign 3 Cold Export
6d70fcb62d7ef6c7,bluestep.net,Blue Step Support Services,,,https://www.bluestep.net/,bluestep.net,,,,,,,,,https://www.linkedin.com/search/results/all/?keywords=Blue+Step+Support+Services,,NSW,Unclear,No,A,1,1,0,Triple R NSW Campaign 3 Cold Export
cc9ccd293032e62a,bluewing.care,BlueWing Care Professionals,,11-50,https://bluewing.care,bluewing.care,Hospitals and Health Care,,,"Blue Wing Care delivers personalised therapy and hands-on support work that turn everyday challenges into milestones. Our multidisciplinary team of OTs, speechies and experienced support workers partners with NDIS participants and their families to build skills, confidence and community connection.

Whether it’s mastering daily living tasks, improving mobility, boosting communication or simply getting out and about, we meet each client where they are and walk beside them towards their goals. Practical know-how, genuine care and evidence-based practice - so people with disability can live life on their terms, every single day.",,,47,,https://www.linkedin.com/company/bluewingcareprofessionals/,,NSW,Yes,Yes,A,1,1,1,Triple R NSW Campaign 3 Cold Export
a1472320c09e2463,brainlink.org.au,BrainLink Services,,,https://www.brainlink.org.au/,brainlink.org.au,,,,,,,,,,,VIC,Unclear,No,A,1,1,0,Triple R VIC Campaign 3 Cold Export
a7edc81e434f149c,shnc.org,Breakthru,,11-50,https://shnc.org,shnc.org,Non-profit Organizations,,2001-11-20T00:00:00.000Z,,,,14,,https://www.linkedin.com/company/breakthruau/,,NSW,Unclear,No,A,1,1,1,Triple R NSW Campaign 3 Cold Export
114daedbad275092,bridgeways.org,BridgeWays SupportCoordination,,,https://bridgeways.org,bridgeways.org,,,,,,,,,https://www.linkedin.com/company/bridgeways-supportcoordination/,,NSW,Unclear,No,A,1,1,0,Triple R NSW Campaign 3 Cold Export
02f66828dc29fc54,bridgesalliance.com.au,Bridges Alliance,,11-50,https://bridgesalliance.com.au,bridgesalliance.com.au,Community Services,,2001-11-20T00:00:00.000Z,"Bridges Alliance is your NDIS service provider that delivers a range of personalised services in the areas of disability support in NSW - South Western Sydney, Wollondilly, Wingecarribee and Sutherland Shires, St George and the Illawarra region.",,,12,,https://www.linkedin.com/search/results/all/?keywords=Bridges+Alliance,,NSW,Unclear,Yes,A,1,1,1,Triple R NSW Campaign 3 Cold Export
d0bdd62ca7e8edc3,bridgeshcc.org.au,Bridges Health & Community Care,,,https://www.bridgeshcc.org.au/,bridgeshcc.org.au,,,,,,,,,,,VIC,Unclear,No,A,1,1,0,Triple R VIC Campaign 3 Cold Export
e49326d27d1c79ba,bridgescare.com.au,Bridges care disability and mental health services,,,https://www.bridgescare.com.au/,bridgescare.com.au,,,,,,,,,,,VIC,Yes,Yes,A,1,1,0,Triple R VIC Campaign 3 Cold Export
ba654cca1b9826df,beei.com.au,Bright Eyes Early Intervention,,,https://beei.com.au,beei.com.au,,,,,,,,,https://www.linkedin.com/company/bright-eyes-early-intervention/,,NSW,Yes,Yes,A,1,1,1,Triple R NSW Campaign 3 Cold Export
7e9726664823440f,brightlifecare.com.au,Bright Life Care,,11-50,https://brightlifecare.com.au,brightlifecare.com.au,Hospitals and Health Care,,2001-11-20T00:00:00.000Z,"Bright Life Care, a certified provider of NDIS services, delivers an extensive array of adaptable and diverse services cantered on families, aimed at enhancing the lives of individuals with disabilities or special needs.",,,11,,https://www.linkedin.com/company/bright-life-care/,,NSW,Yes,Yes,A,1,1,0,Triple R NSW Campaign 3 Cold Export
4657168e09683eb1,brilliant.care,Brilliant Care,,,https://brilliant.care/,brilliant.care,,,,,,,,,https://www.linkedin.com/search/results/all/?keywords=Brilliant+Care,,NSW,Unclear,No,A,1,1,0,Triple R NSW Campaign 3 Cold Export
310ac78ff16a2d3b,buddyassist.io,Buddy Assist,,,https://buddyassist.io/,buddyassist.io,,,,,,,,,,,VIC,Unclear,Yes,A,1,1,0,Triple R VIC Campaign 3 Cold Export
93ed667ecb190940,coreassist.com.au,COREASSIST DISABILITY SERVICES,,2-10,https://coreassist.com.au,coreassist.com.au,Consumer Services,,2001-01-10T00:00:00.000Z,"Information is key to understanding everything about the National Disability Insurance Scheme. Visit our website to gain an insight into how you can maximise your NDIS funding and gain more out of our NDIS Services. 

COREASSIST is a registered NDIS provider tailored for the communities needs providing the support and care services to eligible NDIS participants.",,,8,,https://www.linkedin.com/company/coreassistdisability/,,NSW,Yes,No,A,1,1,0,Triple R NSW Campaign 3 Cold Export
abe41404d266c6e6,csmservicesau.com,CSM Services Australia,,2-10,https://www.csmservicesau.com/,csmservicesau.com,Hospitals and Health Care,,2001-01-10T00:00:00.000Z,"Through support coordination we guide individuals and families through the complexities of the National Disability Insurance Scheme (NDIS). 

We provide personalised assistance in navigating the NDIS process, ensuring access to the right supports and services tailored to each person's unique needs. 

For participants we’ll assist you with provider connections for ongoing support, and for those providers we also provide admin support staff for all your paperwork needs. 

We are dedicated to empowering our clients to achieve their goals and enhance their quality of life.",,,2,,https://www.linkedin.com/company/csm-services-australia/,,NSW,Yes,No,A,1,1,1,Triple R NSW Campaign 3 Cold Export
07c754db37c56114,cambre.com.au,Cambre Inclusive Solutions,,,https://www.cambre.com.au/,cambre.com.au,,,,,,,,,https://www.linkedin.com/company/cambre-inclusive-solutions/,,NSW,Yes,No,A,1,1,1,Triple R NSW Campaign 3 Cold Export
124a2acbd2875e1c,caregoalsaustralia.com.au,Care Goals Australia,,,https://caregoalsaustralia.com.au/,caregoalsaustralia.com.au,,,,,,,,,https://www.linkedin.com/search/results/all/?keywords=Care+Goals+Australia,,NSW,Yes,No,A,1,1,0,Triple R NSW Campaign 3 Cold Export
b19bb2c27b953c63,careorigin.com.au,Care Origin NDIS Provider,,,https://careorigin.com.au/,careorigin.com.au,,,,,,,,,,,VIC,Yes,Yes,A,1,1,0,Triple R VIC Campaign 3 Cold Export
f0b23fc5dfe32184,care2help.com.au,Care2Help,,,https://care2help.com.au/,care2help.com.au,,,,,,,,,,,NSW,Yes,Yes,A,1,1,0,Triple R NSW Campaign 3 Cold Export
092b25a2ecd60d31,caremile.com.au,CareMile,,,https://caremile.com.au,caremile.com.au,Home Health Care Services,,2001-01-10T12:00:00.000Z,,,,,,,,VIC,Yes,Yes,A,1,1,0,Triple R VIC Campaign 3 Cold Export
08c0ce10d68068f2,centralcoastcare.org,Central Coast Care,,,https://www.centralcoastcare.org/,centralcoastcare.org,,,,,,,,,,,NSW,Unclear,No,A,1,1,1,Triple R NSW Campaign 3 Cold Export
1db2a01867290a5b,thecenterofhope.org,Centre Of Hope,,,https://thecenterofhope.org/,thecenterofhope.org,,,,,,,,,https://www.linkedin.com/company/centre-of-hope-au/,,NSW,Unclear,No,A,1,1,0,Triple R NSW Campaign 3 Cold Export
4e10db547bfd1d79,changelifeaustralia.com.au,Change life Australia,,,https://www.changelifeaustralia.com.au,changelifeaustralia.com.au,,,,,,,,,,,VIC,Yes,No,A,1,1,0,Triple R VIC Campaign 3 Cold Export
56ec5cb2b733d2ec,cherub.care,Cherub Care Disability Service,,2-10,https://cherub.care/,cherub.care,Hospitals and Health Care,,2001-01-10T00:00:00.000Z,,,,2,,https://www.linkedin.com/company/cherub-care-disability-service/,,NSW,Unclear,No,A,1,1,0,Triple R NSW Campaign 3 Cold Export
5f34e78d7400277d,choiceihc.org,Choice Mental Health,,,https://choiceihc.org,choiceihc.org,,,,,,,,,,,VIC,Unclear,No,A,1,1,0,Triple R VIC Campaign 3 Cold Export
18b703ab18ce35cb,claritysc.com.au,Clarity Coordination,,,https://www.claritysc.com.au/,claritysc.com.au,Administrative and Support Services,,2001-01-10T12:00:00.000Z,,,,,,,,VIC,Unclear,No,A,1,1,0,Triple R VIC Campaign 3 Cold Export
29ccf3dbbe0ebb3a,australianhealthprofessionals.com.au,CoAct,,51-200,https://australianhealthprofessionals.com.au,australianhealthprofessionals.com.au,Hospitals and Health Care,,,"Australian Health Professionals (AHP) Disability & Home Care are a Nationally registered provider of NDIS, HCP & CHSP Allied Health Services. 

We are your one stop shop for Allied Health needs all across Australia. 

Our Services:
- Occupational Therapy
- Speech Pathology
- Psychology 
- Community Nursing 
- Physiotherapy
- Exercise Physiology
- Social Work
- Podiatry
- Dietetics 

Fill out our online referral form at: https://airtable.com/shrx8OmlVrPpJd9v8
Or get in contact with us today at 1800 247 342 or dhc@aushp.com.au

Follow us on socials:
📸: https://www.instagram.com/ahpdhc?igsh=MWo4OGYyeWd6NW5x&utm_source=qr
🎵: https://www.tiktok.com/@ahpdhc?_t=8myKzm5pAzg&_r=1",,,64,,https://www.linkedin.com/company/coactemployment/,,NSW,Unclear,Yes,A,1,1,1,Triple R NSW Campaign 3 Cold Export
b1a51152a3b5cc83,collinsmedicalsolutions.com,Collins Care,,,https://www.collinsmedicalsolutions.com/,collinsmedicalsolutions.com,,,,,,,,,,,VIC,Yes,Yes,A,1,1,0,Triple R VIC Campaign 3 Cold Export
28d2c647c62b4764,education.nsw.gov.au,Commencing,,10001+,https://education.nsw.gov.au,education.nsw.gov.au,Education Administration Programs,,,"At the NSW Department of Education, our goal is to be Australia's best education system and one of the finest in the world. We prepare young people for rewarding lives as engaged citizens in a complex and dynamic society.

With nearly 100,000 employees working in schools and offices throughout the state, we can offer you a varied and rewarding career in your chosen field. Working with us gives you access to:
- flexible working conditions
- attractive salaries
- generous holidays
- opportunities for advancement
- a culture of professional support

By supporting every one of our employees to meet their personal goals at work, we can best meet NSW's goals for quality public education.

Follow us on Twitter: @NSWEducation",,,35789,,https://www.linkedin.com/search/results/all/?keywords=Commencing,,NSW,Unclear,No,A,1,1,1,Triple R NSW Campaign 3 Cold Export
0d5d1ccb770eb80d,communityaccess.net.au,Community Access Australia,,,https://communityaccess.net.au/,communityaccess.net.au,,,,,,,,,,,VIC,Yes,No,A,1,1,0,Triple R VIC Campaign 3 Cold Export
256e80365e65bb79,communitycarevic.com.au,Community Care Vic,,,https://www.communitycarevic.com.au/,communitycarevic.com.au,,,,,,,,,,,VIC,Yes,Yes,A,1,1,0,Triple R VIC Campaign 3 Cold Export
64b039e3760d5250,ccoz.org.au,Community Connections Australia,,51-200,https://ccoz.org.au,ccoz.org.au,Non-profit Organizations,,,"Community Connections Australia is a not-for-profit company, limited by guarantee. Established as Residential Care Inc. in 1987 to move people with disabilities out of institutions and congregate care living circumstances into their own households into community based accommodation the name was changed in 2001 to better reflect the beliefs that drive our service delivery.

Underpinning its service delivery is a philosophy that wherever possible, people should be able to live in their own households with people of their choice and receive services that assist and increase their autonomy and independence. This requires that services be flexible and individualised.   Given that most of the population flourish best in their own home environments  it follows that wherever possible, people with disabilities should also live with the people of their own choice in similar circumstances as the rest of the community.  

We believe that the people we support rely on this organisation for their accommodation  options, but on  the community for their quality of life overall. We have seen people blossom and grow because they are now part of their community as individuals who are known and valued by other people who are not part of ‘service world’.  For this reason, we have concentrated on building skills and confidence so that people can move around their changing and chosen communities so as to become independent and aware of their rights and responsibilities.",,,59,,https://www.linkedin.com/company/community-connections-australia/,,NSW,Yes,Yes,A,1,1,1,Triple R NSW Campaign 3 Cold Export
5dfd831c29727197,communityfirststep,Community First Step,,,No website found,communityfirststep,,,,,,,,,,,NSW,Yes,Yes,A,1,1,0,Triple R NSW Campaign 3 Cold Export
48fca5dd746c1028,firststep-mi.org,Community First Step,,,https://firststep-mi.org,firststep-mi.org,,,,,,,,,,,NSW,Unclear,No,A,1,1,0,Triple R NSW Campaign 3 Cold Export
a84f05da82d3b014,communitylivingservices.org,Community Living & Respite Services,,,https://communitylivingservices.org/,communitylivingservices.org,,,,,,,,,,,VIC,Yes,Yes,A,1,1,0,Triple R VIC Campaign 3 Cold Export
a2256535aabd5e4e,welovewithcare.com.au,Complete Care Disability Support,,2-10,https://welovewithcare.com.au,welovewithcare.com.au,Hospitals and Health Care,,2001-01-10T00:00:00.000Z,"We are We Love with Care Disability Services, we are a provider for disabled people and specialise for those with special needs.

We offer a wide range of support and tailor programs to assist people with disabilities. We aim to allow them to do the things they love to do, at their own home, at our centre and perform public activities that they may requires assistance with.

Our services include: 
-Halal meals cooked in home or delivered 
-Group centre activities 
-Therapeutic Supports 
-Plan Management 
-Exercise physiotherapy personal training 
-Participate Community 
Household Tasks 
-Development-Life Skills 
-Innovative Community Participation 
-Daily Tasks/Shared Living Community Nursing Care 
-Home Modification 
-Assist-Travel/Transport 
-Assist-Personal Activities 
-Assist-Life stage, Transition 
-Accommodation",,,8,,https://www.linkedin.com/search/results/all/?keywords=Complete+Care+Disability+Support,,NSW,Yes,Yes,A,1,1,1,Triple R NSW Campaign 3 Cold Export
6975caaa84014e4a,smartcaresolutions.com,Complete smart care,,,https://smartcaresolutions.com/,smartcaresolutions.com,,,,,,,,,,,VIC,Unclear,No,A,1,1,0,Triple R VIC Campaign 3 Cold Export
0c2d05dfa500b38d,connexions.org,ConneXtions,,,https://connexions.org/,connexions.org,,,,,,,,,,,VIC,Unclear,No,A,1,1,0,Triple R VIC Campaign 3 Cold Export
ee4ddf99d4e63a54,connextions.pro,ConneXtions,,,https://www.connextions.pro/,connextions.pro,,,,,,,,,,,VIC,Unclear,No,A,1,1,0,Triple R VIC Campaign 3 Cold Export
527a8c6cde78e60d,connectcommunity.com.au,Connect & Co Disability Services,,,https://www.connectcommunity.com.au,connectcommunity.com.au,,,,,,,,,,,NSW,Yes,No,A,1,1,0,Triple R NSW Campaign 3 Cold Export
00731528db5939c8,cornerstonecareaustralia.com,Cornerstone Care Australia,,,https://cornerstonecareaustralia.com/,cornerstonecareaustralia.com,,,,,,,,,,,VIC,Yes,Yes,A,1,1,0,Triple R VIC Campaign 3 Cold Export
1f9155e4040b1f96,cornerstonemobilecounseling.com,Cornerstone Connections,,,https://cornerstonemobilecounseling.com,cornerstonemobilecounseling.com,Mental Health Care,,2001-11-20T12:00:00.000Z,,,,,,,,VIC,Unclear,No,A,1,1,0,Triple R VIC Campaign 3 Cold Export
f1366a11d736b2be,creativesupport.co.uk,Creative Support Collective,,,https://www.creativesupport.co.uk/,creativesupport.co.uk,,,,,,,,,,,VIC,Yes,Yes,A,1,1,0,Triple R VIC Campaign 3 Cold Export
d2f9fff701a3955a,dissup.com.au,DISSUP,,1,https://www.dissup.com.au/,dissup.com.au,Individual and Family Services,,2001-01-10T00:00:00.000Z,"Dissup offers Disability Support Coordination services enabling people with disabilities to live the life they want, with transition to employment and life skills support and training.",,,1,,https://www.linkedin.com/company/dissup-australia/,,NSW,Yes,No,A,1,1,0,Triple R NSW Campaign 3 Cold Export
8068769679c2c3bd,darlingsdaughters.com,Darling Daughters,,,http://www.darlingsdaughters.com/,darlingsdaughters.com,,,,,,,,,,,VIC,Yes,No,A,1,1,0,Triple R VIC Campaign 3 Cold Export
95ebc67b5aa65966,deafconnect.org,Deaf Connect,,,https://www.deafconnect.org/,deafconnect.org,,,,,,,,,,,NSW,Yes,No,A,1,1,1,Triple R NSW Campaign 3 Cold Export
c0a5075b511f543d,deivian.com.au,Deivian Products and services,,,https://deivian.com.au/,deivian.com.au,,,,,,,,,,,VIC,Yes,Yes,A,1,1,0,Triple R VIC Campaign 3 Cold Export
4b3f32a0735434d5,dementia.org.au,Dementia Australia Vic Division,,,https://www.dementia.org.au/,dementia.org.au,,,,,,,,,,,VIC,Unclear,No,A,1,1,0,Triple R VIC Campaign 3 Cold Export
c274402a95f52651,dementiacaring.com.au,DementiaCaring,,2-10,https://dementiacaring.com.au,dementiacaring.com.au,Hospitals and Health Care,,2001-01-10T00:00:00.000Z,"Dementia Caring Australia is 100% focused on delivering the very best in home care to Australian dementia sufferers. With a team of expert dementia nurses, care workers and assistants we deliver:

* Customized monthly in home caring plans.
* Respite and emergency assistance when support is desperately required.
* Products that help support dementia sufferers and their families, improve quality of life and provide safety and security.

Our team has a proven track record in the home caring services sector and are recognised as Australia’s  exclusive service provider in the dementia caring field.",,,6,,https://www.linkedin.com/company/dementiacaring/,,NSW,Yes,No,A,1,1,0,Triple R NSW Campaign 3 Cold Export
e453c9aa1c8a0360,mydsa.com.au,Dimension Support Australia,,,https://www.mydsa.com.au/,mydsa.com.au,,,,,,,,,https://www.linkedin.com/search/results/all/?keywords=Dimension+Support+Australia,,NSW,Yes,No,A,1,1,0,Triple R NSW Campaign 3 Cold Export
564b533f19360b23,dmscare.com.au,Disability,,1,https://dmscare.com.au,dmscare.com.au,Community Services,,2001-01-10T00:00:00.000Z,"Disability, Mobility and Services cares about you. Your quality of life matters to us and we do our utmost in providing exceptional service to you and your loved ones. As an NDIS approved provider, we offer integrity, honesty and brilliant service for your needs. We endeavour in providing you with only the best standard of care to help you achieve your goals and a better level of life. Call us today for a friendly chat!",,,1,,https://www.linkedin.com/company/91444665/,,NSW,Unclear,Yes,A,1,1,1,Triple R NSW Campaign 3 Cold Export
ff84c1ecae581747,thedisabilityphysio.com.au,Disability & HealthCare Pty Ltd T,,,https://thedisabilityphysio.com.au,thedisabilityphysio.com.au,,,,,,,,,,,VIC,No,Yes,A,1,1,0,Triple R VIC Campaign 3 Cold Export
7c17c3f71f0c4d28,disabilitysouthwest.org.au,Disability South West,,11-50,https://disabilitysouthwest.org.au,disabilitysouthwest.org.au,Non-profit Organizations,,2001-11-20T00:00:00.000Z,"Disability South West LTD, established in 1981 has a long history of providing top-quality supports to people living with a disability. Our social groups have been around for over 35 years and the friendships forged there have lasted just as long.
 
Disability South West LTD is committed to providing a safe, fun, environment for people to grow and explore our great city and their potential.
 
We have a variety of products that include;
• Centre Based
• Community Access (Social Support) - Group and 1:1
• Acquired Brain Injury Respite
• Short Term Accommodation (Overnight Respite)
• SIL Accommodation
• Personal Care
• Travel
• Support Coordination
• Plan Management
• Transportation",,,19,,https://www.linkedin.com/company/dswltd/,,NSW,Yes,Yes,A,1,1,1,Triple R NSW Campaign 3 Cold Export
31a7739feb3cdbc8,disabilitylogistic,Disability logistic Services,,,No website found,disabilitylogistic,,,,,,,,,https://www.linkedin.com/search/results/all/?keywords=Disability+logistic+Services,,NSW,Yes,Yes,A,1,1,1,Triple R NSW Campaign 3 Cold Export
e9d2e3a2a626fb29,disabilityco.com,Disabilty,,,No website found,disabilityco.com,,,,,,,,,,,VIC,Yes,No,A,1,1,0,Triple R VIC Campaign 3 Cold Export
95c796e1192d86ca,each.org.au,EACH,,,https://each.org.au,each.org.au,,,,,,,,,,,VIC,No,Yes,A,1,1,0,Triple R VIC Campaign 3 Cold Export
07b0f743645021fa,empowerhumanservices.com.au,Empower Human Services,,,https://empowerhumanservices.com.au/,empowerhumanservices.com.au,,,,,,,,,,,VIC,Yes,No,A,1,1,0,Triple R VIC Campaign 3 Cold Export
e238ffe6c8ea37ab,empowerme-nsw.com,Empower Me NSW,,,http://empowerme-nsw.com,empowerme-nsw.com,,,,,,,,,,,NSW,Yes,No,A,1,1,0,Triple R NSW Campaign 3 Cold Export
54c12ae705bf92a0,empoweryourabilities.com.au,Empower your Abilities,,,https://empoweryourabilities.com.au/,empoweryourabilities.com.au,,,,,,,,,https://www.linkedin.com/company/empower-your-abilities/,,NSW,Unclear,No,A,1,1,0,Triple R NSW Campaign 3 Cold Export
931393a7240328e9,empoweru.au,EmpowerU,,2-10,https://empoweru.au,empoweru.au,Individual and Family Services,,2001-01-10T00:00:00.000Z,EmpowerU is a values based organisation providing individually tailored support services to people with disabilities.,,,5,,https://www.linkedin.com/company/empoweru-aus/,,NSW,Unclear,No,A,1,1,1,Triple R NSW Campaign 3 Cold Export
469c7f2fe517f903,empoweredlivingcare.com,Empowered Living Care,,,https://www.empoweredlivingcare.com/,empoweredlivingcare.com,,,,,,,,,https://www.linkedin.com/company/empowered-living-care/,,NSW,Yes,No,A,1,1,1,Triple R NSW Campaign 3 Cold Export
d6fb1840d3f12dee,endeavors.org,Endeavour Community Services,,,https://endeavors.org,endeavors.org,,,,,,,,,https://www.linkedin.com/search/results/all/?keywords=Andurance+Care+Service+Pty+Ltd,,NSW,Yes,No,A,1,1,0,Triple R NSW Campaign 3 Cold Export
9eb88b9c7286e467,ermha365.org,Ermha,,,https://ermha365.org,ermha365.org,Mental Health Care,,,,,,,,,,VIC,Yes,No,A,1,1,0,Triple R VIC Campaign 3 Cold Export
dd52f3a4ab655e3b,essencecareaustralia.com.au,Essence Care Australia,,2-10,https://essencecareaustralia.com.au,essencecareaustralia.com.au,Community Services,,2001-01-10T00:00:00.000Z,"At Essence Care Australia, we strongly believe that each person deserves to receive top-quality compassionate care. Our commitment to treating our clients with respect, kindness, and dignity is unwavering, and we are dedicated to helping them achieve their unique goals. We understand that every individual has different needs, and we strive to provide personalised care that is tailored to each client's specific requirements.

We stand by our vision of empowering our clients with the freedom to make choices that best suit their needs and those of their loved ones. Our commitment to transparency, honesty, integrity, and respect is at the heart of everything we do. We believe that our clients should be in control of their own decisions and plans, and we provide them with the support they need to achieve their goals. At Essence Care Australia, we strive to ensure that our clients receive the highest quality care and are treated with the utmost respect and compassion.",,,2,,https://www.linkedin.com/company/essencecareaustralia/,,NSW,Yes,No,A,1,1,0,Triple R NSW Campaign 3 Cold Export
5bce16df3970a3ba,essentialdisability.com.au,Essential Disability,,11-50,https://essentialdisability.com.au,essentialdisability.com.au,Hospitals and Health Care,,2001-11-20T00:00:00.000Z,"One Of A Kind Support

Since the day we began in 2019 we’ve built a reputation on being community minded, family driven and person-centred. 

We work hard to ensure our staff are trained in the specific and complex needs of our clients to deliver best practice services specifically designed for each individual with flexibility, adaptability, and innovation. 

This tailored support ensures a much higher quality service than a “one size fits all” approach to supports. We are creative and think outside the box to able to work with you to develop and deliver innovative services to assist you to live your life YOUR way! 

You’re one of a kind, so why should the support you receive be any different?",,,17,,https://www.linkedin.com/company/essential-disability-care-services/,,NSW,Unclear,Yes,A,1,1,0,Triple R NSW Campaign 3 Cold Export
c1445080c4d42093,essentiallyyourchoice.com.au,Essentially Your Choice,,11-50,https://essentiallyyourchoice.com.au,essentiallyyourchoice.com.au,Civic and Social Organizations,,2001-11-20T00:00:00.000Z,,,,15,,https://www.linkedin.com/search/results/all/?keywords=Essentially+Your+Choice,,NSW,Unclear,Yes,A,1,1,1,Triple R NSW Campaign 3 Cold Export
75095973155659a2,eyc.me,Essentially Your Choice,,,https://www.eyc.me/,eyc.me,,,,,,,,,https://www.linkedin.com/company/essentially-your-choice/,,NSW,Unclear,Yes,A,1,1,1,Triple R NSW Campaign 3 Cold Export
151de5de44263a43,evolutiondisability.com.au,Evolution Disability Services,,2-10,https://evolutiondisability.com.au,evolutiondisability.com.au,,,2001-01-10T00:00:00.000Z,,,,2,,https://www.linkedin.com/company/evolution-disability-services/,,NSW,Unclear,Yes,A,1,1,1,Triple R NSW Campaign 3 Cold Export
d2d2aa0fea51b9a6,evolvesupportservicesnsw.com,Evolve Support Services NSW,,,https://evolvesupportservicesnsw.com,evolvesupportservicesnsw.com,,,,,,,,,,,NSW,Yes,No,A,1,1,0,Triple R NSW Campaign 3 Cold Export
fbe989a673d11004,expression.com.au,Expression Australia,,,https://www.expression.com.au/,expression.com.au,,,,,,,,,,,VIC,Yes,Yes,A,1,1,0,Triple R VIC Campaign 3 Cold Export
d7585957b58ce7a1,extramilesc.com.au,Extra Mile Support Coordination,,,https://extramilesc.com.au/,extramilesc.com.au,,,,,,,,,,,VIC,Yes,No,A,1,1,0,Triple R VIC Campaign 3 Cold Export
89128664dc1b873f,ezekielhr.com,Ezekiel Coordination,,,https://ezekielhr.com/,ezekielhr.com,,,,,,,,,,,NSW,Unclear,No,A,1,1,0,Triple R NSW Campaign 3 Cold Export
275215bdb6c2dc43,familyw1ns,Family W1ns,,,No website found,familyw1ns,,,,,,,,,,,NSW,Unclear,Yes,A,1,1,0,Triple R NSW Campaign 3 Cold Export
1ccad53615144752,athomecare.au,Fighting Chance Australia,,51-200,https://athomecare.au,athomecare.au,Hospitals and Health Care,,,"At Home Care is a complex care disability support provider that helps individuals achieve their lifestyle goals. 

Our team specialises in providing care for individuals with spinal cord injuries, acquired brain injury, and other neurological disabilities. We are a registered National Disability Insurance Scheme (NDIS) provider, and our services are available 24/7. 

Our in-home care services cater to a wide range of needs, from complex high care, including private in-home care and nursing services, to social support, daily living assistance, and community access. We are committed to providing you with the support you need to live independently and with dignity. 

At Home Care prides itself on being a highly reputable and accomplished NDIS provider, approved and trusted by various government organisations and specialist disability programs.

We are an approved provider for the following bodies and programs:
•	National Disability Insurance Scheme (NDIS), Nation-wide
•	Insurance Commission of Western Australia (ICWA), Western Australia
•	Catastrophic Injury Support Scheme (CIS), Western Australia
•	Transport Accident Commission (TAC), Victoria
•	Ventilator Dependent Quadriplegic Community Care Program (VDQCCP), Western Australia
•	Provision of Community Support for Medically Complex Children (Children and Adolescent Health Services), Western Australia",,,140,,https://www.linkedin.com/company/athomecareaus/,,NSW,Unclear,Yes,A,1,1,1,Triple R NSW Campaign 3 Cold Export
f45ae28b4a438ad0,fightingchance.org.au,Fighting Chance Australia,,201-500,https://fightingchance.org.au,fightingchance.org.au,Civic and Social Organizations,,,"FIGHTING CHANCE - A NEW FUTURE FOR DISABILITY.

Fighting Chance builds social businesses to create a truly inclusive economy where people with disability have unbridled access to opportunity, dignity and prosperity. 

Founded in 2011 by Laura and Jordan O'Reilly, Fighting Chance is inspired by the experience of their brother, Shane, who was let down by a society that defined him by his disability.

We identify challenges that people with disability face in their everyday lives and build sustainable businesses to bridge these gaps. We are redesigning what participation in the economy, and society, can look like so that disability is not a barrier. 

So far we have launched four social businesses: Jigsaw (an employment pathway which prepares people for work, through work); Avenue (a day program alternative where people with disability can join work and social activities) as well as a Supported Independent Living (SIL) accommodation service, and a support coordination service.",,,210,,https://www.linkedin.com/company/fighting-chance-australia/,,NSW,Yes,Yes,A,1,1,0,Triple R NSW Campaign 3 Cold Export
fee3e67c9ffd2239,glginsights.com,Find Support,,10001+,https://glginsights.com,glginsights.com,Information Services,,,"GLG is the world’s largest insight network. We connect decision makers to the right experts so they can act with the confidence that comes from true clarity and have what it takes to get ahead. Our network of experts is the world’s largest source of first-hand expertise, and we recruit hundreds of new experts every day. We bring the power of insight to every great professional decision. Visit GLGinsights.com.

For information regarding GLG’s practices with respect to personal information, please visit our privacy policy at https://glginsights.com/privacy-policy/",,,12084,,,,NSW,Yes,Yes,A,1,1,0,Triple R NSW Campaign 3 Cold Export
46469d6487d77d48,flintwood.org.au,Flintwood Disability Services,,51-200,https://flintwood.org.au,flintwood.org.au,Non-profit Organizations,,,"Flintwood was established in 1999 when we became incorporated ready to start services in 2000.  The Organisation was developed from a group of dedicated parents and workers of Holroyd School.  The reason it was established was to tender for the day program known as TRAILS, as the committed workers from Holroyd School were unable to continue running the day program.  Flintwood was successful in the tender and started with one Day program located in Westmead.

The name Flintwood was derived from the surnames of the then Vice Principal and Principal of Holroyd School – Anne Flint and John Woodford.  They were the founders of the TRAILS program supporting young adults leaving school into further Post School Programs.

Since 2000 Flintwood has grown considerably and provides the following service types:

- Centre Based Day Programs – Community Participation, Post School Options & Block Funded Day Services
- Community Participation – Individual Support and Self Managed
- Life Choice and Active Ageing
- Centre Based Respite
- Flexible Respite
- Transition to Work
- Supported Accommodation
- Self Managed

Flintwood now covers the geographic region of North West Metropolitan Sydney covering from Brookvale to Concord to the Blue Mountains.

The underpinning theme of the Organisation is: Enhancing Opportunities for People with Disabilities.  We are committed to working with individuals and their families in working towards living the lives people choose and support their decisions and lifestyle on an individual basis.

We continually strive to employ the most skilled and motivated people.",,,76,,https://www.linkedin.com/company/flintwood-disability-services/,,NSW,Unclear,No,A,1,1,1,Triple R NSW Campaign 3 Cold Export
ac0efa508038bac3,forsight.org.au,Forsight,,51-200,https://forsight.org.au,forsight.org.au,Individual and Family Services,,,,,,89,,https://www.linkedin.com/company/forsight/,,NSW,Yes,No,A,1,1,1,Triple R NSW Campaign 3 Cold Export
55f1c3df9b3b7f2f,fullcarelifetime.com.au,Full Care Lifetime,,2-10,https://fullcarelifetime.com.au,fullcarelifetime.com.au,Individual and Family Services,,2001-01-10T00:00:00.000Z,"We are an organization based in Melbourne; supporting individuals with disabilities to lead a comfortable and independent life. 
We are committed to our mission to provide a wide range of lifestyle and wellbeing services that enable a hassle-free enriched lifestyle for disabled individuals. 

We are an extended family to the disabled individuals inside and outside their homes. We specialize in 24 hours disability programs to assist the participants in their daily needs and skill development. 

We provide services to NDIS participants with self-managed, plan-managed and agency managed funding.  We love to see our clients happy and growing each day with our services.",,,8,,https://www.linkedin.com/company/yellow-giraffe-therapy/,,NSW,Yes,Yes,A,1,1,1,Triple R NSW Campaign 3 Cold Export
144aa399e32b156b,futurefounders.com,Future Founders,,11-50,https://futurefounders.com,futurefounders.com,Non-profit Organizations,,,"Future Founders® is a 501(c)3 non-profit organization that believes every youth can become an entrepreneur. We immerse youth in experiences that inspire and empower them to create their own opportunity. We believe this leads to a generation more determined, hopeful and equipped as they engage the future.",,,49,,https://www.linkedin.com/company/future-founders/,,NSW,Unclear,No,A,1,1,0,Triple R NSW Campaign 3 Cold Export
53c65e95ae2d9a47,gaiahealthcare.co.nz,Gaia Healthcare NZ,,,https://gaiahealthcare.co.nz,gaiahealthcare.co.nz,,,,,,,,,,,VIC,Unclear,No,A,1,1,0,Triple R VIC Campaign 3 Cold Export
c2d43dedab165928,geelongdisability.com.au,Geelong Disability Services,,,https://geelongdisability.com.au/,geelongdisability.com.au,,,,,,,,,,,VIC,Yes,Yes,A,1,1,0,Triple R VIC Campaign 3 Cold Export
79cf8eb66517b4e2,generalcare.com.au,General Care Services,,,https://www.generalcare.com.au/,generalcare.com.au,,,,,,,,,,,NSW,No,No,A,1,1,0,Triple R NSW Campaign 3 Cold Export
0e6669e93f8f5e65,geronimo-ot.com.au,Geronimo OT,,,https://www.geronimo-ot.com.au/,geronimo-ot.com.au,,,,,,,,,,,VIC,Yes,No,A,1,1,0,Triple R VIC Campaign 3 Cold Export
9880c0401e62e564,gippslandcollectivesupport,Gippsland Collective Support Services,,,No website found,gippslandcollectivesupport,,,,,,,,,,,VIC,Yes,Yes,A,1,1,0,Triple R VIC Campaign 3 Cold Export
bf1237e69dd91652,giveacare.ca,Give a Care,,,https://giveacare.ca,giveacare.ca,,,,,,,,,,,VIC,Unclear,Yes,A,1,1,0,Triple R VIC Campaign 3 Cold Export
2be371a183e42300,gcss.org.au,Golden City Support Services,,,https://www.gcss.org.au,gcss.org.au,,,,,,,,,,,VIC,Yes,No,A,1,1,1,Triple R VIC Campaign 3 Cold Export
fbbdea6c8a21a0d3,goodcareability.com.au,Good Care Ability Services,,,https://www.goodcareability.com.au/,goodcareability.com.au,,,,,,,,,https://www.linkedin.com/company/actionability-limited/,,NSW,Yes,Yes,A,1,1,1,Triple R NSW Campaign 3 Cold Export
eceed689a255cc16,here4you.co.uk,HERE4U,,,https://here4you.co.uk/,here4you.co.uk,,,,,,,,,,,VIC,No,No,A,1,1,0,Triple R VIC Campaign 3 Cold Export
762ec26b98516155,handinhandds.com.au,Hand In Hand Disability Services,,,https://www.handinhandds.com.au/,handinhandds.com.au,,,,,,,,,https://www.linkedin.com/search/results/all/?keywords=Hand+In+Hand+Disability+Services,,NSW,Yes,No,A,1,1,1,Triple R NSW Campaign 3 Cold Export
95c6ca5c0d74be5e,thehappystepspreschool.com,Happy Little Steps,,,https://www.thehappystepspreschool.com/,thehappystepspreschool.com,,,,,,,,,,,VIC,Unclear,No,A,1,1,0,Triple R VIC Campaign 3 Cold Export
3aec5aef71a78161,heartstohomes.com.au,Hearts to Homes Australia,,11-50,https://heartstohomes.com.au,heartstohomes.com.au,Home Health Care Services,,,"Hearts to Homes is a registered NDIS (National Disability Insurance Scheme) provider delivering integrated care, housing, and support solutions across Australia. Our services include Supported Independent Living (SIL) homes and tailored coordination for individuals living with disability. We combine operational excellence with a human-first approach to empower participants, streamline care delivery, and drive sustainable outcomes.",,,28,,https://www.linkedin.com/company/hearts-to-homes-australia/,,NSW,Yes,Yes,A,1,1,1,Triple R NSW Campaign 3 Cold Export
3b5f75b0498a85ba,charlestonhcgroup.com,High hope care service,,,https://charlestonhcgroup.com/high-hope-care-center-of-sulphur/,charlestonhcgroup.com,,,,,,,,,,,VIC,Yes,No,A,1,1,0,Triple R VIC Campaign 3 Cold Export
fcbb423fe03e4a3f,holisticfutures.com.au,Holistic Futures,,,https://holisticfutures.com.au,holisticfutures.com.au,,,,,,,,,,,VIC,Yes,Yes,A,1,1,0,Triple R VIC Campaign 3 Cold Export
be07198e2902db07,holisticsupportservices.com.au,Holistic Support Services,,11-50,https://holisticsupportservices.com.au,holisticsupportservices.com.au,Hospitals and Health Care,,2001-11-20T00:00:00.000Z,"Holistic Support Services provide a personalised, supportive and integrated approach to the care and well being of people with disability. We provide assistance, which will enhance the quality of life, confidence and methods to nurture growth and learning opportunities, improving the overall well being of people with disabilities.

Services:
* Nursing Care & High Intensity Personal Care
* Drop-In Support (Core Support Services)
* Assistance with Travel and Transportation Arrangement
* Community Participation and Involvement
* Short-term Accommodation & Respite
* Supported Independent Living (SIL)
* Support Coordination",,,14,,https://www.linkedin.com/company/holisticsupportservices/,,NSW,Yes,No,A,1,1,0,Triple R NSW Campaign 3 Cold Export
711e6cc35a08a02e,iamin.com.au,I am In,,,No website found,iamin.com.au,,,,,,,,,,,VIC,No,Yes,A,1,1,0,Triple R VIC Campaign 3 Cold Export
e512274b3aafadff,alanacaresupportservices.com.au,INDEPENDENT SUPPORT COORDINATOR ASSOCIATION,,2-10,https://alanacaresupportservices.com.au,alanacaresupportservices.com.au,Hospitals and Health Care,,2001-01-10T00:00:00.000Z,"At Alana Care Support Services we believe that everyone deserves to live a fulfilling life regardless of their abilities.  We are committed to providing exceptional care and support services to individuals with disabilities and their families.   With our compassionate and experienced team,  we strive to make a positive difference in the lives of those we support.

We service the areas of Maitland,  Hunter, Newcastle and Lake Macquarie.",,,5,,https://www.linkedin.com/company/independent-support-coordinator-association/,,NSW,Unclear,No,A,1,1,1,Triple R NSW Campaign 3 Cold Export
1bd47ff5b6cb377d,inceptasolutions.com,Incepta,,51-200,https://inceptasolutions.com,inceptasolutions.com,"Technology, Information and Internet",,,"Incepta empowers organizations to achieve their business goals through technology by designing intelligent enterprise architecture and implementing end-to-end hyper automation strategies. We integrate leading platforms like Salesforce, MuleSoft, and Generative AI to streamline workflows, connect systems, and unlock scalable growth.    

Our expertise ensures you automate repetitive tasks, manage data effectively through robust data management and analytics, and enhance customer interactions with advanced CRM solutions. By leveraging various automation tools, powerful AI, Machine Learning, and cutting-edge Generative AI, we boost efficiency, reduce costs, and unlock new possibilities for your organization.    

What truly sets us apart is our deep understanding of diverse industries, allowing us to customize solutions for each sector.    

Some of the industries we focus on with various competencies and solutions are:

1.Retail and CPG: Supply Chain Automation, Contact Center Automation, Omnichannel Solutions, Customer 360
2. Banking and Finance: Payment Modernization, Compliance Management, Core Banking Modernization, API Security
3. Healthcare: EDI Services, Patient 360, Complex Services Integration
4. Public sector: Digital transformation initiatives, including citizen services, data analytics, and cybersecurity
5. General: Loyalty Management, Lead Generation Automation, Marketing and CRM

Some of the Business Units we focus on with various competencies and solutions are:

1. ERP
2. Supply Chain & Distribution
3. Finance
4. HR
5. Operations

We're proud to be recognized for our impact, including being named ""Canada's Most Innovative Tech 360 2023 CB Innovation Award Winner"" and a ""Top 25 Innovator."" This reflects our proven expertise and unwavering commitment to transformative results. We also partner with leading technology providers to bring you the best solutions.",,,82,,https://www.linkedin.com/search/results/all/?keywords=Incepta,,NSW,Unclear,No,A,1,1,0,Triple R NSW Campaign 3 Cold Export
e33f60f5a510e1e5,independenceaustralia.com.au,Independence Australia,,,https://www.independenceaustralia.com.au/,independenceaustralia.com.au,,,,,,,,,,,VIC,Yes,Yes,A,1,1,1,Triple R VIC Campaign 3 Cold Export
20acb159060ff78f,region7aaa.org,Independent,,,https://region7aaa.org,region7aaa.org,Non-profit Organizations,,,,,,,,,,VIC,No,No,A,1,1,0,Triple R VIC Campaign 3 Cold Export
5266712b6b46ef13,independentabilitycare.com.au,Independent Ability Care,,,https://independentabilitycare.com.au/,independentabilitycare.com.au,,,,,,,,,,,VIC,Yes,Yes,A,1,1,1,Triple R VIC Campaign 3 Cold Export
3342f5ab199873b4,lakeviewprivate.com.au,Independent Community Living Australia,,51-200,https://lakeviewprivate.com.au,lakeviewprivate.com.au,Hospitals and Health Care,,,"Lakeview Private Hospital continually strives for excellence in patient care, driven by our unwavering philosophy of ‘Patients First’. Established in Sydney's rapidly growing Norwest region, our hospital was meticulously designed to prioritise the needs of every patient who walks through our doors.

This has resulted in a consistently high ‘Net Promoter Score’ where well over 80% of our patients would recommend us to family or friends, a testament to the ongoing satisfaction of our patients.

We have a reputation for providing the best of surgical services and day surgery procedures in a safe, modern environment, coupled with our excellent rehabilitation services, offered as an Inpatient service and Day Program service.",,,102,,https://www.linkedin.com/company/independent-community-living-australia-ltd/,,NSW,Yes,No,A,1,1,1,Triple R NSW Campaign 3 Cold Export
f51e9790c107e74c,indigo.org.au,Indigo Support Coordination,,,https://indigo.org.au/,indigo.org.au,,,,,,,,,,,VIC,Yes,Yes,A,1,1,0,Triple R VIC Campaign 3 Cold Export
009fb167ae71439f,infinitesupportservices.com,Infinite Support,,,https://infinitesupportservices.com,infinitesupportservices.com,,,,,,,,,,,VIC,Yes,No,A,1,1,0,Triple R VIC Campaign 3 Cold Export
ed4d9df4de463c29,ingridhowieassociates,Ingrid Howie & Associates,,,No website found,ingridhowieassociates,,,,,,,,,,,VIC,Yes,Yes,A,1,1,0,Triple R VIC Campaign 3 Cold Export
0ee687ebd76bf4cd,insightful-impact.com,Insightful Impact,,,https://insightful-impact.com/,insightful-impact.com,,,,,,,,,,,NSW,Unclear,No,A,1,1,0,Triple R NSW Campaign 3 Cold Export
a708e504cc8a4a94,iie.org.au,Interchange Inner East,,,https://iie.org.au,iie.org.au,Individual and Family Services,,,,,,,,,,VIC,Unclear,No,A,1,1,0,Triple R VIC Campaign 3 Cold Export
392038453409c2b1,invokesupports.com,Invoke Support Services,,,https://www.invokesupports.com/,invokesupports.com,,,,,,,,,,,NSW,Yes,No,A,1,1,1,Triple R NSW Campaign 3 Cold Export
367074c79172515d,jbcare.com.au,JB Care Aus,,11-50,https://jbcare.com.au,jbcare.com.au,Hospitals and Health Care,,,,,,26,,https://www.linkedin.com/company/jb-care-aus/,,NSW,Yes,Yes,A,1,1,1,Triple R NSW Campaign 3 Cold Export
a0ef3b9ffe88b022,jeder.com.au,Jeder Institute,,11-50,https://jeder.com.au,jeder.com.au,Civic and Social Organizations,,,"The Jeder Institute is a ground-breaking, dynamic organisation who brings people together to realise their full potential and build on their existing networks and community strengths! We believe that everyone has abilities and everyone has something to contribute to their communities because there is no one we don’t need!

Jeder Institute is a not-for-profit Collective of approximately 30 domestic and international members, based mainly in Australia.  We are an innovative, international, strengths-focused organisation with extensive experience in creating collective action throughout the world specialising in:

*  Building individual and community capabilities and resilience (pre and post disaster)
*  Facilitating community conversations and events on critical social and environmental issues
*  Supporting family capacity building (people with a disability, their families and carers)
*  Identifying individual and community assets and strengths (e.g. mapping, recording)
*  Engaging and connecting with a diverse range of communities (economically vulnerable communities)
*  Co-developing change management frameworks with organisations and institutions
*  Co-creating robust monitoring and evaluation frameworks for action

The Jeder Institute aims to create positive change for individuals and communities around the world by bringing people together to realise their full potential, build on their existing networks and community strengths and to empower individual’s choice and control. To achieve this, the Jeder Institute works towards building the capacity of communities, services and organisations, including the sustainability of project work undertaken by our collective members, by involving key people in the planning, organising and running of training and events to ensure work is relevant to their organisation and/or community.

https://linktr.ee/jederinstitute",,,34,,https://www.linkedin.com/company/jeder-institute/,,NSW,No,No,A,1,1,1,Triple R NSW Campaign 3 Cold Export
cfda0c1a2dd2b7c8,siblingsaustralia.org.au,Jess J Support Coordination,,,https://siblingsaustralia.org.au,siblingsaustralia.org.au,Non-profit Organizations,,2001-11-20T12:00:00.000Z,,,,,,,,VIC,Unclear,No,A,1,1,0,Triple R VIC Campaign 3 Cold Export
6da7c0c6718ba742,jobco.com,Jobco,,,https://www.jobco.com/,jobco.com,,,,,,,,,,,VIC,Unclear,No,A,1,1,0,Triple R VIC Campaign 3 Cold Export
26e93f10a9515634,jbfsale.com,Just for Friends,,,https://www.jbfsale.com,jbfsale.com,,,,,,,,,,,VIC,No,No,A,1,1,0,Triple R VIC Campaign 3 Cold Export
e3522d9a43f28364,kaizencare.net,KaizenCare,,,https://kaizencare.net/,kaizencare.net,,,,,,,,,,,VIC,Yes,No,A,1,1,0,Triple R VIC Campaign 3 Cold Export
34b59d691d4bec06,kalliopisupportservices.com.au,Kalliopi Support Services,,,https://www.kalliopisupportservices.com.au/,kalliopisupportservices.com.au,,,,,,,,,https://www.linkedin.com/company/kalliopi-support-services/,,NSW,No,No,A,1,1,1,Triple R NSW Campaign 3 Cold Export
a6a077694232baef,karden.org.au,Karden Disability Support Foundation,,,https://karden.org.au,karden.org.au,,,,,,,,,,,VIC,Unclear,No,A,1,1,0,Triple R VIC Campaign 3 Cold Export
cc84da3b53142325,kare.org.au,Kare Square,,,https://kare.org.au,kare.org.au,,,,,,,,,,,NSW,Yes,Yes,A,1,1,1,Triple R NSW Campaign 3 Cold Export
26bb50d565dd4b72,karely.com.au,Karely,,,No website found,karely.com.au,,,,,,,,,,,VIC,Yes,No,A,1,1,0,Triple R VIC Campaign 3 Cold Export
174de9c43225ba0d,katanainkservices.com.au,Katana Ink Services,,2-10,https://katanainkservices.com.au,katanainkservices.com.au,Hospitals and Health Care,,2001-01-10T00:00:00.000Z,"Katana Ink' Services: Empowering individuals and communities with person-centered disability support. We're your trusted NDIS provider, offering Support Coordination and Therapy Services tailored to your unique goals and aspirations. Your Voice, Your Life, Your Way. #DisabilityServices  #DisabilitySupport #NDIS #TherapyServices #SupportCoordination",,,4,,https://www.linkedin.com/company/katana-ink-services/,,NSW,No,No,A,1,1,1,Triple R NSW Campaign 3 Cold Export
b8d8e94e2e48c23a,belongbm.org.au,Katoomba Neighbourhood Centre,,,https://www.belongbm.org.au/,belongbm.org.au,,,,,,,,,,,NSW,Yes,Yes,A,1,1,0,Triple R NSW Campaign 3 Cold Export
c6172f211051f3ad,kindspiresupport.com,Kindspire Support,,2-10,https://kindspiresupport.com,kindspiresupport.com,Hospitals and Health Care,,2001-01-10T00:00:00.000Z,"At KindSpire Support, we offer personalised NDIS services designed to meet the needs and goals of each participant. Our services are available to individuals aged 9 years and over, and include Supported Independent Living (SIL), Core Supports, and therapeutic supports such as Art Therapy.

We take a participant-led, relationship-driven approach, grounded in kindness, consistency, and choice, to ensure each person feels genuinely supported on their journey.",,,3,,https://www.linkedin.com/company/kindspire-support/,,NSW,Yes,Yes,A,1,1,0,Triple R NSW Campaign 3 Cold Export
93b6c686de284e29,kirinari.com.au,Kirinari Community Services,,201-500,https://kirinari.com.au,kirinari.com.au,Non-profit Organizations,,,"Kirinari is a regionally-based not-for-profit provider of Human Services. 

We’re immersed in communities far and wide across rural and regional Australia, and we’ve always been proud of our modest beginnings. Back in the 1980s, a dedicated team developed the first iteration of our services and the first leased house opened with just four residents. There’s a lot about those early years that is still instilled 33 years on – the recognition of needs and support, and the belief in making a difference that started a journey of providing support to people in their home, work and community.",,,249,,https://www.linkedin.com/company/kirinari-community-services/,,NSW,Yes,Yes,A,1,1,1,Triple R NSW Campaign 3 Cold Export
ee6fee01f023b601,konnectus.org.au,KonnectUs Support Coordination,,,https://konnectus.org.au/,konnectus.org.au,,,,,,,,,,,VIC,No,Yes,A,1,1,0,Triple R VIC Campaign 3 Cold Export
550d6f5fddd06e31,ldmh.partners,LDMH,,1,https://ldmh.partners/,ldmh.partners,General Retail,,2001-01-10T00:00:00.000Z,,,,1,,https://www.linkedin.com/search/results/all/?keywords=Link+Foundation+AOD+%E2%80%93+Jan+2025+to+Present,,NSW,No,No,A,1,1,0,Triple R NSW Campaign 3 Cold Export
4e89a3d8b8129ecf,leaderscare.com.au,Leaders Care,,2-10,https://leaderscare.com.au,leaderscare.com.au,Hospitals and Health Care,,2001-01-10T00:00:00.000Z,"Leaders Care aims to create a lifestyle for participants in which they can live their lives as they see fit while also developing their own growth. We’ve helped hundreds of people with disabilities achieve their NDIS goals, gain access to their plans, and put them into action. We assist our participants in overcoming isolation, reducing loneliness, gaining confidence, developing relationships, participating in activities, and connecting with family, friends, and the community.

We offer services on a personal and client-centered approach, understanding that each participant has individual needs and thus requires services. We are backed by years of experience and expertise.

Our team provides tailored innovative quality support to improve lifestyle, wellbeing, learning and social engagement opportunities for people with disability, their families and carers.",,,6,,https://www.linkedin.com/company/leaders-care/,,NSW,Yes,Yes,A,1,1,1,Triple R NSW Campaign 3 Cold Export
d8a495224b29505d,leelacare.com,Leela Care,,,https://www.leelacare.com/,leelacare.com,,,,,,,,,,,VIC,Unclear,No,A,1,1,0,Triple R VIC Campaign 3 Cold Export
fa21ad9daa54a160,lifesquad.com.au,Lifesquad,,2-10,https://lifesquad.com.au,lifesquad.com.au,Home Health Care Services,,2001-01-10T00:00:00.000Z,"Services include.......
Day program
SIL 
Respite care
Assistance with daily life activities and personal care
Community participation
Domestic assistance",,,8,,https://www.linkedin.com/company/lifesquad/,,NSW,Yes,Yes,A,1,1,1,Triple R NSW Campaign 3 Cold Export
5531b7e51098a6d7,lightofhopefoundation.com,Light of Hope Foundation,,,https://lightofhopefoundation.com/,lightofhopefoundation.com,,,,,,,,,https://www.linkedin.com/search/results/all/?keywords=Light+of+Hope+Foundation,,NSW,Yes,No,A,1,1,0,Triple R NSW Campaign 3 Cold Export
3429a07b198cfeec,alanahealthcare.com,Lumen Collective,,51-200,https://alanahealthcare.com,alanahealthcare.com,Hospitals and Health Care,,,"Alana Healthcare, LLC, headquartered in Nashville, Tennessee, is a health solutions company that provides support and care for people living with chronic illness, aging adults, and the providers who treat them.

Alana partners with insurance companies, Accountable Care Organizations, and provider groups to enroll their members suffering from chronic conditions into the Alana Chronic Conditions Outcome Management program. 

Our goal is to work with each patient to improve their quality of life while focusing on reducing the overall cost of care for our healthcare partners. Alana helps manage complex chronic conditions more effectively while delivering cost savings.

Our team-based delivery model provides coordinated, comprehensive, and continuous medical care for patients to obtain maximized health outcomes. By engaging all stakeholders within each patient’s continuum of care, Alana’s clinical team coordinates services and therapies that improve patient quality of life, streamline provider services, and reduce overall healthcare costs.

Additional Programs: Alana Home Care (TN) (www.alanahomecare.com). Preferred Home Health Providers (FL) (www.myphhp.com), Trium",,,108,,,,NSW,Unclear,No,A,1,1,1,Triple R NSW Campaign 3 Cold Export
61ad776cc4ec34bb,masupportservices.com.au,M & A Support Services,,,https://www.masupportservices.com.au,masupportservices.com.au,,,,,,,,,,,VIC,No,No,A,1,1,0,Triple R VIC Campaign 3 Cold Export
b288b2c70fe64c95,mts.com,MTS,,,https://www.mts.com/en,mts.com,,,,,,,,,,,NSW,Unclear,No,A,1,1,1,Triple R NSW Campaign 3 Cold Export
bc807cd62d50aac1,majesticcare.com,Majestic Care,,,https://www.majesticcare.com/,majesticcare.com,,,,,,,,,,,NSW,Yes,Yes,A,1,1,0,Triple R NSW Campaign 3 Cold Export
38985688046e0a0f,marathonhealth.com.au,Marathon Health Australia,,,https://www.marathonhealth.com.au/,marathonhealth.com.au,,,,,,,,,,,VIC,Yes,No,A,1,1,0,Triple R VIC Campaign 3 Cold Export
619d8b50f979fe2c,mesupports.com.au,Me Support Services,,,https://mesupports.com.au/,mesupports.com.au,,,,,,,,,,,VIC,Yes,Yes,A,1,1,0,Triple R VIC Campaign 3 Cold Export
9f77a9f343f400ec,melbasupport.com.au,Melba Support Services,,,https://www.melbasupport.com.au/,melbasupport.com.au,,,,,,,,,,,VIC,Yes,Yes,A,1,1,0,Triple R VIC Campaign 3 Cold Export
516f1f5223d8fb2c,mandarahealth.com,Mendara Health,,,https://www.mandarahealth.com/,mandarahealth.com,,,,,,,,,https://www.linkedin.com/company/mendara-health/,,NSW,Unclear,No,A,1,1,0,Triple R NSW Campaign 3 Cold Export
120fbd589b3fb484,mightyhealth.com.au,Mighty Health,,,https://www.mightyhealth.com.au,mightyhealth.com.au,,,,,,,,,,,NSW,Yes,No,A,1,1,0,Triple R NSW Campaign 3 Cold Export
267becd19a466afa,traumaandwellness.com,Mind Australia,,,https://traumaandwellness.com,traumaandwellness.com,Mental Health Care,,2001-01-10T12:00:00.000Z,,,,,,,,VIC,Yes,No,A,1,1,0,Triple R VIC Campaign 3 Cold Export
c6091a1692568a32,mindandmobility.com,Mind and Mobility Support Services,,,https://mindandmobility.com/,mindandmobility.com,,,,,,,,,,,VIC,Yes,No,A,1,1,0,Triple R VIC Campaign 3 Cold Export
88cb97f3e7f77f76,mkcaresolutions.com,MkCare Solutions,,2-10,https://mkcaresolutions.com,mkcaresolutions.com,Medical Practices,,2001-01-10T00:00:00.000Z,,,,3,,https://www.linkedin.com/company/mkcare-solutions/,,NSW,Yes,Yes,A,1,1,1,Triple R NSW Campaign 3 Cold Export
78e2a4c160054c82,motiv8.net.au,Motiv8 Disability Services,,2-10,https://motiv8.net.au,motiv8.net.au,Civic and Social Organizations,,2001-01-10T00:00:00.000Z,"Motiv8 Disability Services provides Nursing Interventions via the NDIS, iCare or as Fee for Services.

Our team have lived experience with disability,  we understand that each service needs to be tailored to the individuals needs.",,,2,,https://www.linkedin.com/company/motiv8-disability-services/,,NSW,Unclear,No,A,1,1,0,Triple R NSW Campaign 3 Cold Export
316821ea60d1911d,multicap.org.au,Multicap,,,https://multicap.org.au/,multicap.org.au,,,,,,,,,,,VIC,Yes,Yes,A,1,1,0,Triple R VIC Campaign 3 Cold Export
9f509bddf8c96c58,myadss.com.au,My ADSS,,2-10,https://myadss.com.au,myadss.com.au,Individual and Family Services,,2001-01-10T00:00:00.000Z,,,,5,,https://www.linkedin.com/company/my-adss/,,NSW,Yes,No,A,1,1,1,Triple R NSW Campaign 3 Cold Export
3e3bf8b7931c4346,myright2voice.org,My Right 2 Voice,,,https://www.myright2voice.org/,myright2voice.org,,,,,,,,,,,VIC,Yes,No,A,1,1,0,Triple R VIC Campaign 3 Cold Export
9cc0dbf71937eb76,mysupportcircle.com.au,My Support Circle,,,https://mysupportcircle.com.au/,mysupportcircle.com.au,,,,,,,,,https://www.linkedin.com/search/results/all/?keywords=My+Support+Circle,,NSW,Unclear,Yes,A,1,1,1,Triple R NSW Campaign 3 Cold Export
ffe112a2d6866502,myvillagecarers.com.au,My Village Carers,,,https://myvillagecarers.com.au/,myvillagecarers.com.au,,,,,,,,,https://www.linkedin.com/company/my-village-carers/,,VIC,Yes,Yes,A,1,1,0,Triple R VIC Campaign 3 Cold Export
4bf4804811a7b989,mykindautismservices.com.au,MyKind Autism Services,,,https://mykindautismservices.com.au,mykindautismservices.com.au,Consumer Services,,2001-01-10T12:00:00.000Z,,,,,,,,VIC,Unclear,No,A,1,1,0,Triple R VIC Campaign 3 Cold Export
5efb4ac2212f109e,na,N.A,,,No website found,na,,,,,,,,,,,VIC,Yes,Yes,A,1,1,0,Triple R VIC Campaign 3 Cold Export
de17380d8dce1e03,nado.org.au,NADO Disability & Aged Care,,,https://nado.org.au/,nado.org.au,,,,,,,,,,,NSW,Yes,Yes,A,1,1,1,Triple R NSW Campaign 3 Cold Export
0ed14d0b449f3f7b,ndissupportcoordination,NDIS Support Coordination Services,,,No website found,ndissupportcoordination,,,,,,,,,,,VIC,Yes,Yes,A,1,1,0,Triple R VIC Campaign 3 Cold Export
0c00ff237a2e0cd8,ndiscommunity,NDISCommunity,,,No website found,ndiscommunity,,,,,,,,,,,VIC,Yes,No,A,1,1,1,Triple R VIC Campaign 3 Cold Export
a07e5a30e9bcd09c,nhcdisabilityservices.com.au,NHC Disability Services,,,https://www.nhcdisabilityservices.com.au/,nhcdisabilityservices.com.au,,,,,,,,,,,NSW,Yes,Yes,A,1,1,0,Triple R NSW Campaign 3 Cold Export
b771f9074823546f,ndrn.org,National Disability Services,,,https://ndrn.org/,ndrn.org,,,,,,,,,,,VIC,No,No,A,1,1,0,Triple R VIC Campaign 3 Cold Export
20ec68603cb523eb,realestate.eg,National Disability and Mental Health Services,,,https://realestate.eg,realestate.eg,,,,,,,,,https://www.linkedin.com/company/national-disability-and-mental-health-services-pty-ltd/,,NSW,Yes,Yes,A,1,1,0,Triple R NSW Campaign 3 Cold Export
65898a6348a587ad,nativecoordination.com.au,Native Coordination,,,https://www.nativecoordination.com.au/,nativecoordination.com.au,,,,,,,,,,,VIC,No,No,A,1,1,0,Triple R VIC Campaign 3 Cold Export
fa5fc3ada14685c5,nesssc.com,Ness Support Coordination,,,https://www.nesssc.com/,nesssc.com,,,,,,,,,,,VIC,No,No,A,1,1,0,Triple R VIC Campaign 3 Cold Export
6736956eae1073f6,nhe-usa.com,New Horizons Enterprises,,,https://nhe-usa.com/,nhe-usa.com,,,,,,,,,,,NSW,Unclear,No,A,1,1,0,Triple R NSW Campaign 3 Cold Export
e74d40828dcde57f,cumberland.nsw.gov.au,New Life Adventure Disability,,201-500,https://cumberland.nsw.gov.au,cumberland.nsw.gov.au,Government Administration,,,"Cumberland Council offers a range of employment in both indoor and outdoor work across a large range of professions and trades.
Council supports the principles of Equal Employment Opportunity, Work Health and Safety, cultural diversity and professional development of staff.

Cumberland Council provides a wide range of services to its residents. The Cumberland Local Government Area is located some 18km west of the Sydney CBD, the council has an estimated resident population of 219,312.

Cumberland Council can offer a broad range of employment with both indoor and outdoor work across a large range of services.

A career at Council offers:

Work life balance

• Job share and part-time opportunities
• Paid parental leave
• Phased retirement
• Active social club
• Flexible work arrangements
• Employee assistance programs
• Corporate fitness and wellness programs
• Carers’ network.

Recognition and remuneration

• Impressive salary range and benefits
• Lease back vehicle for some positions
• Staff excellence and service awards.

Professional development

• Training opportunities
• Management opportunities
• Careers paths
• Educational assistance
• Mentoring
• Project management teams

General benefits

• Field and/or office work
• Job flexibility
• Apprenticeships/traineeships
• Make a difference to community
• Diverse working environment

Council has a wide variety of opportunities available to young people and those with established careers.",,,400,,https://www.linkedin.com/company/newlifeadventuredisability/,,NSW,Unclear,Yes,A,1,1,1,Triple R NSW Campaign 3 Cold Export
7d72827040995997,nextgen.group,Next Gen Support,,,https://nextgen.group/,nextgen.group,,,,,,,,,https://www.linkedin.com/search/results/all/?keywords=Next+Gen+Support,,NSW,Yes,No,A,1,1,0,Triple R NSW Campaign 3 Cold Export
1849fd93d5f44677,nextt.com.au,Nextt Group,,,https://www.nextt.com.au/,nextt.com.au,,,,,,,,,,,VIC,Yes,Yes,A,1,1,0,Triple R VIC Campaign 3 Cold Export
acde724ab68178e0,nobilitycare.com.au,Nobility Care Australia,,11-50,https://nobilitycare.com.au,nobilitycare.com.au,Community Services,,2001-11-20T00:00:00.000Z,"We Heed To Care

NCA is a registered NDIS service provider.

We listen & care about your choices and decisions, that will empower you to live a healthy and independent life!",,,14,,https://www.linkedin.com/company/nobility-care-australia/,,NSW,Yes,Yes,A,1,1,0,Triple R NSW Campaign 3 Cold Export
d06134deb138d786,northcott.com,Northcott,,,https://www.northcott.com/,northcott.com,,,,,,,,,,,NSW,Unclear,No,A,1,1,0,Triple R NSW Campaign 3 Cold Export
2871629c928bcc0d,northernhs.org,Northern Support Services for people with disabilities,,,https://northernhs.org,northernhs.org,,,,,,,,,,,VIC,Yes,No,A,1,1,1,Triple R VIC Campaign 3 Cold Export
679264f7aa2a788e,onegoodday.com.au,ONE GOOD DAY,,,https://onegoodday.com.au/,onegoodday.com.au,,,,,,,,,,,NSW,No,No,A,1,1,0,Triple R NSW Campaign 3 Cold Export
e5693bda1ec73989,omniacommunityhealth.org.au,Omnia Community Health,,,https://www.omniacommunityhealth.org.au/,omniacommunityhealth.org.au,,,,,,,,,,,VIC,Yes,No,A,1,1,0,Triple R VIC Campaign 3 Cold Export
240a1c2e34ec376f,onedreamcommunity.com.au,One Dream Community,,,https://www.onedreamcommunity.com.au/,onedreamcommunity.com.au,,,,,,,,,,,NSW,Yes,Yes,A,1,1,0,Triple R NSW Campaign 3 Cold Export
c3924cbac5114701,getonside.com,Onside,,,https://www.getonside.com/,getonside.com,,,,,,,,,,,NSW,Unclear,No,A,1,1,0,Triple R NSW Campaign 3 Cold Export
3a50ca217d77772a,p2pcareservices.com.au,P2P Care Services,,,https://p2pcareservices.com.au/,p2pcareservices.com.au,,,,,,,,,,,NSW,Yes,Yes,A,1,1,0,Triple R NSW Campaign 3 Cold Export
10fcb036c4da3202,piyc.com.au,Partner In Your Care,,,https://www.piyc.com.au/,piyc.com.au,,,,,,,,,https://www.linkedin.com/search/results/all/?keywords=Partner+In+Your+Care,,NSW,No,No,A,1,1,0,Triple R NSW Campaign 3 Cold Export
be8d36f7b61d23c2,pfca.com.au,People’s first choice Australia,,,https://pfca.com.au/,pfca.com.au,,,,,,,,,,,VIC,Yes,No,A,1,1,0,Triple R VIC Campaign 3 Cold Export
f094ea1486b297db,personalsupportsolutions.com.au,Personal Support Solutions,,11-50,https://personalsupportsolutions.com.au,personalsupportsolutions.com.au,Wellness and Fitness Services,,2001-11-20T00:00:00.000Z,"With over 30 years experience in the Disability Services Sector and extensive experience in the NDIS space. I look forward to working with you to put your NDIS plan into action. Capacity Building workshops, Pre Planning and Review assistance on request. We provide support through Specilist Support Coordintion and Recovery Coach Services.",,,12,,https://www.linkedin.com/company/personal-support-solutions/,,NSW,No,No,A,1,1,1,Triple R NSW Campaign 3 Cold Export
ac29e812ed247f88,planconnect.org.au,Plan & Connect,,,https://planconnect.org.au/,planconnect.org.au,,,,,,,,,,,VIC,No,Yes,A,1,1,0,Triple R VIC Campaign 3 Cold Export
e57c992d955060cd,planmyway.com.au,Plan My Way,,2-10,https://planmyway.com.au,planmyway.com.au,Hospitals and Health Care,,2001-01-10T00:00:00.000Z,"Helping NDIS participants access the services and supports they need to live their best lives possible. Whatever your goals may be, we’re here to help you plan your way to success.
Dedicated Support Coordination and Recovery Coaching Provider.",,,4,,https://www.linkedin.com/company/plan-my-way/,,NSW,No,No,A,1,1,1,Triple R NSW Campaign 3 Cold Export
34fb180a2801050d,planwiseliving.com.au,Plan Wise Living,,2-10,https://planwiseliving.com.au,planwiseliving.com.au,Individual and Family Services,,2001-01-10T00:00:00.000Z,"At Plan Wise Living we love what we do and that is supporting people with disabilities to enjoy life, to thrive as young adults and to also live as independently as possible. We support people of all ages and abilities.
Our passion and commitment comes from a combination of lived experience as well as professional experience. 
Our supports include Support Coordination, post school options, personal care, high complex care, community inclusion, self development and collaboration with families, allied and medical health professionals.
We support our team to develop personally and professionally by working along side them to collaborate with them, to understand their goals and support their career development. We have unique positions specifically targeted as Support Carers to develop a holistic approach to their care giving by understanding all the supports of the participant, which include developing knowledge of the NDIS.",,,3,,https://www.linkedin.com/company/plan-wise-living/,,NSW,Unclear,No,A,1,1,1,Triple R NSW Campaign 3 Cold Export
d6b4350be509731e,polariscare.org,Polaris Care,,,https://polariscare.org/,polariscare.org,,,,,,,,,,,VIC,Unclear,No,A,1,1,0,Triple R VIC Campaign 3 Cold Export
004773652e947cea,pridedisabilityservices.com.au,Pride Disability Services,,,https://www.pridedisabilityservices.com.au/,pridedisabilityservices.com.au,,,,,,,,,,,VIC,Yes,No,A,1,1,1,Triple R VIC Campaign 3 Cold Export
bb8e85eb1f0b8e08,pic.care,Professional Individualised Care,,,https://pic.care/,pic.care,,,,,,,,,https://www.linkedin.com/company/professional-individualised-care-pic/,,NSW,Unclear,No,A,1,1,1,Triple R NSW Campaign 3 Cold Export
ff617bcdf42130d1,thepandl.com.au,Professional and Leading Care Services,,,https://thepandl.com.au/,thepandl.com.au,,,,,,,,,https://www.linkedin.com/search/results/all/?keywords=Professional+and+Leading+Care+Services,,NSW,Yes,Yes,A,1,1,1,Triple R NSW Campaign 3 Cold Export
c48e42acf386c2dd,providence.org,Providence,,,https://www.providence.org/,providence.org,,,,,,,,,,,VIC,Unclear,No,A,1,1,0,Triple R VIC Campaign 3 Cold Export
d67cc98149d4bb76,uhqualitycare.org,Quality Care Network,,,https://www.uhqualitycare.org/,uhqualitycare.org,,,,,,,,,,,VIC,Unclear,No,A,1,1,0,Triple R VIC Campaign 3 Cold Export
bd2c77f298a9de70,qualityhealthcare.com.au,Quality Health Care,,51-200,https://qualityhealthcare.com.au,qualityhealthcare.com.au,Individual and Family Services,,,"Quality Health Care is a for purpose company that aims to make life better for people in our community. Operating since 1999 we have a reputation for service and quality that people can rely on.

Today we support over 500 people who require assistance across Sydney and our support team are professional, qualified and dedicated to help you reach your goals, daily or longer term.

Our vision is to enable people live at home and we achieve this through our values of compassion, respect, integrity, caring and excellence in everything we do.

We offer a broad range of tailored supports within the NDIS and Aged Care sectors, including:

• Support Coordination
• Clinical Services
• Supported Living
• Allied Health
• Attendant Care
• Drop In Support
• Case Management
• Home Nursing
• Aged Care
• Personal Care",,,166,,https://www.linkedin.com/company/qualityhealthcare/,,NSW,No,Yes,A,1,1,1,Triple R NSW Campaign 3 Cold Export
965bd1828d22b18a,qualityhealthcarenurses.com,Quality Health Care,,,https://qualityhealthcarenurses.com/,qualityhealthcarenurses.com,,,,,,,,,https://www.linkedin.com/company/qualityhealthcare/,,NSW,Yes,Yes,A,1,1,1,Triple R NSW Campaign 3 Cold Export
4ff4c7052630d094,ravencommunitycare.com.au,Raven Community Care,,2-10,https://ravencommunitycare.com.au,ravencommunitycare.com.au,Community Services,,2001-01-10T00:00:00.000Z,"Raven Community Care is a Registered NDIS Provider which provides NDIS support services to Children, Young People and Adults within the Sydney Region.",,,10,,https://www.linkedin.com/company/raven-community-care/,,NSW,Yes,Yes,A,1,1,1,Triple R NSW Campaign 3 Cold Export
bf1853dd158b6287,readyenable.com.au,Ready Enable,,11-50,https://readyenable.com.au,readyenable.com.au,Consumer Services,,2001-11-20T00:00:00.000Z,Disability and aged care solutions tailored to individual needs.,,,18,,https://www.linkedin.com/company/ready-enable/,,NSW,Yes,Yes,A,1,1,0,Triple R NSW Campaign 3 Cold Export
3592cb0dc96331e4,redumbrellacoordination.com.au,Red Umbrella Support Coordination,,,https://redumbrellacoordination.com.au/,redumbrellacoordination.com.au,,,,,,,,,,,VIC,No,No,A,1,1,0,Triple R VIC Campaign 3 Cold Export
c3cffe3e8983b445,ryss.com.au,Regional Youth Support Srevices,,,https://www.ryss.com.au/,ryss.com.au,,,,,,,,,,,NSW,Yes,Yes,A,1,1,0,Triple R NSW Campaign 3 Cold Export
ec4311f8ef332417,myrelativescare.com,Relative Care,,11-50,https://myrelativescare.com,myrelativescare.com,Hospitals and Health Care,,,"Relative Care is a home care agency that provides non-medical services to older adults and those with chronic illness. We can assist your family member with activities of daily living (ADL) and instrumental activities of daily living (IADL) so that they can continue living longer in their home and enjoy the highest quality of life possible.

Relative Care’s well qualified staff includes Registered Nurses, Certified Nursing Assistants, Home Health Aides, and Companion Aides who are fully screened, insured, and bonded. The caregivers work in conjunction with our Nursing Supervisor and Geriatric Case Manager to follow the individualized Care Plans we create based on thorough evaluations of each client. 

Our personal care and home support services have no set time limits. They also include assistance for those suffering from Alzheimer’s and other forms of dementia.",,,34,,https://www.linkedin.com/search/results/all/?keywords=Relative+Care,,NSW,Yes,Yes,A,1,1,0,Triple R NSW Campaign 3 Cold Export
7294e748b40e0bd1,resiliencetorecovery.com.au,Resilience to Recovery,,,https://resiliencetorecovery.com.au/,resiliencetorecovery.com.au,,,,,,,,,https://www.linkedin.com/company/resilience-to-recovery/,,NSW,Yes,No,A,1,1,1,Triple R NSW Campaign 3 Cold Export
e6b3ee4febabf55c,reviracare.com.au,Revira Care,,,https://www.reviracare.com.au/,reviracare.com.au,,,,,,,,,,,VIC,Yes,Yes,A,1,1,0,Triple R VIC Campaign 3 Cold Export
de08f4f1db0a52d8,rightchannelsupport.au,Rightchannel Support Services Australia,,,https://rightchannelsupport.au/,rightchannelsupport.au,,,,,,,,,,,NSW,Yes,Yes,A,1,1,0,Triple R NSW Campaign 3 Cold Export
15fab282c2eb94e5,rissalah.nsw.edu.au,Rissalah College,,11-50,https://rissalah.nsw.edu.au,rissalah.nsw.edu.au,Education Administration Programs,,,"Rissalah in Arabic means “message”. The College strives to deliver the message of holistic education, coupled with universal human values, in order to create the best possible learning atmosphere for its students. Rissalah College’s vision is to provide the best comprehensive education program of all six Key Learning Areas as stipulated by the Board of Studies NSW.

We are committed to providing a supportive environment that enables students to attain their full potential through appropriate and diverse learning opportunities.At Rissalah College, we are committed to promoting values that foster genuine acceptance of difference and diversity. We believe that all humans must be treated with dignity, equity, respect and compassion irrespective of their race, ethnicity, belief or gender. Particular attention is given to instilling devotion to promoting peace and harmony as life principles.

At Rissalah College we are committed to, and strive to engage, participate, build and nurture relationships within our community, working in harmony with parents, government and private educational institutions as well as the wider community in our program of activities, so as to produce students who embody the universal values of our faith. That is, functioning effectively as responsible, compassionate and balanced individual global citizens, cherishing diversity and actively contributing to Australia’s development and the global community.",,,42,,https://www.linkedin.com/company/rissalah-college/,,NSW,Unclear,No,A,1,1,1,Triple R NSW Campaign 3 Cold Export
6652ca8de5d229f1,sasi.org.au,SASI.Vic,,,https://www.sasi.org.au/,sasi.org.au,,,,,,,,,,,VIC,Yes,Yes,A,1,1,0,Triple R VIC Campaign 3 Cold Export
db856e28b146cc44,sagedisability.com,Sage Disability Support,,,https://sagedisability.com/,sagedisability.com,,,,,,,,,,,VIC,No,No,A,1,1,0,Triple R VIC Campaign 3 Cold Export
557134de2ccf88ab,scopeusa.org,Scope,,,https://scopeusa.org/,scopeusa.org,,,,,,,,,,,VIC,Unclear,No,A,1,1,0,Triple R VIC Campaign 3 Cold Export
d498b4da3fe7d2f8,inala.org.au,Self Employed. Support Coordination,,51-200,https://inala.org.au,inala.org.au,Civic and Social Organizations,,,"For nearly 70 years, Inala has been committed to providing the highest quality support to individuals with disability. 

Inspired by the work of Rudolf Steiner, Inala supports nearly 200 people to re-imagine possibilities, to make connections and to grow. 

Our individualised and flexible day, community and accommodation supports are based in Sydney’s Hills and North West districts, and the Eastern Suburbs.",,,63,,https://www.linkedin.com/company/inaladisabilityservices/,,NSW,Unclear,Yes,A,1,1,1,Triple R NSW Campaign 3 Cold Export
a1a998985dbdd389,simplyconnectsc.com.au,Simply Connect SC,,,https://simplyconnectsc.com.au,simplyconnectsc.com.au,,,,,,,,,,,VIC,Unclear,No,A,1,1,0,Triple R VIC Campaign 3 Cold Export
3a236b5aadc517b5,socialfutures.org.au,Social Futures,,,https://socialfutures.org.au/,socialfutures.org.au,,,,,,,,,https://www.linkedin.com/company/social-futures/,,NSW,Unclear,Yes,A,1,1,0,Triple R NSW Campaign 3 Cold Export
483f0fae8f79eee5,stthomascare.com.au,St Thomas Care,,1,https://stthomascare.com.au,stthomascare.com.au,Hospitals and Health Care,,2001-01-10T00:00:00.000Z,St Thomas Care is a Registered NDIS provider servicing the Sutherland Shire Community. We provide a variety of services including Respite Care and SIL at our Caringbah location.,,,1,,https://www.linkedin.com/company/st-thomas-care/,,NSW,Unclear,Yes,A,1,1,0,Triple R NSW Campaign 3 Cold Export
a3839f60d76dd6a0,sunnyhaven.org.au,Sunnyhaven Disability Services,,,https://sunnyhaven.org.au/,sunnyhaven.org.au,,,,,,,,,,,NSW,No,Yes,A,1,1,0,Triple R NSW Campaign 3 Cold Export
33410fd726b313fc,srsinc.com.au,Sunraysia Residential Services,,,https://srsinc.com.au,srsinc.com.au,,,,,,,,,,,VIC,Yes,No,A,1,1,0,Triple R VIC Campaign 3 Cold Export
fbd813bce2d3ee39,sunrise.org.au,Sunrise Health Service Aboriginal,,11-50,https://sunrise.org.au,sunrise.org.au,,,,,,,36,,https://www.linkedin.com/company/sunrise-health-service-aboriginal-corporation/,,NSW,Yes,No,A,1,1,0,Triple R NSW Campaign 3 Cold Export
153923a080f031e9,sunrise2sunrise.com.au,Sunrise2Sunrise,,,https://sunrise2sunrise.com.au/,sunrise2sunrise.com.au,,,,,,,,,,,VIC,Yes,Yes,A,1,1,0,Triple R VIC Campaign 3 Cold Export
46514b8b1d15706a,supersupportcoordination.au,Super Support Coordination,,,https://supersupportcoordination.au,supersupportcoordination.au,,,,,,,,,,,VIC,Yes,No,A,1,1,0,Triple R VIC Campaign 3 Cold Export
b549853cd0c6b393,supportagency.com.au,Support Agency,,,No website found,supportagency.com.au,,,,,,,,,,,VIC,Yes,No,A,1,1,1,Triple R VIC Campaign 3 Cold Export
b701eeee74165b0d,supportcoordinator,Support Coordinator,,,No website found,supportcoordinator,,,,,,,,,,,VIC,Yes,No,A,1,1,0,Triple R VIC Campaign 3 Cold Export
a4274e350d3d7a2d,aapd.com,Support People With Disabilities,,,https://www.aapd.com/,aapd.com,,,,,,,,,,,NSW,No,No,A,1,1,0,Triple R NSW Campaign 3 Cold Export
ba84cefe6035d050,nod.org,Support People With Disabilities,,,https://nod.org/,nod.org,,,,,,,,,,,NSW,No,No,A,1,1,1,Triple R NSW Campaign 3 Cold Export
be564513ec2562f3,dspd.utah.gov,Support People with Disabilities,,,https://dspd.utah.gov/,dspd.utah.gov,,,,,,,,,https://www.linkedin.com/search/results/all/?keywords=Support+People+with+Disabilities+Pty+Ltd,,NSW,Yes,Yes,A,1,1,1,Triple R NSW Campaign 3 Cold Export
0e8920640624bde8,servicecoord.org,Support coordinator,,,https://servicecoord.org,servicecoord.org,,,,,,,,,,,VIC,Yes,Yes,A,1,1,0,Triple R VIC Campaign 3 Cold Export
d49f1c4aef979a48,silc.coop,Supporting Independent Living Co-operative,,11-50,https://silc.coop,silc.coop,Individual and Family Services,,,"Supporting Independent Living Co-operative (SILC) is a supported independent living accommodation provider, offering bespoke accommodation models for people with disability.",,,28,,https://www.linkedin.com/company/supporting-independent-living-co-operative-ltd/,,NSW,No,No,A,1,1,1,Triple R NSW Campaign 3 Cold Export
419c5c264771571c,sydneyccs.com.au,Sydney Community Care Services,,1,https://sydneyccs.com.au,sydneyccs.com.au,Community Services,,2001-01-10T00:00:00.000Z,,,,1,,,,NSW,Yes,Yes,A,1,1,0,Triple R NSW Campaign 3 Cold Export
234d8d7053a770ee,synergy-vision.com,Synergy Vision,,51-200,https://synergy-vision.com,synergy-vision.com,Pharmaceutical Manufacturing,,,"At Synergy Vision we have a blend of pharma and agency experience, which means we fully understand our clients’ needs and are able to offer a unique perspective. Additionally, our highly qualified writing team have spent significant time in scientific research and publishing roles.

Our experience, combined with our passion for science and global presence, means we are able to deliver seamless strategic communications support and implement programmes across Europe, North and South America, and the Asia-Pacific region.

Our ultimate goal is to deliver medical communications programmes that make a difference to healthcare professionals and patients.",,,65,,https://www.linkedin.com/search/results/all/?keywords=Synergy+Vision+,,NSW,Yes,No,A,1,1,1,Triple R NSW Campaign 3 Cold Export
ff10913d6dd85e0e,tlcnursingagency.com,TLC NURSING AGENCY,,11-50,https://tlcnursingagency.com,tlcnursingagency.com,Medical Practices,,2001-11-20T00:00:00.000Z,,,,18,,https://www.linkedin.com/company/tlc-nursing-agency/,,NSW,Unclear,No,A,1,1,0,Triple R NSW Campaign 3 Cold Export
8dda67c2fb480efa,tlspartnersrx.com,TLS Healthcare,,,https://tlspartnersrx.com/,tlspartnersrx.com,,,,,,,,,,,VIC,Unclear,Yes,A,1,1,0,Triple R VIC Campaign 3 Cold Export
145a991b989f77ac,capable.design,The Capable,,,https://www.capable.design/,capable.design,,,,,,,,,,,NSW,Yes,Yes,A,1,1,0,Triple R NSW Campaign 3 Cold Export
49d43f81c8491802,thecassidycrew.com.au,The Cassidy Crew,,,https://thecassidycrew.com.au/,thecassidycrew.com.au,,,,,,,,,,,VIC,Yes,No,A,1,1,0,Triple R VIC Campaign 3 Cold Export
ee0292ce18c68109,ctf.org,The Children's Tumour Foundation,,,https://www.ctf.org/,ctf.org,,,,,,,,,,,NSW,Unclear,No,A,1,1,0,Triple R NSW Campaign 3 Cold Export
d039e7320e768aff,disabilitytrust.org.au,The Disability Trust,,,https://disabilitytrust.org.au/,disabilitytrust.org.au,,,,,,,,,,,NSW,Yes,Yes,A,1,1,1,Triple R NSW Campaign 3 Cold Export
2a92a51726bdfa72,theonlysc.com.au,The Only Support Coordination,,,https://theonlysc.com.au,theonlysc.com.au,Hospitals and Health Care,,2001-01-10T12:00:00.000Z,,,,,,,,VIC,Yes,Yes,A,1,1,0,Triple R VIC Campaign 3 Cold Export
2dc2f6a8899efbfa,people-inc.org,The Support People,,,https://people-inc.org,people-inc.org,,,,,,,,,,,VIC,Yes,Yes,A,1,1,0,Triple R VIC Campaign 3 Cold Export
23b354c2af353f0a,thinkgrowconnect.com,Think Connect,,,No website found,thinkgrowconnect.com,,,,,,,,,,,VIC,Yes,No,A,1,1,0,Triple R VIC Campaign 3 Cold Export
53d91cfd53e6ebe5,totalcareteam.com.au,Total Care Team,,,https://www.totalcareteam.com.au/,totalcareteam.com.au,,,,,,,,,,,VIC,Yes,Yes,A,1,1,0,Triple R VIC Campaign 3 Cold Export
a3697603ffeb7afc,travengers.com.au,Travengers AU,,,https://travengers.com.au/,travengers.com.au,,,,,,,,,,,NSW,Unclear,No,A,1,1,0,Triple R NSW Campaign 3 Cold Export
0c81fd4ec7eae7d7,tricarehealthservices.com.au,TriCare Health Services,,,No website found,tricarehealthservices.com.au,,,,,,,,,,,NSW,Unclear,Yes,A,1,1,0,Triple R NSW Campaign 3 Cold Export
e814eef9c7cb8a85,trilogydisabilityfoundation.org,Trilogy Disability Foundation,,,https://trilogydisabilityfoundation.org,trilogydisabilityfoundation.org,,,,,,,,,https://www.linkedin.com/company/trilogy-disability-foundation/,,NSW,Unclear,Yes,A,1,1,1,Triple R NSW Campaign 3 Cold Export
5bd80db9be6ad482,triniticare.com.au,Triniti Disability Support Service,,11-50,https://triniticare.com.au,triniticare.com.au,Hospitals and Health Care,,2001-11-20T00:00:00.000Z,"Triniti Disability Service is an registered NDIS provider offering individualised support to people with disability and engaging options to support NDIS participants. We provide the NDIS disability service in Campbelltown, Central Coast and Liverpool. Triniti disability service  is dedicated to empowering individuals with disabilities to lead fulfilling and independent lives. 

Our Disability Services : 

Personal & Household Activities
- Community Participation
- Community Nursing
- Restrictive Practices
- High Intensity
- SSRC
- Transport
- Support Coordination
- SIL, SDA, MTA & STA Respite Accommodation


Empowering lives with exceptional NDIS care - Triniti: Your trusted partner in disability support and compassionate care",,,16,,https://www.linkedin.com/company/triniti-disability-support-service/,,NSW,Yes,Yes,A,1,1,1,Triple R NSW Campaign 3 Cold Export
249bf2aa520058e7,trinitysupports.com,Trinity Support,,,https://trinitysupports.com/,trinitysupports.com,,,,,,,,,https://www.linkedin.com/search/results/all/?keywords=Trinity+Support,,NSW,No,No,A,1,1,1,Triple R NSW Campaign 3 Cold Export
07adbd01875d6391,truebluecare.com.au,True Blue Care Disability Services,,2-10,https://truebluecare.com.au,truebluecare.com.au,Hospitals and Health Care,,2001-01-10T00:00:00.000Z,"True Blue Care Disability Services is a registered NDIS services provider. 
TBC support people with disabilities, family members and carers. 
TBC is keen to ensure that people with disabilities are satisfied with the services, support to build their capacity and life skills.
TBC is unique with its international respite for NDIS funded participants (ask for quote)  
TBC is specialized with customized activity center with our large, accessible  and well equipped space (Ask for activity schedule). 
TBC has a large cleaning team expertise with and have long experience in the cleaning field. 
TBC also offers all other NDIS services.",,,4,,https://www.linkedin.com/company/true-blue-care-disability-services/,,NSW,Yes,Yes,A,1,1,1,Triple R NSW Campaign 3 Cold Export
023ef2b1e71d14c5,ultimatedisabilityservices.com.au,Ultimate Disability Services,,,https://ultimatedisabilityservices.com.au/,ultimatedisabilityservices.com.au,,,,,,,,,,,NSW,Yes,No,A,1,1,0,Triple R NSW Campaign 3 Cold Export
837bb5305f7339ab,uds.com.au,Unify Disability Services,,,https://uds.com.au,uds.com.au,,,,,,,,,,,VIC,Yes,No,A,1,1,0,Triple R VIC Campaign 3 Cold Export
0b89439f0787b27a,unitedfoundation.org.au,United Foundation,,2-10,https://unitedfoundation.org.au,unitedfoundation.org.au,Hospitals and Health Care,,2001-01-10T00:00:00.000Z,"Supporting vulnerable communities.
The inequality of access to necessary services and resources has held back vulnerable communities for far too long. At United Foundation, we believe that anything is possible with the right resources. By connecting those in need to essential services and offering personalised, tailored support we see it as our mission to break the cycle of disadvantage, shifting lives into better futures.

Our core objectives:
- Facilitate access to essential services.
- Develop comprehensive outreach programs.
- Develop innovative solutions.",,,5,,https://www.linkedin.com/company/unitedfoundation/,,NSW,Unclear,No,A,1,1,1,Triple R NSW Campaign 3 Cold Export
6c9d633ecfba6e07,unitedsupports.com.au,United Supports,,,https://www.unitedsupports.com.au/,unitedsupports.com.au,,,,,,,,,https://www.linkedin.com/company/united-supports/,,NSW,Yes,No,A,1,1,0,Triple R NSW Campaign 3 Cold Export
cffc16cf87d2a2da,vantagemarkets.com,Vantage Support,,,https://www.vantagemarkets.com/,vantagemarkets.com,,,,,,,,,,,VIC,Unclear,Yes,A,1,1,0,Triple R VIC Campaign 3 Cold Export
8d8888d78ab1d216,ourverity.org,Verity Support,,,https://ourverity.org,ourverity.org,,,,,,,,,,,VIC,Unclear,No,A,1,1,0,Triple R VIC Campaign 3 Cold Export
434eed1e6cc665ea,vicss.com.au,Victorian Coordination Services,,,https://vicss.com.au,vicss.com.au,,,,,,,,,,,VIC,Yes,No,A,1,1,0,Triple R VIC Campaign 3 Cold Export
f245f66dbdd3aea1,wecarecommunityservices.com,WE CARE Community Services,,,https://wecarecommunityservices.com/,wecarecommunityservices.com,,,,,,,,,https://www.linkedin.com/company/we-care-community-services/,,NSW,Unclear,No,A,1,1,0,Triple R NSW Campaign 3 Cold Export
91b3f3b6299f4a12,warrnamboolhospice.org.au,Warrnambool & District Community Hospice,,,https://warrnamboolhospice.org.au/,warrnamboolhospice.org.au,,,,,,,,,,,VIC,No,No,A,1,1,0,Triple R VIC Campaign 3 Cold Export
5921a4259382b0ab,wathaurong.org.au,Wathaurong Aboriginal Co-operative,,,https://wathaurong.org.au/,wathaurong.org.au,,,,,,,,,,,VIC,Yes,Yes,A,1,1,1,Triple R VIC Campaign 3 Cold Export
e962347ae4dec94d,wesupportu.com.au,WeSupportU,,,https://wesupportu.com.au/,wesupportu.com.au,,,,,,,,,,,VIC,Yes,Yes,A,1,1,0,Triple R VIC Campaign 3 Cold Export
7d592e6a5528eede,well.company,Well Health Care,,,https://well.company/,well.company,,,,,,,,,,,VIC,Yes,No,A,1,1,0,Triple R VIC Campaign 3 Cold Export
ff1be585aa894ef1,westpeakss.com.au,Westpeak Support Services,,,https://www.westpeakss.com.au/,westpeakss.com.au,,,,,,,,,,,VIC,Yes,No,A,1,1,0,Triple R VIC Campaign 3 Cold Export
61310487d1801502,wingsforcare.com.au,Wings For Care,,,https://wingsforcare.com.au/,wingsforcare.com.au,,,,,,,,,,,VIC,Yes,Yes,A,1,1,0,Triple R VIC Campaign 3 Cold Export
dfc5b4defd99add9,woodville.org.au,Woodville Alliance,,11-50,https://woodville.org.au,woodville.org.au,Non-profit Organizations,,,"Woodville Alliance is a community-based agency based in Western Sydney, with major programs in disability, mental health, family & youth support community development, and early childhood education & care.

We have been working in partnership with your communities for more than 40 years and are a strong advocate of local issues – working towards a fairer, more just society and improved quality of life for people in Western Sydney.",,,47,,https://www.linkedin.com/company/woodville-community-services-inc/,,NSW,Yes,No,A,1,1,1,Triple R NSW Campaign 3 Cold Export
f73d7dcb8eb06371,journeystartshere.com,Your Journey Starts Here,,,https://www.journeystartshere.com,journeystartshere.com,,,,,,,,,,,VIC,Unclear,No,A,1,1,0,Triple R VIC Campaign 3 Cold Export
52e5ad44a571c0fa,yoursupportlink,Your Support Link,,,No website found,yoursupportlink,,,,,,,,,,,VIC,Yes,Yes,A,1,1,0,Triple R VIC Campaign 3 Cold Export
69881f44418cdf64,ysas.org.au,Youth Support Advocacy Service,,,https://ysas.org.au/,ysas.org.au,,,,,,,,,,,VIC,No,Yes,A,1,1,0,Triple R VIC Campaign 3 Cold Export
9aba136492ac2dfc,ands.com.au,australian national disability services ands,,,https://www.ands.com.au/,ands.com.au,,,,,,,,,,,VIC,Yes,Yes,A,1,1,0,Triple R VIC Campaign 3 Cold Export
b58193eed5e3ff84,caregiveraction.org,carer support,,,https://caregiveraction.org/,caregiveraction.org,,,,,,,,,https://www.linkedin.com/search/results/all/?keywords=Simply+Love+Celebrant,,NSW,,,B,1,1,1,Triple R NSW Campaign 3 Cold Export
ebae83f417ca0a32,crystalitedisabilitycareservices.com.au,crystalite disability care,,,https://www.crystalitedisabilitycareservices.com.au/,crystalitedisabilitycareservices.com.au,,,,,,,,,,,NSW,Yes,No,A,1,1,0,Triple R NSW Campaign 3 Cold Export
c772f3f43424c81c,futuresinisight.com.au,futures in sight,,,https://www.futuresinisight.com.au/,futuresinisight.com.au,,,,,,,,,,,VIC,Unclear,No,A,1,1,0,Triple R VIC Campaign 3 Cold Export
152e4820e657095a,fwd-collective.com,fwd collective,,,https://www.fwd-collective.com/,fwd-collective.com,,,,,,,,,,,VIC,Unclear,Yes,A,1,1,1,Triple R VIC Campaign 3 Cold Export
e60cc1794a81b71e,icaresupportservices.com.au,iCare Support Coordination,,,https://www.icaresupportservices.com.au,icaresupportservices.com.au,,,,,,,,,,,VIC,Yes,Yes,A,1,1,0,Triple R VIC Campaign 3 Cold Export
afc8098d5f660980,lightinglives.in,lighting lives,,1,https://www.lightinglives.in/,lightinglives.in,,,2001-01-10T00:00:00.000Z,,,,1,,https://www.linkedin.com/company/lighting-lives/,,NSW,Unclear,No,A,1,1,0,Triple R NSW Campaign 3 Cold Export
e2f517da4a5540e6,ucareicare.com.au,uCare iCare,,,https://ucareicare.com.au/,ucareicare.com.au,,,,,,,,,,,VIC,Yes,Yes,A,1,1,0,Triple R VIC Campaign 3 Cold Export
d515bd8e1ed6cf82,anglicare.org.au,Anglicare Sydney,Anglicare; Anglicare Community Services; Anglicare Family & Relationship Services; Anglicare community Care; Catholic Healthcare; The Royce; Newmarch House,1001-5000,https://anglicare.org.au,anglicare.org.au,Non-profit Organizations,,,"Anglicare Sydney provides retirement living, residential aged care, and  community care services to people in the Greater Sydney and the Illawarra Region.  As one of Australia's largest Christian care organisations, Anglicare Sydney reaches out to tens of thousands of people every year.

Anglicare Sydney provides care for all people by addressing emotional, social and physical needs and by bringing the gospel message of Jesus that alone meets spiritual needs.

Through God's grace and the practical, prayerful support of people throughout Sydney, Anglicare is able to make Christ's love real to those who use our services.",,,2206,,https://www.linkedin.com/company/anglicare-sydney/,,NSW,Yes,No,A,71,0,52,Triple R NSW Campaign 3 Cold Export
e0ea4b876fddb951,missionaustralia.com.au,Mission Australia,Misssion Australia,1001-5000,https://missionaustralia.com.au,missionaustralia.com.au,Non-profit Organizations,,,"At Mission Australia, we believe in hope and possibility for all.  

With more than 165 years of experience meeting human need, we are one of the largest and most trusted for-purpose community service and housing providers in the country.  

As a national non-denominational Christian charity, our values of respect, compassion, integrity, perseverance and celebration are at the heart of all we do.  

Every day, we deliver homelessness services, provide social and affordable housing, help families, children and young people thrive, improve mental health and wellbeing, support people with disability, provide pathways to employment and financial stability, strengthen communities, offer alcohol and other drug support, and more.  

Backed by our supporters, partners, funders and collaborators, we welcome and work alongside people and communities of all backgrounds, ages and beliefs who seek our support, providing excellent services and safe, secure homes that offer hope and lasting impact.  

With our evidence and courageous voice, we advocate for a fairer nation and better outcomes for the people and communities we serve.  

Guided by our bold Strategy 2030, we’re focused on delivering more safe, secure homes, expanding our impact and strengthening our organisation to meet the growing needs of people across Australia.  

Together, we’re building hope and possibility for all.",,,2336,,https://www.linkedin.com/company/mission-australia/,,NSW,Yes,Yes,A,35,0,26,Triple R NSW Campaign 3 Cold Export
17fdb51a8bef2ff1,boltonclarke.com.au,Bolton Clarke,Allity Aged Care; RDNS; Rosemore Aged Care,1001-5000,https://www.boltonclarke.com.au/,boltonclarke.com.au,Hospitals and Health Care,,,"Bolton Clarke is Australia’s largest independent, not-for-profit aged care provider shaping the future of positive ageing. With RSL Queensland and the Royal District Nursing Service at the heart of our DNA, we have been caring for Australians since 1885. Today, our exceptional teams support more than 130,000 people to live independently at home and across our 43 retirement living communities and 88 residential aged care homes. Everything we do is dedicated to enabling, celebrating and supporting older Australians to live and age positively.",,,3090,,https://www.linkedin.com/company/bolton-clarke/,,VIC,Yes,Yes,A,32,0,11,Triple R VIC Campaign 3 Cold Export
d122ba6d0359fad5,health.nsw.gov.au,NSW Health,Each; Interrelate; Teachers Health; community mental health team,10001+,https://www.health.nsw.gov.au/,health.nsw.gov.au,Hospitals and Health Care,,,"With more than 170,000 staff and 228 hospitals, there are millions of ways we are enriching the health of the NSW community every day.

In front of a patient, working in a kitchen, developing new treatments, or at a desk, each one of our staff is a vital member of the largest health organisation in Australia. What binds us is our shared passion and commitment to caring for people. We’re empowering staff to work to their full potential and equip people with skills and capabilities to be agile and responsive.

Join the team enriching health in millions of ways every day. Find out more: https://www.health.nsw.gov.au/careers/Pages/benefits.aspx 

View our social media community guidelines here: https://www.health.nsw.gov.au/social/Pages/community-guidelines",,,22253,,https://www.linkedin.com/company/nsw-health/,,NSW,Yes,No,A,30,0,16,Triple R NSW Campaign 3 Cold Export
1fb1096fea2aafe0,opalhealthcare.com.au,Opal Healthcare,Opal Aged Care; BlueCross Aged Care; Waverley Valley Aged Care; Waverley valley aged care,1001-5000,https://www.opalhealthcare.com.au/,opalhealthcare.com.au,Hospitals and Health Care,,,"Opal HealthCare has 142 Care Communities across Australia, offering residential aged care with services for respite, dementia care, palliative care, and rehabilitation.  We have 24/7 nurse care and the hospitality of home-cooked meals in every one of our Care Communities.
We understand that thinking about or deciding on aged care is never easy.  It can trigger all kinds of emotions, like fear, anxiety, guilt, loss or even relief. 
For us, aged care is about empathy and understanding and delivering the best possible quality of life. All provided by some of the most experienced and caring people you’ll ever meet.
We encourage our residents to live a life of meaning and purpose – that’s why understanding the big and the little details about how you like to live each day is important to us – so that we can help you feel at home, have the right support and live your best life in our care.

This is the future of aged care in Australia",,,2509,,https://www.linkedin.com/company/opal-healthcare-australia/,,NSW,Yes,No,A,29,0,9,Triple R NSW Campaign 3 Cold Export
1265fd0a8c6393f5,wesleymission.org.au,Wesley Mission,Wesley Mission Victoria,1001-5000,https://wesleymission.org.au,wesleymission.org.au,Non-profit Organizations,,,"We’re a non-profit community services organisation and a church that work as one to #DoMoreGood.  

Our story of faith, hope and commitment began more than 200 years ago, when a pioneering church stepped out to make a difference for people who were being forgotten and marginalised. 

From those small beginnings grew a bold and lasting mission. Today we’re still relentless in supporting all people, across all stages of life.  

Our vital community services support children and families, older Australians, people living with disability and people who need pathways out of homelessness, addiction, mental health challenges, financial hardship, and tough domestic situations. We invest in communities with safety nets like Lifeline and advocate against systemic injustices like housing inequity and gambling harm. Our churches are places of spiritual growth, connection and hope.  

In this world of extraordinary shifts, one thing does not change: we remain driven to do more good.",,,1295,,https://www.linkedin.com/company/wesley-mission/,,NSW,Yes,Yes,A,25,0,23,Triple R NSW Campaign 3 Cold Export
97d11d6c62d46fd4,eml.com.au,EML Group,EML,1001-5000,https://www.eml.com.au/,eml.com.au,Insurance,,,"At EML we take great pride in helping people get their lives back after a workplace injury. 

Since our foundation in 1910 the EML Group have maintained a singular vision; to dedicate our services to improving work health and safety for the benefit of our members, workers and the broader community which we support.

Today, we have over 4,000 specialists working in partnership with businesses, injured workers and government schemes across Australia, helping to make a difference.

We are Australia’s largest provider of claims management services for self-insurers and focus on providing tailored injury prevention and return to work support. We have helped well over 350,000 injured workers get their lives back.",,,2400,,https://www.linkedin.com/company/emlgroup/,,NSW,No,No,A,24,0,12,Triple R NSW Campaign 3 Cold Export
5a2d59a81c77013a,hammond.com.au,HammondCare,HammondCare at Home,1001-5000,https://www.hammond.com.au/,hammond.com.au,Hospitals and Health Care,,,"At HammondCare, we’ve been caring for people for over 90 years. We're an independent Christian charity, providing expert aged care, home care, dementia care and palliative care for older people, all over Australia, regardless of their circumstances, beliefs, background or financial situation.
 
Whether it's at home, in hospital or in one of our innovative small household residences, from the most complex situations to just offering a little help, we bring the same skill, experience and compassion to all we do.
 
It's not just care, it's HammondCare.",,,1686,,https://www.linkedin.com/company/hammondcare/,,NSW,Yes,Yes,A,23,0,20,Triple R NSW Campaign 3 Cold Export
411d7dad220aac92,gallagherbassett.com,Gallagher Bassett,,5001-10000,https://www.gallagherbassett.com/,gallagherbassett.com,Insurance,,,"About Gallagher Bassett:

We are the leading provider of claims and risk management services, helping people and companies prevent, manage and overcome the impact of risk. Our team of experienced professionals understands the nuances of your business and always delivers the outcomes that matter most to your organization.

Our story is one of strategic decision making, innovation, commitment to quality, and delivering excellent service. With these, Gallagher Bassett provides a unique suite of claims management and related consulting and technical services.

Gallagher Bassett introduced the Third-Party Claims Administrator (TPA) model to the local insurance industry. As pioneers in this fast-growing sector, we continue to set the benchmark for quality, customer service, and TPA systems across all insurance sectors. 

We have operations in the United States, Australia, and the United Kingdom.  

Being part of a global organization gives us an advantage in technology, processes, personnel, and consulting services. This combination of global reach and local market expertise enables us to quickly and accurately assess any situation and provide an optimal solution. Our clients can rest assured that we fully understand their needs and are equipped to act whenever, wherever, and however required.",,,6488,,https://www.linkedin.com/company/gallagher-bassett/,,VIC,Unclear,No,A,20,0,0,Triple R VIC Campaign 3 Cold Export
b8f097e0934860fb,anglicarevic.org.au,Anglicare Victoria,,,https://www.anglicarevic.org.au/,anglicarevic.org.au,,,,,,,,,,,VIC,Unclear,No,A,18,0,4,Triple R VIC Campaign 3 Cold Export
463975fcac301097,monashhealth.org,Monash Health,Monash Health ELMHS; Monash health,,https://monashhealth.org/,monashhealth.org,,,,,,,,,,,VIC,No,No,A,18,0,2,Triple R VIC Campaign 3 Cold Export
0bdfae2a0a97e5b8,vacca.org,VACCA,Victorian Aboriginal Child Care Agency,,https://www.vacca.org/,vacca.org,Non-profit Organizations,,,,,,,,,,VIC,Yes,No,A,17,0,9,Triple R VIC Campaign 3 Cold Export
ce5cdd4d8d02d88e,salvationarmy.org,The Salvation Army,,,https://www.salvationarmy.org/,salvationarmy.org,,,,,,,,,https://www.linkedin.com/company/salvationarmyus/,,VIC,Unclear,No,A,16,0,1,Triple R VIC Campaign 3 Cold Export
5e72c66a9479d947,easternhealth.org.au,Eastern Health,Australian Department of Veteran Affairs; Eastern health mental health; Maroondah Hospital,,https://www.easternhealth.org.au/,easternhealth.org.au,Hospitals and Health Care,,,,,,,,,,VIC,Unclear,Yes,A,15,0,6,Triple R VIC Campaign 3 Cold Export
41e55c0e84a91bb7,mercyhealth.com.au,Mercy Health Australia,Euroa Health; Mercy health Geelong,,https://www.mercyhealth.com.au/,mercyhealth.com.au,Hospitals and Health Care,,,,,,,,,,VIC,Yes,Yes,A,14,0,3,Triple R VIC Campaign 3 Cold Export
68af1b8eaff1209f,baptistcare.org.au,BaptistCare,Baptist Community Services; Baptist care; BaptistCare NSW & ACT; Blue hills Manor; Bupa Aged Care Australia; Catholic Healthcare; Durham Green Manor,1001-5000,https://baptistcare.org.au,baptistcare.org.au,Non-profit Organizations,,,"We are proud to be part of a newly merged national care organisation, BaptistCare, committed to providing exceptional support and services across Australia. Together, we are building on a shared history of care and compassion, expanding our reach, and strengthening our mission to help people live well with dignity and purpose. 

Together, we now employ over 12,000 dedicated staff and support over 38,000 customers across NSW, the ACT, Victoria, Tasmania, South Australia, and Western Australia, offering retirement living, aged care, community housing, and family and community services.",,,1812,,https://www.linkedin.com/company/baptistcare/,,NSW,Yes,No,A,13,0,9,Triple R NSW Campaign 3 Cold Export
e6c6d377c516d52f,unitingvictas.org.au,Uniting Vic.Tas,Uniting; Lentara UnitingCare; Uniting Wimmera; Wesley Mission Victoria,501-1000,https://www.unitingvictas.org.au/,unitingvictas.org.au,Civic and Social Organizations,,,"People are important and change is possible. 
In standing with those who live life at the margins, by strengthening our communities and by speaking out, we will create a more just society. 

We are 7000 people working in partnerships to deliver 770 programs and services that positively impact people’s lives and enrich communities. 

We empower children, young people and families to learn and thrive. We’re there for people experiencing homelessness, drug and alcohol addiction or mental illness. We support people with disability to live the life they choose. We assist older people to maintain their independence and enjoy life. We provide opportunities to access training and meaningful employment. We’re proud to welcome and support people newly arrived to our community. We work to empower people with the information, skills and tools they need to live a healthy, happy life.

Uniting in Victoria and Tasmania is an organisation founded through the joining of 21 UnitingCare agencies and Wesley Mission Victoria. In coming together as a a single organisation we make a deep and lasting commitment to continue providing necessary, valuable and relevant services to the communities we work alongside.",,,807,,https://www.linkedin.com/company/uniting-vic-tas/,,VIC,Yes,Yes,A,13,0,5,Triple R VIC Campaign 3 Cold Export
0f4187eb28f906cb,estiahealth.com.au,Estia Health,Mark Moran Group,1001-5000,https://estiahealth.com.au,estiahealth.com.au,Hospitals and Health Care,,,"At Estia Health, everything we do is guided by our purpose to enrich and celebrate life together.
We believe everyone has the right to be treated with compassion and respect at every stage of life. With 70+ homes across Australia in Victoria, South Australia, New South Wales and Queensland, our homes are welcoming places where all residents can expect exceptional care, friendly faces and enriching experiences, delivered by our expert, skilled and compassionate teams.

Estia Health is not affiliated nor associated with the Estia Foundation of Australia (a registered charity and provider of NDIS services).

Estia Health is an Australian based aged care provider who does not have a presence in the United States.  If you are interested in opportunities in Australia with Estia Health we encourage you to review vacancies via our website https://www.estiahealth.com.au/careers-home/",,,2480,,https://www.linkedin.com/company/estia-health/,,NSW,No,Yes,A,12,0,8,Triple R NSW Campaign 3 Cold Export
2e8f6540706f213c,montefiore.org.au,Montefiore,Sir Moses Montefiore Jewish Home; Help at Home by Montefiore,501-1000,https://montefiore.org.au,montefiore.org.au,Hospitals and Health Care,,,"Montefiore is one of Australia’s leading aged care organisations serving Sydney’s Eastern Suburbs and North Shore. We offer support to older members of the community throughout all stages of the ageing experience, with unparalleled clinical and allied health services and a personal approach to care. We provide Residential Care (with specialist dementia care) at four Sydney campuses; in-home care through Help at Home by Montefiore, luxury independent living for seniors at M by Montefiore in Randwick, and two seniors’ Day Centres.

As a non-profit communal organisation founded on Jewish values, with a proud history spanning 130 years, we are driven by the belief that we must look after each other as we age. We are proud to bring choice, dignity and wellbeing to the people who matter, no matter who they are.",,,860,,https://www.linkedin.com/company/montefiore.org.au/,,NSW,Unclear,Yes,A,12,0,11,Triple R NSW Campaign 3 Cold Export
abf0c489d79a857a,svhm.org.au,St Vincent's Hospital Melbourne,St.Vincent's Hospital melbourne,,https://www.svhm.org.au/,svhm.org.au,Hospitals and Health Care,,,,,,,,,,VIC,Unclear,No,A,12,0,1,Triple R VIC Campaign 3 Cold Export
04aa3dfe68312c70,slhd.health.nsw.gov.au,Sydney Local Health District,South Western Sydney LHN and Sydney LHN; Concord Repatriation General Hospital; RPAH; Royal Prince Alfred Hospital; Royal prince alfred hospital,,https://slhd.health.nsw.gov.au/,slhd.health.nsw.gov.au,,,,,,,,,https://www.linkedin.com/company/sydney-local-health-district/,,NSW,Unclear,No,A,12,0,5,Triple R NSW Campaign 3 Cold Export
8c09cc8f76fd9faa,thermh.org.au,The Royal Melbourne Hospital,Melbourne Health; Barwon Health; The Royal Melbourne Hospital & NorthWestern Mental Health,,https://www.thermh.org.au/,thermh.org.au,Hospitals and Health Care,,,,,,,,,,VIC,Yes,Yes,A,12,0,0,Triple R VIC Campaign 3 Cold Export
bb11d06542d23348,australianunity.com.au,Australian Unity,Australian Unity Home Care; EML Group; Oxley Home Care; St. Brigids Green; Sue Mann Nursing & Community Care,1001-5000,https://www.australianunity.com.au,australianunity.com.au,Wellness and Fitness Services,,,"Established in 1840, we are Australia’s first wellbeing company, delivering health, wealth and care services for our members and the community.

As a social enterprise, we’re motivated by our purpose to positively impact the wellbeing of millions. We reinvest profits to deliver products and services sustainably that matter most to our members, customers and the community. 

For us, Real Wellbeing encompasses the whole experience of life. It’s about feeling supported in your health, connected with your community and empowered to live life on your terms.

This page shares information and stories about wellbeing. We encourage you to comment, respond and interact with us, but remember this page is a safe and welcome place.

Australian Unity reserves the right to remove any comment that:
• Is obscene, threatening, abusive, defamatory, misleading, offensive, or of a sexual nature.
• Provides professional advice on legal, medical, or financial matters.
• Violates intellectual property rights, or breaks the law.
• Is trolling, spamming, repetitive, or information that is misleading.
• Is not relevant to the content published on this page.

Please be mindful when sharing personal information or making comments about a service offered by another organisation or practitioner.

Any violation of these rules may result in a ban from this page.

We do not endorse any opinions expressed by guests on this page, nor do we warrant that their statements are accurate. 

We will never request your personal details or banking information via public posts. Do not post any personal or sensitive information such as your bank account details, birthday, home address, phone number, driver's license or tax file number in your comments. 

This page is monitored from 9-5 AEST, Monday to Friday, exc. public holidays. When a response is required, we will aim to respond within 24 business hours.

For urgent enquiries, please call 13 29 39.",,,2697,,https://www.linkedin.com/company/australian-unity/,,NSW,Yes,No,A,11,0,5,Triple R NSW Campaign 3 Cold Export
4d6e0f088b614b49,dovida.com.au,Dovida Australia,Home Instead Australia; Dovida Melbourne Outer North East,201-500,https://dovida.com.au,dovida.com.au,Hospitals and Health Care,,,"Formerly Home Instead Australia, Dovida is a national provider of high-quality, person-centred home care. We empower older people to live their life, their way at home. Dovida creates a Circle of Care that places individuals at the centre of a holistic support system, uniting families, our skilled caregivers, our support teams, and the wider healthcare community. 

We provide a range of services including everyday companionship, domestic assistance, persona care, meal preparation, medication reminders, and transport to appointments, shopping and social outings. Care is available from 2hrs to 24hrs a day and ranges from light housekeeping to dementia care and palliative care.",,,354,,https://www.linkedin.com/company/dovida-australia/,,NSW,Yes,Yes,A,11,0,5,Triple R NSW Campaign 3 Cold Export
e26ac0824c24f389,swslhd.health.nsw.gov.au,South Western Sydney Local Health District,South Western Sydney LHN and Sydney LHN; Sydney South West Area Health Service; Liverpool Hospital,1001-5000,https://www.swslhd.health.nsw.gov.au/,swslhd.health.nsw.gov.au,Hospitals and Health Care,,,"Welcome to the South Western Sydney Local Health District - one of the largest health districts in the state.

The District's vision is to provide a healthcare service that is patient focused, equitable and responsive to the changing and developing needs of the communities in south western Sydney.

SWS LHD covers seven Local Government Areas from Bankstown to Wingecarribee and has a population of approximately 820,000 people.

The District is among the most rapidly growing populations in NSW and projected to grow to over more than a million people in the next decade. It is also a vibrant, culturally diverse region with almost a third of its population speaking a language other than English at home. 

The District covers both rural and suburban communities and manages six acute public hospitals:

Bankstown-Lidcombe Hospital
Bowral and District Hospital
Campbelltown and Camden Hospitals
Fairfield Hospital
Liverpool Hospital
The District also operates 14 major community health centres providing prevention, early intervention and community-based treatment, palliative care and rehabilitation services.

Oral Health, Drug Health and Mental Health services are provided at a number of facilities across the District.

Affiliated Health Services include: Karitane, Braeside Hospital, Carrington Centennial Care and the NSW Service for the Treatment and Rehabilitation of Torture and Trauma Survivors.",,,2534,,https://www.linkedin.com/company/swslhd/,,NSW,Yes,No,A,11,0,5,Triple R NSW Campaign 3 Cold Export
607fc1374b195898,westernhealth.org.au,Western Health,,,https://westernhealth.org.au/,westernhealth.org.au,Hospitals and Health Care,,,,,,,,,,VIC,Unclear,No,A,11,0,3,Triple R VIC Campaign 3 Cold Export
9388575ee5b9f330,austin.org.au,Austin Health,Austin health Vic; Heidelberg Repatriation Veterans Centre,,https://www.austin.org.au/,austin.org.au,Hospitals and Health Care,,,,,,,,,,VIC,Yes,No,A,10,0,1,Triple R VIC Campaign 3 Cold Export
be65b8b88f64419a,unitingagewell.org,Uniting AgeWell,Uniting Care Ageing,,https://www.unitingagewell.org/,unitingagewell.org,,,,,,,,,,,VIC,Yes,Yes,A,10,0,2,Triple R VIC Campaign 3 Cold Export
bd248e8b452178e4,justice.vic.gov.au,Department of Justice and Community Safety,,,https://www.justice.vic.gov.au/,justice.vic.gov.au,,,,,,,,,,,VIC,Unclear,No,A,9,0,1,Triple R VIC Campaign 3 Cold Export
755544f6d14d26f6,ssa.gov,SSI,ssi,,https://www.ssa.gov/ssi,ssa.gov,,,,,,,,,,,NSW,No,No,A,9,0,6,Triple R NSW Campaign 3 Cold Export
4a099a0258c58d75,leorahealth.com.au,Afea Care Services,Leora Healthcare; Crows Nest Centre,51-200,https://leorahealth.com.au,leorahealth.com.au,Home Health Care Services,,,"Leora Healthcare is a trusted provider of disability, aged care and mental health services.  

As a value-driven workplace that focuses on client-centricity, inclusivity and innovation, our amazing work culture has been recognised many times over. We’ve been included in the AFR Best Places to Work List for five consecutive years from 2021-2025 and were named the 2023 Employer of Choice at the Australian HR Awards. 

DISABILITY & AGED CARE 

Founded in 2008 (as Afea Care Services), Leora is a registered service provider of the NDIS, My Aged Care Home Care Packages and icare (Lifetime Care, Workers Care and Dust Diseases Care). 

Through our expansive network of support workers, Care Managers and Registered Nurses, we provide exceptional care to thousands of families every week. Our diverse team speaks over 50 languages, which mirrors the culturally rich communities we serve. 

For NDIS participants, we provide in-home and community support as well as safe housing in our Supported Independent Living (SIL) homes. We have forged partnerships with specialist disability accommodation (SDA) providers to combine fully accessible housing with reliable 24/7 onsite shared support. 

MENTAL HEALTH 

Our mental health division offers the modern alternative to outdated Employee Assistance Programs through an innovative wellbeing platform and mobile app. 

Leora enables businesses to provide their employees with a full suite of mental health resources and tools.  

Employees can browse a network of qualified therapists and conveniently book an appointment. They can receive instant support via Text a Therapist. Other benefits include access to a 24/7 AI chatbot trained in Cognitive Behaviour Therapy and an impressive library of self-care and personal development resources. 

Human-led. Digitally-powered. Clinically-backed. 

By breaking down barriers to accessibility, stigma and privacy concerns, Leora is revolutionising workplaces and redefining mental healthcare.",,,171,,https://www.linkedin.com/company/leorahealth/,,NSW,Yes,Yes,A,8,0,7,Triple R NSW Campaign 3 Cold Export
c22404aea36d2762,alfredhealth.org.au,Alfred Health,Alfred Hospital; Alfred health,,https://www.alfredhealth.org.au/,alfredhealth.org.au,,,,,,,,,,,VIC,Yes,Yes,A,8,0,1,Triple R VIC Campaign 3 Cold Export
add0a9b6493a0f34,baptcare.org.au,Baptcare,Amberlea Aged are Facility; Baptcare Abbey Gardens Aged Care,,https://www.baptcare.org.au/,baptcare.org.au,,,,,,,,,,,VIC,Unclear,No,A,8,0,2,Triple R VIC Campaign 3 Cold Export
f72a1ebfb73e1905,rsllifecare.org.au,RSL LIFECARE,RSL LifeCare Veteran Services,501-1000,https://rsllifecare.org.au/,rsllifecare.org.au,Hospitals and Health Care,,,"RSL LifeCare is a social purpose organisation, providing leading aged care, retirement living and veteran support services centred on making the significant transitions in life meaningful for veterans, seniors and their families. 

In our communities, whether it’s through our veteran-centric services, personal home care assistance, retirement villages or residential care homes, our integrated wellbeing and care solutions empower our veterans and seniors to live their best lives with confidence.
 
Our 110-year-old legacy lives on, with dedicated teams across over 60 sites in NSW and the ACT providing care and support to veterans and seniors with the greatest compassion. 
 
Our purpose drives us every day: to enrich the lives of veterans and seniors.",,,890,,https://www.linkedin.com/company/rsllifecare/,,NSW,Yes,Yes,A,8,0,6,Triple R NSW Campaign 3 Cold Export
b9ae355c9f77a25b,southerncrosscare.com.au,Southern Cross Care,,,https://www.southerncrosscare.com.au/,southerncrosscare.com.au,,,,,,,,,,,NSW,Yes,Yes,A,8,0,3,Triple R NSW Campaign 3 Cold Export
d589fc70696fa9c4,summitcare.net,SummitCare,Summit Care,,https://summitcare.net/,summitcare.net,,,,,,,,,,,NSW,No,Yes,A,8,0,0,Triple R NSW Campaign 3 Cold Export
384bf652ef8dcda8,burdekin.org.au,The Burdekin Association,Burdekin,51-200,https://burdekin.org.au/,burdekin.org.au,Non-profit Organizations,,,"Burdekin is an independent not-for-profit organisation that works with young people and their families in the community, to prevent homelessness, provide safe housing and support wellbeing.

A continuum of care for young people and their families and an integrated approach to intervention, support and housing:
• Prevention programs: practical, therapeutic support for at-risk youth and their families.
• Outreach services, eg Beaches Youth Hub
• Individualised case management and support
• Tailored support towards independence
• Opportunities to volunteer/give
• Out-of-home care
• Youth Housing",,,107,,https://www.linkedin.com/company/burdekin/,,NSW,Yes,No,A,8,0,5,Triple R NSW Campaign 3 Cold Export
582c2f0110d652b5,myhomecaregroup.com.au,The myHomecare Group Australia,integratedliving Australia,201-500,https://myhomecaregroup.com.au,myhomecaregroup.com.au,Hospitals and Health Care,,,"As part of the Australian Unity family, the myHomecare Group are aligned with one of Australia’s largest home healthcare providers. This partnership strengthens the myHomecare Group’s role as a leader, delivering adaptive, tailored, and pioneering care so more Australians can experience Real Wellbeing. This integration further enhances the myHomecare Group’s ability to innovate, apply technology, and deliver our mission to keep the sector moving forward and help Australians age actively at home.",,,311,,https://www.linkedin.com/company/themyhomecaregroupau/,,NSW,Unclear,No,A,8,0,4,Triple R NSW Campaign 3 Cold Export
b56759f620baf015,whiddon.com.au,Whiddon,,501-1000,https://www.whiddon.com.au/,whiddon.com.au,Hospitals and Health Care,,,"Whiddon is an award-winning, not-for-profit organisation that has been caring for older Australians across NSW and QLD for over 70 years. 

We've grown from philanthropic origins to a large organisation, with over 2300 employees caring for more than 2400 residents and clients. Our services include residential aged care, community care and independent living villages. 

As an organisation that operates in regional, rural and remote areas, we are often at the heart of our local communities, both as an employer and as an important provider of aged care services, and we actively promote and maintain this sense of community where everyone matters. 

Our approach to care has always been directed by the needs and wishes of our residents and clients, supporting them to be as independent as possible.  From great quality care, to enabling the older people that we care for to stay connected to the people, interests and communities that they love; this is what really makes the ageing journey a good one. 


Our Awards:
AFR Most Innovative Companies Australia & New Zealand (2017)
Employer of Choice (2016, 2017)
Aged Care Hospitality Awards (2014, 2015, 2016, 2017)
Better Practice Award - HenPower (2016)",,,573,,https://www.linkedin.com/company/whiddon/,,NSW,Yes,Yes,A,8,0,7,Triple R NSW Campaign 3 Cold Export
d6caa62f1e6546f6,calvarycare.org.au,Calvary Health Care,Life Without Barriers,1001-5000,https://www.calvarycare.org.au/,calvarycare.org.au,Hospitals and Health Care,,,"Founded in 1885 by the Sisters of the Little Company of Mary, Calvary is a charitable, not-for-profit, Catholic health care organisation.

Our mission is to provide quality, compassionate health care to the most vulnerable, including those reaching the end of their life.

With over 18,000 staff and volunteers, we have a national network of Public and Private Hospitals, Residential Care, Retirement Living and Home Care service centres.

A TRULY GREAT PLACE TO WORK
We deliver quality, integrated care that puts our patients, residents and clients at the centre of everything we do.
Calvary offers flexible careers in clinical, allied health, hospitality, ICT and health administration, mission, leadership, management and more.",,,3134,,https://www.linkedin.com/company/life-without-barriers/,,VIC,Yes,No,A,7,0,1,Triple R VIC Campaign 3 Cold Export
0d93b03c69626c30,catholiccare.org,CatholicCare Sydney,Catholic Community Services NSW; CatholicCare liverpool; JewishCare NSW,501-1000,https://catholiccare.org,catholiccare.org,Non-profit Organizations,,,"CatholicCare is the social services agency of the Archdiocese of Sydney. Every day we walk in solidarity with individuals, families and communities to realise our vision of a society in which we all feel valued and supported.

Our greatest wish is to see people in our communities thrive.

We strive to realise this vision by providing a broad range of social services built on a mission of valuing dignity, strengthening families and connecting communities.

CatholicCare services help people to live and thrive at every age, irrespective of beliefs and abilities. We help Sydney families with relationships, parenting, ageing, disabilities, addictions and mental health concerns.

Our Mission
In the footsteps of Christ, we promote dignity, strengthen families and connect communities.

Our Vision
We seek a society in which everyone is valued and supported.

Our Principles
Our four guiding principles help us in our mission to support the many needs of individuals, families and communities:
•	We preserve human dignity, affirming that each person should be loved and respected
•	We nurture the common good, fostering relationships so everyone has a sense of belonging
•	We value subsidiarity, supporting people to make their own decisions about their lives
•	We walk in solidarity with others, putting ourselves in their shoes and understanding their needs",,,503,,https://www.linkedin.com/company/catholiccare-sydney/,,NSW,Yes,Yes,A,7,0,2,Triple R NSW Campaign 3 Cold Export
a6cb492adcfed54c,dcj.nsw.gov.au,NSW Department of Communities and Justice,Ageing Disability and Home Care; Nurturing mind’s foundation,501-1000,https://dcj.nsw.gov.au,dcj.nsw.gov.au,Government Administration,,,"DCJ’s purpose is to help create a safe, just, resilient and inclusive NSW in which everyone has the opportunity to realise their potential. 

Collection notice
We will collect information about you when you interact with us through social media. 
This may include your name and any messages, comments or photos you send us.
We will collect your information in order to respond to your queries, feedback and complaints, and to improve service delivery.
The social networking service will also handle your personal information for its own purposes. 
These services have their own privacy policies. You can access the privacy policies for these services on their websites.
We will not disclose your information to any other third parties unless you have consented or the Department is required, or authorised, by law to do so.
The supply of your information through social media is voluntary.
For information about your rights to seek access to, and correction of, your personal information, please see our privacy policy at https://dcj.nsw.gov.au/statements/privacy/privacy-policy.html
Department of Communities and Justice
Locked Bag 5000, Parramatta NSW 2124",,,552,,https://www.linkedin.com/company/nsw-department-of-communities-and-justice/,,NSW,Unclear,No,A,7,0,5,Triple R NSW Campaign 3 Cold Export
ccdfefe32dc3ba16,regis.com.au,Regis Aged Care,Fresh Hope Communities; Regis Shenley Manor,1001-5000,https://www.regis.com.au/,regis.com.au,Hospitals and Health Care,,,"Founded 30 years ago, Regis currently provides services to 9,000 older Australians through residential aged care Homes, Home Care service hubs, Day Therapy and Day Respite Centres and Retirement Villages.

Our unwavering commitment to enhancing the lives of our residents and clients remains at the heart of everything we do. With a dedicated team of 11,000+ professionals, we strive to empower individuals to achieve their wellness objectives, demonstrating empathy, resilience, and an unwavering focus on safety.",,,2337,,https://www.linkedin.com/company/fresh-hope-communities/,,VIC,Yes,No,A,7,0,1,Triple R VIC Campaign 3 Cold Export
d37f87b58e461bc3,wslhd.health.nsw.gov.au,Westmead Hospital,Blacktown District Hospital; Blacktown Hospital; Sydney West Local Health District; WSLHD; Western Sydney Local Health District,,https://www.wslhd.health.nsw.gov.au,wslhd.health.nsw.gov.au,,,,,,,,,,,NSW,Yes,No,A,7,0,1,Triple R NSW Campaign 3 Cold Export
370748673d8608b3,cohealth.org.au,cohealth,,,https://www.cohealth.org.au/,cohealth.org.au,,,,,,,,,,,VIC,,,,7,0,4,Triple R VIC Campaign 3 Cold Export
49609fa253457f48,allity.com.au,Allity Aged Care,Bupa Aged Care Australia; Catholic Healthcare; Allity,501-1000,https://allity.com.au,allity.com.au,Hospitals and Health Care,,,"Allity is now a part of Bolton Clarke. Bolton Clarke is Australia’s largest independent, not-for-profit aged care provider shaping the future of positive ageing. With RSL Queensland and the Royal District Nursing Service at the heart of our DNA, we have been caring for Australians since 1885. Today, our exceptional teams support more than 130,000 people to live independently at home and across our 38 retirement living communities and 88 residential aged care homes.",,,678,,https://www.linkedin.com/company/allity-bolton-clarke/,,NSW,Yes,Yes,A,6,0,5,Triple R NSW Campaign 3 Cold Export
f8d8e75e34c84f69,homecareaustralia.com.au,Australian Home Care,,,https://www.homecareaustralia.com.au/,homecareaustralia.com.au,,,,,,,,,,,VIC,Yes,Yes,A,6,0,0,Triple R VIC Campaign 3 Cold Export
2fb5e975594899e6,carringtoncare.com.au,Carrington Aged care,Carrington Aged Care; Carrington Care,,https://carringtoncare.com.au/,carringtoncare.com.au,,,,,,,,,,,NSW,Yes,Yes,A,6,0,0,Triple R NSW Campaign 3 Cold Export
238051e4b2473640,catholiccaredbb.org.au,CatholicCare Diocese Of Broken Bay,Barnardos Australia,201-500,https://catholiccaredbb.org.au,catholiccaredbb.org.au,Individual and Family Services,,,,,,305,,https://www.linkedin.com/company/catholiccaredioceseofbrokenbay/,,NSW,Yes,Yes,A,6,0,4,Triple R NSW Campaign 3 Cold Export
af2a143c3a774648,northernhealth.ca,Northern Health,,,https://www.northernhealth.ca/,northernhealth.ca,,,,,,,,,,,VIC,No,Yes,A,6,0,0,Triple R VIC Campaign 3 Cold Export
c8bdb8385ab1d39c,rightathome.net,Right at Home,RIGHT AT HOME SIW,5001-10000,https://rightathome.net,rightathome.net,Hospitals and Health Care,,,"Right at Home is a global senior home care franchise corporation with a mission to improve quality of life for those we serve. Most offices are independently owned and operated and are supported by trained, insured and bonded caregivers who offer a variety of elder care services. 

Visit rightathome.net to locate your nearest office and obtain info about our services. Learn more about franchise opportunities with us at www.rightathomefranchise.com",,,9481,,https://www.linkedin.com/company/right-at-home-inc-/,,NSW,Yes,Yes,A,6,0,4,Triple R NSW Campaign 3 Cold Export
1c4ebef3f4e159f8,sccliving.org.au,Southern Cross Care,Southern Cross Care NSW &ACT,501-1000,https://www.sccliving.org.au/,sccliving.org.au,Hospitals and Health Care,,,"Southern Cross Care (NSW & ACT) is a leading not-for-profit aged care provider that has been caring about people for more than 50 years. We deliver personalised, quality care and support services across our network of Retirement Villages, Home Care services and Residential Care homes in over 40 locations, including regional communities.  

Every day Southern Cross Care supports thousands of people to live with purpose and dignity so they can live life to the full.",,,519,,https://www.linkedin.com/company/southern-cross-care-nsw-&-act-/,,NSW,Unclear,Yes,A,6,0,2,Triple R NSW Campaign 3 Cold Export
69d698fc5a3aa088,ames.net.au,AMES Australia,Ames Australia,,https://www.ames.net.au/,ames.net.au,Civic and Social Organizations,,,,,,,,,,VIC,Yes,Yes,A,5,0,1,Triple R VIC Campaign 3 Cold Export
da1a309842bc11d8,advantagedcare.com.au,Advantaged Care Group,ADVANTAGED CARE; Advantaged Care at Prestons Lodge,51-200,https://advantagedcare.com.au,advantagedcare.com.au,Hospitals and Health Care,,,"Founded on the pursuit of excellence; Advantaged Care is a fast growing market leader in the provision of residential aged care services. We pride ourselves on providing outstanding client care in contemporary and scenic environments.

 Advantaged Care owns and operates three extra service facilities. Georges Manor, a 144 bed facility at Georges Hall. Bondi Waters, a 56 bed facility at Bondi Beach and Barden Lodge, a 62 bed facility at Barden Ridge. We are currently working on 2 new aged care projects and looking for other growth opportunities in aged care.",,,97,,https://www.linkedin.com/company/advantaged-care/,,NSW,Unclear,Yes,A,5,0,2,Triple R NSW Campaign 3 Cold Export
d546458403b59076,allianz.com,Allianz,Allianz Australia,10001+,https://allianz.com,allianz.com,Financial Services,,,"The Allianz Group is one of the world's leading insurers and asset managers with more than 100 million private and corporate customers in nearly 70 countries. We are proud to be the Worldwide Insurance Partner of the Olympic & Paralympic Movements from 2021 until 2032 and to be recognized as one of the industry leaders in the Dow Jones Sustainability Index.

Caring for our employees, their ambitions, dreams and challenges is what makes us a unique employer. Together we can build an environment where everyone feels empowered and has the confidence to explore, to grow and to shape a better future for our customers and the world around us. Join us and together, let’s care for tomorrow. 

Credits: https://www.allianz.com/en_GB/credits-allianz-se.html 

Follow us on:
Twitter: twitter.com/Allianz
Instagram: https://www.instagram.com/teamallianz
Facebook: https://www.facebook.com/AllianzCareers 
Glassdoor: https://www.glassdoor.de/%C3%9Cberblick/Arbeit-bei-Allianz-EI_IE3062.11,18.htm

Allianz Data Privacy Statement for Social Media: 
https://www.allianz.com/en/privacy-statement.html#social-media
Allianz Careers Data Privacy Statement: https://careers.allianz.com/en_EN/footer/data-privacy.html
LinkedIn Privacy Policy: https://www.linkedin.com/legal/privacy-policy
LinkedIn General Terms: https://www.linkedin.com/legal/user-agreement",,,139588,,https://www.linkedin.com/company/allianz/,,NSW,Yes,No,A,5,0,5,Triple R NSW Campaign 3 Cold Export
1171383182e1253f,myccnb.com,CCNB,ccnb.community care well being,,https://www.myccnb.com/,myccnb.com,,,,,,,,,https://www.linkedin.com/company/proveda-au/,,NSW,Unclear,No,A,5,0,2,Triple R NSW Campaign 3 Cold Export
489cd101904831d8,careconnect.org.au,Care Connect,Care Connect Group; CareConnect; Prestige Inhome Care,201-500,https://careconnect.org.au,careconnect.org.au,Hospitals and Health Care,,,"Care Connect is an independent, non-profit home care provider that understands how important it is for you or your loved ones to live at home and remain independent. The team at Care Connect is here to simplify your journey and connect you with the care you need.  Since 1994, Care Connect has partnered with more than 85,000 people just like you.",,,236,,https://www.linkedin.com/company/care-connect/,,NSW,Yes,No,A,5,0,4,Triple R NSW Campaign 3 Cold Export
66fb0b5404b82c19,dpvhealth.org.au,DPV Health,Dianella Community Health; PLENTY VALLEY COMMUNITY HEALTH; Plenty Valley Community Health,,https://www.dpvhealth.org.au/,dpvhealth.org.au,,,,,,,,,,,VIC,Yes,Yes,A,5,0,0,Triple R VIC Campaign 3 Cold Export
8987a5255861e06e,daughterlycare.com.au,Daughterly Care,Dovida Australia,11-50,https://daughterlycare.com.au,daughterlycare.com.au,Individual and Family Services,,,"Expert, professional and heart-felt in home care for your loved one and peace of mind for you. 

We provide a wide range of In-Home care ranging from 2 hours to 24 hours. Our flexibility enables us to provide exactly the right assistance for your needs and wants, when you need us, for as long as you need us.

With our help you and/or your loved one can stay at home for life.",,,44,,https://www.linkedin.com/company/daughterly-care/,,NSW,Yes,Yes,A,5,0,4,Triple R NSW Campaign 3 Cold Export
d00085bb5466de79,epworth.org.au,Epworth,Epworth Hospital; epworth healthcare,,https://www.epworth.org.au/,epworth.org.au,,,,,,,,,,,VIC,Yes,Yes,A,5,0,2,Triple R VIC Campaign 3 Cold Export
7c726046b47bf845,homeinstead.com,Home Instead,Home Instead Senior Care,10001+,https://www.homeinstead.com/,homeinstead.com,Individual and Family Services,,,"As the world’s leading provider of in-home care, we help older adults live safely and independently at home, without sacrificing their quality of life. Whether they need occasional respite care or full-time support, our Care Pros are carefully selected to provide the best care, giving families peace of mind.

With the support of our parent company, Honor Technology, Home Instead is reshaping the aging experience—combining the latest innovations in home care with the compassion that has guided us for over 30 years.",,,24541,,https://www.linkedin.com/company/homeinsteadinc/,,NSW,Yes,Yes,A,5,0,2,Triple R NSW Campaign 3 Cold Export
66f26006b505f35b,mercy.com,Mercy Health,Mercy,,https://www.mercy.com/,mercy.com,,,,,,,,,,,VIC,Unclear,No,A,5,0,0,Triple R VIC Campaign 3 Cold Export
ab82102c79b829b7,peninsulahealthcaredistrict.org,Peninsula Health,,,https://peninsulahealthcaredistrict.org/,peninsulahealthcaredistrict.org,,,,,,,,,,,VIC,Yes,No,A,5,0,0,Triple R VIC Campaign 3 Cold Export
3e97211ec38f25fb,qbe.com,QBE Insurance,Allianz,10001+,https://qbe.com,qbe.com,Insurance,,,"At QBE we’re driven by our purpose of enabling a more resilient future. 

QBE is an international insurer and reinsurer headquartered in Sydney, Australia, with local presence in 26 countries. 

We don't just see ourselves as an insurer, but a partner to our customers in helping to navigate uncertainty. We provide tailored solutions across commercial, personal, and specialty products, as well as risk management solutions to help individuals and businesses manage risks, build strength and embrace change. 

Whether it’s through our people, our deep expertise or our commitment to building strong relationships, we get to the heart of it.

See our Terms of Use:  qbe.co/2y7Ck4p
See our Privacy Policy: qbe.co/3oa7gZB",,,14234,,https://www.linkedin.com/company/allianz/,,NSW,No,No,A,5,0,5,Triple R NSW Campaign 3 Cold Export
efda19787f7a7d65,svhs.org.au,St Vincent’s Health Network Sydney,,1001-5000,https://www.svhs.org.au/,svhs.org.au,Hospitals and Health Care,,,"St Vincent’s Sydney, a public hospital part of Australia’s largest not-for-profit health & aged care provider, established in 1857.
Delivering better and fairer care. Always. #StVincents",,,1339,,https://www.linkedin.com/company/st-vincents-health-network-sydney/,,NSW,Unclear,No,A,5,0,1,Triple R NSW Campaign 3 Cold Export
f1e168ff3b0ce022,anglicanchurch.net,ACNA,,,https://anglicanchurch.net/,anglicanchurch.net,,,,,,,,,,,NSW,Unclear,No,A,4,0,3,Triple R NSW Campaign 3 Cold Export
e3c68826bf99c4aa,ambulance.vic.gov.au,Ambulance Victoria,,,https://www.ambulance.vic.gov.au/,ambulance.vic.gov.au,,,,,,,,,,,VIC,Unclear,No,A,4,0,0,Triple R VIC Campaign 3 Cold Export
c39437b08712428d,auntygrace.com.au,Aunty Grace,,,https://www.auntygrace.com.au/,auntygrace.com.au,,,,,,,,,,,VIC,Yes,Yes,A,4,0,2,Triple R VIC Campaign 3 Cold Export
86f99e22982733fb,redcross.org.au,Australian Red Cross,,1001-5000,https://redcross.org.au,redcross.org.au,Non-profit Organizations,,,"Relief in times of crisis, care when it's needed most and commitment when others turn away. Red Cross is there for people in need, no matter who you are, no matter where you live.

We help tens of millions of people around the world each year and care for local communities in Australia and Asia Pacific.

For more information on our and how you can get involved, visit our website.",,,2527,,https://www.linkedin.com/company/australian-red-cross/,,NSW,Unclear,No,A,4,0,2,Triple R NSW Campaign 3 Cold Export
1cb04b89aa9a5bff,barwonhealth.org.au,Barwon Health,,,https://www.barwonhealth.org.au/,barwonhealth.org.au,Hospitals and Health Care,,,,,,,,,,VIC,No,No,A,4,0,0,Triple R VIC Campaign 3 Cold Export
3adb9e5f244256fe,cabrini.com.au,Cabrini HEALTH,Cabrini Health,,https://www.cabrini.com.au/,cabrini.com.au,,,,,,,,,,,VIC,,,B,4,0,1,Triple R VIC Campaign 3 Cold Export
4799c2de8358d6d9,chrisbarnardhealth.com,Chris Barnard Health,Chris Barnard Home Care,,https://www.chrisbarnardhealth.com/,chrisbarnardhealth.com,,,,,,,,,,,VIC,Yes,Yes,A,4,0,1,Triple R VIC Campaign 3 Cold Export
e071b7a803542fca,ccpc.com.au,Coast & Country Primary Care,Central Coast Primary Care,51-200,https://ccpc.com.au,ccpc.com.au,Mental Health Care,,,"We are a multi-award winning not-for-profit organisation that has been providing programs and services that help our community since 2001. 

Central Coast • Port Macquarie • Coffs Harbour

We offer a holistic approach that places our clients' needs and aspirations at the centre of all that we do.

Allied Health - Disability Support - Homeless Outreach - Indigenous Programs - Therapy Supports - Aged Care Services - Community Programs",,,73,,https://www.linkedin.com/company/cc-primary-care/,,NSW,Yes,No,A,4,0,3,Triple R NSW Campaign 3 Cold Export
0915a4acc7472339,dxc.com,DXC Technology,DXC providing claims management services,,https://dxc.com/,dxc.com,,,,,,,,,,,VIC,No,No,A,4,0,2,Triple R VIC Campaign 3 Cold Export
c0d07f9c14dcc20e,fairlea.com.au,Fairlea Aged Care,,11-50,https://fairlea.com.au,fairlea.com.au,Hospitals and Health Care,,,"@Fairlea, our Philosophy is centered on providing family-like care. Our joy comes from “Bringing People Together"" through food experiences, whether it be family BBQ’s, family fetes, food festivals, & food-related celebrations.
We understand that at the heart of every family lies the connection of food & the comfort, joy, & warmth it brings to each family member. Our hope is to renew those fond family memories & to build new ones too with your extended family @Fairlea.
Our promise @Fairlea is to deliver a service with a warm smile, and an attitude of helpfulness & our aim is to uphold the dignity of each and every resident in our care. To this end, our care is given with respect, compassion, love and encouragement with every consideration for privacy, comfort and independence for our residents.
To our Employees we are committed to providing a work environment where learning, personal growth, creativity and innovation are encouraged for improving our quality standards.",,,38,,https://www.linkedin.com/company/fairlea-aged-care-facility/,,NSW,Unclear,No,A,4,0,4,Triple R NSW Campaign 3 Cold Export
a1f976ed3ad5712b,irt.org.au,IRT Group,,501-1000,https://www.irt.org.au/,irt.org.au,Hospitals and Health Care,,,"IRT Group is one of Australia's largest community-owned, not-for-profit providers of retirement living, residential aged care and home care. Founded in 1969, we support more than 9000 people across NSW, the ACT and Queensland thanks to our dedicated team of more than 2700 employees. 

Our purpose is simple: we're here to make life better for older Australians, and that sits at the heart of everything we do. 

Our Retirement Villages offer vibrant communities where people can stay connected and enjoy life. Our Aged Care Centres provide people with personalised care and support, ensuring dignity and respect every step of the way, and our Home Care services support people to stay independent in the comfort of their own homes.

Beyond our core services, we’re committed to supporting the broader community too. 

Age Matters, an initiative of IRT, empowers older Australians to live free from disadvantage and tackles homelessness, ageism and social isolation head on. To donate to Age Matters or to learn more about our services and our work, visit https://www.irt.org.au/about/age-matters/ 

ITeC Academy, our Registered Training Organisation, offers first-class education, training and development opportunities for our employees and the broader community. 

IRT Catering, our accredited in-house catering division, produces 1.2 million nutritious meals a year for IRT customers and external clients. 

What truly makes IRT stand out is our people - those who bring heart, kindness and compassion to make a real difference for our residents, customers, their families and the broader community.",,,835,,https://www.linkedin.com/company/irt-3/,,NSW,Yes,No,A,4,0,3,Triple R NSW Campaign 3 Cold Export
3a7da95c2c028f5f,infin8care.com.au,Infinite Aged Care,,201-500,https://infin8care.com.au,infin8care.com.au,Hospitals and Health Care,,,"At Infinite Care, we are redefining aged care through our unwavering commitment to growth, innovation, and person-centred care. From humble beginnings, we have grown into a trusted provider with communities across QLD, SA, and NSW, with new homes opening soon in VIC. Our One Community strategy ensures that no matter where you join us, you are part of a connected, supportive, and compassionate network dedicated to enhancing the lives of residents and their families.

Our ethos is simple: every individual matters. By placing people at the heart of everything we do - residents, families, and team members - we create environments where dignity, respect, and personalised care thrive.

A career with Infinite Care means the chance and the encouragement to grow. We believe in investing in our people, offering professional development and opportunities to advance your career while being part of a culture that genuinely values you.

To support our team beyond the workplace, we provide a range of meaningful perks designed to help offset today’s rising cost of living. These include retail discounts, banking perks, discounted health insurance, and access to our Employee Assistance Program (EAP), ensuring you and your loved ones are supported every step of the way.

Join Infinite Care and be part of a future where care, community, and opportunity come together.",,,342,,https://www.linkedin.com/company/infinite-aged-care/,,NSW,Yes,No,A,4,0,3,Triple R NSW Campaign 3 Cold Export
a2ebf8e325a2b2d8,mcv.vic.gov.au,Magistrates Court of Victoria,,,https://www.mcv.vic.gov.au/,mcv.vic.gov.au,Government Administration,,,,,,,,,,VIC,Unclear,No,A,4,0,0,Triple R VIC Campaign 3 Cold Export
4cfedb4735b40c49,meditechstaffing.com.au,Meditech Staffing,,,https://meditechstaffing.com.au/,meditechstaffing.com.au,,,,,,,,,,,NSW,Yes,Yes,A,4,0,3,Triple R NSW Campaign 3 Cold Export
f011c47192ac2eaf,morangroup.com.au,Moran Health Care Group,,51-200,https://morangroup.com.au,morangroup.com.au,Hospitals and Health Care,,,"Established in 1956, the Moran Health Care Group is a family owned business that has been providing lifestyle and care options for Australian seniors for more than six decades. We combine our significant experience in the aged care industry with innovation to create the best possible environments for our residents and employees.

As one of the most experienced aged care providers in the country the Moran Health Care Group understands the importance of ageing with dignity. Through the care and services we provide, the designs of our homes, to the way we interact with our residents Moran focuses on providing premium accommodation, lifestyle choices, comfort and the best possible care.

Moran Aged Care has two stunning homes in the Sutherland Shire (southern Sydney), one in Kellyville (north-west Sydney) and one in Stockton (Newcastle region NSW).  

Moran Health Care Group employs a wonderful team of dedicated people whose contribution makes a difference to our residents’ wellbeing and enjoyment of life.

The Moran Health Care Group is a major supporter of the arts in Australia. This support is directed through The Moran Arts Foundation, established by Doug and Greta Moran AO and family in 1988 in celebration of Australia’s bicentennial.",,,129,,https://www.linkedin.com/company/moran-health-care-group/,,NSW,Unclear,No,A,4,0,3,Triple R NSW Campaign 3 Cold Export
97bea175682b4041,nslhd.health.nsw.gov.au,Northern Sydney Local Health District,DADHC; Manly Hospital; Royal North Shore Hospital,1001-5000,https://nslhd.health.nsw.gov.au,nslhd.health.nsw.gov.au,Medical Practices,,,"Royal North Shore Hospital is a principal tertiary referral hospital for Northern Sydney Local Health District providing a comprehensive range of complex services to patients from across NSW. It has a strong and proud history in education, research and provision of high quality clinical care. Royal North Shore Hospital provides specialty services including major trauma, severe burns, spinal cord injuries, neonatal intensive care, bone marrow transplantation, neurosurgery and interventional neuroradiology alongside acute medical, surgical, mental health, paediatric, cancer and maternity services. The campus is also home to The Kolling – a medical research institute jointly governed with the University of Sydney.",,,1319,,https://www.linkedin.com/search/results/all/?keywords=Royal+North+Shore+Hospital,,NSW,Yes,Yes,A,4,0,1,Triple R NSW Campaign 3 Cold Export
d222f11555952ef4,pacnsw.org.au,Presbyterian Aged Care,Anglicare Sydney,51-200,https://pacnsw.org.au,pacnsw.org.au,Hospitals and Health Care,,,"Caring for older people in retirement, home care, & residential care by nurturing the whole person - physically, socially, emotionally, and spiritually.",,,113,,https://www.linkedin.com/company/presbyterian-aged-care/,,NSW,Unclear,No,A,4,0,2,Triple R NSW Campaign 3 Cold Export
db685855a33e3008,respect.com.au,Respect,Lyndoch Living; RM Begg Kyneton Aged Care,201-500,https://respect.com.au,respect.com.au,Hospitals and Health Care,,,"Respect is a not-for-profit provider of aged care, home care, retirement living services across Australia. 

Our roots go back as far as 100 years, starting with one community-led home in Tasmania.  

Today, we are one of the largest specialist regional aged care providers servicing Tasmania, Victoria, New South Wales, Queensland and Western Australia. 

We focus on regional and rural communities, ensuring that older people can age in place with care that’s personalised and respectful. Our team works to make sure residents feel heard, supported and connected, whether that’s through nursing care, social activities or simply being there when it matters. 

We believe ageing should be full of meaning, connection and dignity. That’s why we tailor care to each person’s needs, interests and goals, so they can keep doing what matters most to them. 

Learn more at respect.com.au",,,467,,https://www.linkedin.com/company/respect-agedcare/,,NSW,Unclear,No,A,4,0,2,Triple R NSW Campaign 3 Cold Export
829b30237ac85990,slhd.nsw.gov.au,Royal Prince Alfred Hospital,Sydney Local Health District,1001-5000,https://slhd.nsw.gov.au,slhd.nsw.gov.au,Hospitals and Health Care,,,"Sydney Local Health District is located in the centre and inner west of Sydney and is responsible for providing care to more than 700,000 local residents and a large number of people who travel to the District to use its tertiary and quaternary services. 
Sydney Local Health District includes principal referral hospitals at Royal Prince Alfred (RPA) and Concord Repatriation General Hospital, a major metropolitan hospital at Canterbury, the aged care and rehabilitation specialist hospital at Balmain, and the tertiary oral health facility, Sydney Dental Hospital. The District also provides comprehensive community-based health services ranging across child and family health, community nursing, oral health, mental health, aged care, chronic care, drug and alcohol services, sexual health, population health, health promotion, Aboriginal health and multicultural health. 
Our vision is to provide excellence in health and healthcare for all.",,,1302,,https://www.linkedin.com/company/sydney-local-health-district/,,NSW,No,No,A,4,0,3,Triple R NSW Campaign 3 Cold Export
dac615519ef94f98,thessigroup.com,SSI,,,https://thessigroup.com/,thessigroup.com,,,,,,,,,https://www.linkedin.com/company/settlement-services-international/,,NSW,Unclear,No,A,4,0,3,Triple R NSW Campaign 3 Cold Export
f7ebe33b0af67088,safeplaces.com.au,Safe Places for Children,Life Without Barriers,201-500,https://safeplaces.com.au,safeplaces.com.au,Individual and Family Services,,,"Safe Places for Children is a not-for-profit organisation that provides young people at risk with intensive therapeutic support and supervision in a homely and welcoming residential care setting. 

Since 2006, we have grown our operations from a small but passionate group of youth workers, to an organisation of local teams dedicated to supporting vulnerable young people across Queensland, New South Wales, South Australia, Victoria and Western Australia. 

We have made a difference in the lives of more than 1,800 young people ranging in age from 10 to 17 years, who exhibit complex emotional and behavioural problems. 

Our values guide our professional practice, our internal operations and our relationships with stakeholders. 
- Being united is about sharing and working toward a common vision
- Being supportive is about really listening and real leadership
- Being responsive is about proactively and therapeutically engaging people where they are
- Being passionate means getting excited about other people's strengths
- Being professional is the integrity of matching words, actions and context",,,406,,https://www.linkedin.com/company/life-without-barriers/,,NSW,Yes,No,A,4,0,3,Triple R NSW Campaign 3 Cold Export
5514865af3cd9346,wentwest.com.au,WentWest,,51-200,https://wentwest.com.au,wentwest.com.au,Hospitals and Health Care,,,"As the Western Sydney Primary Health Network, WentWest is focused on addressing both regional and national health challenges. Together with health professionals, partners from both the health and hospital sector, consumers and the broader community, WentWest seeks to identify gaps and commission solutions for better health outcomes.

Part of the western Sydney community, WentWest delivers support and education to primary care and works with key partners to progress the region’s health system.",,,125,,https://www.linkedin.com/company/street-side-medics/,,NSW,Yes,No,A,4,0,4,Triple R NSW Campaign 3 Cold Export
36d0df1218c5db72,westernhealth.com,Western Health,,,https://www.westernhealth.com/,westernhealth.com,,,,,,,,,,,VIC,Unclear,No,A,4,0,3,Triple R VIC Campaign 3 Cold Export
6cc463a9e8a16f18,wintringham.org.au,Wintringham,WINTRINGHAM HOUSING,,https://www.wintringham.org.au/,wintringham.org.au,,,,,,,,,,,VIC,Yes,Yes,A,4,0,1,Triple R VIC Campaign 3 Cold Export
8a848efd2c12a9b4,wagec.org.au,Women's & Girls Emergency Centre,,,https://www.wagec.org.au/,wagec.org.au,,,,,,,,,https://www.linkedin.com/company/women%27s-&-girls%27%E2%80%8B-emergency-centre/,,NSW,Unclear,No,A,4,0,4,Triple R NSW Campaign 3 Cold Export
ec4e4d72d68748be,acca.org.au,AUSTRALIAN CHINESE COMMUNITY ASSOCIATION OF NEW SOUTH WALES,Australian Chinese Community Association; Austranlian Chinese Community Association of NSW,11-50,https://acca.org.au/,acca.org.au,Medical Practices,,,"ACCA provides a wide range of government-funded home and community care services. The majority of ACCA's service staff has formal qualifications in nursing, social work, and/or aged care. They are supported by an efficient administration team based at head office in Surry Hills. Services are provided in the homes of clients, at community centres, or on ACCA's own premises.",,,12,,https://www.linkedin.com/company/australian-chinese-community-association/,,NSW,Yes,No,A,3,0,1,Triple R NSW Campaign 3 Cold Export
d5e6514523763433,absolutecare.com,Absolute Care & Health,,,https://www.absolutecare.com/,absolutecare.com,,,,,,,,,,,VIC,Unclear,No,A,3,0,2,Triple R VIC Campaign 3 Cold Export
4214701057e0ceee,alphaomegaconsulting.com.au,Alpha Omega Aged Care and Disability Services,,11-50,https://alphaomegaconsulting.com.au,alphaomegaconsulting.com.au,Hospitals and Health Care,,2001-11-20T00:00:00.000Z,"Alpha Omega Aged Care and Disability Services is an approved NDIS service provider and Alpha Omega Aged Care is a licenced Home Care Package provider. We are committed to delivering high quality care services across Sydney and Melbourne to seniors and to those living with disabilities. We pride ourselves on being personalised, compassionate, and ethical when caring for your loved ones.",,,18,,https://www.linkedin.com/company/alpha-omega-aged-care-and-disability-service/,,NSW,Yes,Yes,A,3,0,2,Triple R NSW Campaign 3 Cold Export
53eb69dfb71ff372,altruisticnursing.com,Altruistic Nursing and Care,Altruistic nursing and care,,https://www.altruisticnursing.com/,altruisticnursing.com,,,,,,,,,https://www.linkedin.com/search/results/all/?keywords=Altruistic+Nursing+and+Care+,,NSW,Yes,Yes,A,3,0,1,Triple R NSW Campaign 3 Cold Export
396672de11e2ab6a,australia.gov.au,Australian Government,,5001-10000,https://www.australia.gov.au/en,australia.gov.au,Government Administration,,,"The latest official news, updates and advice from the Australian Government.",,,9709,,https://www.linkedin.com/company/australiangovernment/,,NSW,Unclear,No,A,3,0,0,Triple R NSW Campaign 3 Cold Export
2b6ab932685f73c4,amcservices.org.au,Australian Multicultural Community Services,,,https://amcservices.org.au/,amcservices.org.au,,,,,,,,,,,VIC,Unclear,No,A,3,0,0,Triple R VIC Campaign 3 Cold Export
049fd83b8de56c69,autumnagedcare.com.au,Autumn Aged Care,,,https://autumnagedcare.com.au/,autumnagedcare.com.au,,,,,,,,,,,VIC,Unclear,No,A,3,0,0,Triple R VIC Campaign 3 Cold Export
e7633f9b234275f4,benallahealth.org.au,Benalla Health,,,https://www.benallahealth.org.au/,benallahealth.org.au,,,,,,,,,,,VIC,Yes,Yes,A,3,0,1,Triple R VIC Campaign 3 Cold Export
7d1cb9d96b410d51,berrystreet.co,Berry Street,,,https://www.berrystreet.co,berrystreet.co,,,,,,,,,,,VIC,No,No,A,3,0,1,Triple R VIC Campaign 3 Cold Export
079894b94eb03e25,berrystreet.org.au,Berry Street,Berry Street Victoria,,https://www.berrystreet.org.au,berrystreet.org.au,,,,,,,,,,,VIC,Yes,Yes,A,3,0,1,Triple R VIC Campaign 3 Cold Export
034f47d2f92665b5,bethelagedcare.au,Bethel Aged Care Facility,Anzac Lodge Nursing Home; Bethel Aged Care,,https://bethelagedcare.au/,bethelagedcare.au,,,,,,,,,,,VIC,Yes,No,A,3,0,0,Triple R VIC Campaign 3 Cold Export
75c03603d0091158,bhn.org.au,Better Health Network,Central Bayside Community Health Services,,https://www.bhn.org.au,bhn.org.au,,,,,,,,,,,VIC,Yes,Yes,A,3,0,1,Triple R VIC Campaign 3 Cold Export
a11dc22c29e29e7f,bgf.org.au,Bobby Goldsmith Foundation,Youth Off The Streets,11-50,https://bgf.org.au,bgf.org.au,Non-profit Organizations,,,"Bobby Goldsmith Foundation (BGF) is Australia’s longest-running HIV charity, founded in 1984. It began when a group of friends came together to provide their dying mate, Bobby Goldsmith, with the care he needed to remain at home, ensuring his last weeks were as comfortable as possible. Bobby died with dignity, at home, where he wanted to be.

This act of compassion established an important precedent: if direct support could be provided for one person, it could be done for many. We are the legacy of that dedicated group of friends.

For more than 40 years, BGF has been supporting people living with HIV. We provide practical, emotional and financial support to individuals in New South Wales and South Australia. We are unique as the only not-for-profit in Australia offering frontline services and support to people living with HIV.

Recognising the evolving needs of our community, we have expanded our services to include disability support and aged care. Our support extends to all people, especially those living with HIV, the broader LGBTQIA+ community and anyone seeking progressive, supportive care.

BGF is a registered not-for-profit with the Australian Charities and Not-for-Profits Commission. Every donation to BGF is tax-deductible, ensuring that we can continue to provide essential support to those in need.

We have no political or religious affiliations, just a deep-seated commitment to helping people live well on their terms through practical, tailored care.

We are also an equal opportunity employer dedicated to providing a safe, inclusive workplace and services.

Together, we can ensure no one has to face life’s challenges alone.",,,50,,https://www.linkedin.com/company/bobby-goldsmith-foundation/,,NSW,Yes,Yes,A,3,0,3,Triple R NSW Campaign 3 Cold Export
51aaa6d7ea7ba1bb,bupaagedcare.com.au,Bupa Aged Care,Bupa Agedcare Group,201-500,https://www.bupaagedcare.com.au/,bupaagedcare.com.au,Medical Practices,,,,,,223,,https://www.linkedin.com/company/bupa-agedcare-group-limited/,,NSW,Unclear,No,A,3,0,2,Triple R NSW Campaign 3 Cold Export
8f7ea33d2aa0f086,casscare.org.au,CASS,CASS Care,501-1000,https://casscare.org.au,casscare.org.au,Non-profit Organizations,,,"We are commonly known in the community by our brand name ""CASS"" which consists of a group of registered charities, including the parent entity, Chinese Australian Services Society Ltd (founded in 1981), and the subsidiary, CASS Care Ltd (established in 2002) which is also endorsed as a public benevolent institution (PBI) by the Australian Taxation Office.

CASS is a Multicultural Not-for-profit Community Organization providing a comprehensive range of social and welfare services to the multicultural communities, covering a wide geographical area including the Metropolitan Sydney and Wollongong. 

CASS is a truly multicultural services provider, we serve people in the general community, especially those of East Asian backgrounds, including Chinese, Korean, Indonesian, Vietnamese, Malaysian, Singaporean, etc. Over 5,000 families of multicultural backgrounds access our services or activities weekly.
In response to the needs identified by the community, CASS’s services include: 
-Residential Aged Care
-Home Ageing 
-Disability 
-Child Care 
-Settlement and Health 
-Vocation and Training
-Community Social Support
-Mental Health Non-Crisis Hotline
-Volunteering
-Academy of Arts & Language Classes 
-Elderly Affordable Accommodation 

Our Vision:
Providing high quality services for people of all ages, from newborn to late life, always the first choice of service users and their family members. 

Our Mission: CASS CARES 
C ultivates a culture of respect and acceptance
A ssures the provision of qualified and professional services
S afeguards open communication and collaboration of all stakeholders
S upports personal responsibility and empowerment of service users
C ontinues the growth and adaptation to meet the needs of all concerned
A dopts person-centered and consumer-directed care approach
R espects the rights, privacy, dignity, culture and beliefs of service users
E nhances service innovations and excellence
S ustains team spirit and fosters continuous improvement",,,507,,https://www.linkedin.com/company/cass-care/,,NSW,Unclear,No,A,3,0,3,Triple R NSW Campaign 3 Cold Export
679916817e21d149,careconnectmobile.com,Care Connect,,,https://careconnectmobile.com/,careconnectmobile.com,,,,,,,,,,,VIC,Unclear,No,A,3,0,3,Triple R VIC Campaign 3 Cold Export
3ba020ee2708705b,care1.com.au,Care1,Care1 Australia,11-50,https://care1.com.au,care1.com.au,Home Health Care Services,,,At Care1 our motto is 'People First'. But this isn't just something we say - it's something we live and breathe every day. Care1 was founded on the belief that every person deserves the best care and the best quality of life possible.,,,47,,https://www.linkedin.com/company/care1/,,NSW,Yes,Yes,A,3,0,2,Triple R NSW Campaign 3 Cold Export
bf2892a07e8a8a2b,catholichealthservices.org,Catholic Healthcare,Catholic Health Services,,https://www.catholichealthservices.org/,catholichealthservices.org,,,,,,,,,,,NSW,Unclear,No,A,3,0,1,Triple R NSW Campaign 3 Cold Export
ae4457db204df077,mylifehouse.org.au,Chris O'Brien Lifehouse,,,https://www.mylifehouse.org.au,mylifehouse.org.au,,,,,,,,,,,NSW,Yes,No,A,3,0,1,Triple R NSW Campaign 3 Cold Export
e1f19a7500bc39f3,dgas.org.au,Doutta Galla Aged Services,Doutta Galla aged care services,,https://www.dgas.org.au/,dgas.org.au,Hospitals and Health Care,,,,,,,,,,VIC,Unclear,Yes,A,3,0,1,Triple R VIC Campaign 3 Cold Export
ebf31153c90492d5,emlpayments.com,EML,,,https://www.emlpayments.com/,emlpayments.com,,,,,,,,,https://www.linkedin.com/company/emlgroup/,,VIC,No,No,A,3,0,2,Triple R VIC Campaign 3 Cold Export
60b0a2a6764e7d29,ghca.com.au,Glow Health Care Australia,,2-10,https://www.ghca.com.au/,ghca.com.au,Hospitals and Health Care,,2001-01-10T00:00:00.000Z,"Glow Health Care Australia is committed to empowering individuals to lead fulfilling and independent lives by offering tailored solutions in aged care, disability support, and youth services. Our mission is to be the trusted partner you rely on to enhance your quality of life, providing the essential support that fosters autonomy and well-being.

We deliver a comprehensive range of services, from aged care and therapeutic support to complex care, child, and youth services. Our skilled team extends care across diverse settings, including residential facilities, hospitals, medical centers, and in-home environments, ensuring accessibility and continuity of care wherever you need it.

At Glow Health Care Australia, we believe in the power of collaboration and community impact. Our integrated approach combines aged care, disability, mental health, and carer support services, leveraging a network of providers to deliver seamless, person-centered care. By choosing us, you’re choosing a partner dedicated to elevating standards, advancing community welfare, and leading the way in quality and compassion within the NDIS and aged care sectors.",,,2,,https://www.linkedin.com/company/glowhealthcareaustralia/,,NSW,Yes,Yes,A,3,0,2,Triple R NSW Campaign 3 Cold Export
9af1f9f16fd44750,raisely.com,Haymarket Foundation,,11-50,https://raisely.com,raisely.com,Hospitals and Health Care,,,The Haymarket Foundation is a not-for-profit secular homelessness services organisation based in Sydney Australia.,,,28,,https://www.linkedin.com/company/haymarket-foundation/,,NSW,No,No,A,3,0,2,Triple R NSW Campaign 3 Cold Export
f0ca6c366d5961b8,hii.au,Hospitality Industry Insurance,,,https://hii.au/,hii.au,,,,,,,,,https://www.linkedin.com/company/hospitality-industry-insurance/,,NSW,Unclear,No,A,3,0,2,Triple R NSW Campaign 3 Cold Export
afbcc9e2d4a988de,ibis.care,IBIS Care,Ibis Care,51-200,https://ibis.care,ibis.care,Hospitals and Health Care,,,"Ibis Care provide boutique residential aged care accommodation and independent retirement living options to Sydney’s St George and Sutherland Shire communities. We pride ourselves on our personalised care by dedicated people.

For workplace opportunities contact us using the online form at www.ibis.care/contact",,,97,,https://www.linkedin.com/company/ibis-care/,,NSW,No,Yes,A,3,0,3,Triple R NSW Campaign 3 Cold Export
ac1450d2243c3142,interrelate.org.au,Interrelate,Broken Pot Counselling,201-500,https://interrelate.org.au,interrelate.org.au,Non-profit Organizations,,,"Since we began way back in 1926, we have been working with individuals and families to support the development of healthy relationships. Our services empower people to build and navigate strong, respectful, resilient and healthy relationships from primary school through to adulthood.

We deliver professional services like a big business, but with the heart of a not-for-profit. We deliver services spread across 30+ physical locations (plus online) to more than 110,000 clients and we’re backed by qualified staff and more than 90 years of trusted expertise in sensitive relationship matters. We work in a broad context, connecting people with their communities and culture.
Our programs and services empower families to build strong, resilient and healthy relationships across the lifespan.

We engage with our diverse communities to offer high quality services that meet their vast needs. Our programs for children are designed to nurture and grow happy, healthy humans. Our relationship services for adults provide individuals, couples and families of all backgrounds and at all life stages the skills to navigate through life’s many challenges.",,,203,,https://www.linkedin.com/company/interrelate-family-centres/,,NSW,No,No,A,3,0,2,Triple R NSW Campaign 3 Cold Export
917e752b2fdeb695,lrh.com.au,Latrobe Regional Hospital Mental Health Services,Latrobe Regional Health; Latrobe Regional Hospital,,https://lrh.com.au/,lrh.com.au,,,,,,,,,,,VIC,Yes,No,A,3,0,1,Triple R VIC Campaign 3 Cold Export
a53cc91556b4f4fc,launchpadyouth.org.au,Launchpad Youth Community,,11-50,https://launchpadyouth.org.au,launchpadyouth.org.au,Non-profit Organizations,,,,,,11,,https://www.linkedin.com/company/launchpad-youth-community/,,NSW,Yes,No,A,3,0,2,Triple R NSW Campaign 3 Cold Export
37db3919a7aac8bc,lifestylesolutions.com,Lifestyle Solutions,,,https://lifestylesolutions.com/,lifestylesolutions.com,,,,,,,,,,,NSW,Unclear,No,A,3,0,1,Triple R NSW Campaign 3 Cold Export
a039010aa5c7f3c5,mtctrains.com.au,MTC Australia,,,https://www.mtctrains.com.au/,mtctrains.com.au,,,,,,,,,,,NSW,Yes,Yes,A,3,0,1,Triple R NSW Campaign 3 Cold Export
b79f13aa26884cb5,mcwa.org.au,Macedonian Community Welfare Association,,,https://www.mcwa.org.au,mcwa.org.au,,,,,,,,,,,VIC,Yes,Yes,A,3,0,1,Triple R VIC Campaign 3 Cold Export
d210f6ed9d21bdf9,malleefamilycare.org.au,Mallee Family Care,,,https://www.malleefamilycare.org.au/,malleefamilycare.org.au,,,,,,,,,,,VIC,Yes,Yes,A,3,0,1,Triple R VIC Campaign 3 Cold Export
bfee85314ba98b71,marist180.org.au,Marist180,M180,201-500,https://marist180.org.au,marist180.org.au,Non-profit Organizations,,,"Marist180 formerly known as Marist Youth Care is a not-for-profit organisation focused on helping at risk young people, their families and communities. MYC was established in 1896 and now has 334 staff assisted by 78 volunteers. 

Marist180 has developed into one of the largest service providers for youth at risk in Australia today. We provide services to over 4,000 young people and their families every year. Each night, we accommodate over 150 young people in our Residential and Settlement & Asylum Seeker Services.

Our services are designed to help young people who are homeless, or who are at risk of homelessness or are living away from their families. Providing a bed is only part of the solution. We also focus on addressing the issues faced by young people and we help them develop skills for independent living in the future.",,,235,,https://www.linkedin.com/company/marist180/,,NSW,Yes,No,A,3,0,3,Triple R NSW Campaign 3 Cold Export
4617df45b7c1e431,medibank.com.au,Medibank,Medibank Health Solutions,,https://www.medibank.com.au/,medibank.com.au,,,,,,,,,,,VIC,Unclear,No,A,3,0,2,Triple R VIC Campaign 3 Cold Export
a7d524d1c3134120,meli-intl.com,Meli,,,https://meli-intl.com,meli-intl.com,,,,,,,,,,,VIC,Unclear,No,A,3,0,0,Triple R VIC Campaign 3 Cold Export
07d4d9802277b1f4,merri.org.au,Merri Outreach Support Service,,,https://merri.org.au/,merri.org.au,,,,,,,,,,,VIC,No,No,A,3,0,0,Triple R VIC Campaign 3 Cold Export
2ac9744fb6cb51ae,ambulance.nsw.gov.au,NSW Ambulance,NSW Ambulance Service,1001-5000,https://ambulance.nsw.gov.au,ambulance.nsw.gov.au,Hospitals and Health Care,,,"We are committed to providing high quality out-of-hospital clinical care to over 7.25 million people in NSW, distributed across an area of 801,600 square kilometres. 

In 2012/13 we provided over 1,219,262  total responses (both emergency and non-emergency) compared to 1,183,795 total responses in 2011/12. There were on average 3340 responses per day - this is equivalent to a response every 25.9 seconds. 

While the delivery of emergency out-of-hospital health care continues to be our primary focus, we are also committed to community safety and prevention programs, and work together with stakeholders and the NSW community on developing a range of community education programs and awareness packages.

We employ over 4000 people, with 90 per cent being operational staff involved in the front line delivery of services. This includes paramedics, control centre staff, flight nurses and specialised areas, such as helicopter paramedics. We offer a range of employment opportunities for advancement and ongoing development. Our front line staff have the opportunity to specialise into diverse areas, such as intensive care and extended care, special operations and special casualty access, aeromedical, medical retrieval and rescue, snow operations, rapid response and counter disaster. The remaining 10 per cent of our workforce are corporate and support staff working in areas such as policy development, human resources, public affairs, payroll, administrative support, automotive repairs and stores.

We have a fully accredited Ambulance Education Centre, as well as regional training units that deliver in-service training, online learning courses and clinical support programs. 

NSW Ambulance has been voted the most trusted profession by Readers Digest for seven years running, and has been recognised with a number of awards, including the 2013 NSW Health Innovation Awards and NSW Health Symposium 2013 People’s Choice Award for its Frequent User Management initiative.",,,2696,,https://www.linkedin.com/company/nsw-ambulance/,,NSW,No,No,A,3,0,2,Triple R NSW Campaign 3 Cold Export
42940a0378f721dd,nsw.gov.au,NSW Justice Health & Forensic Mental Health Network,NSW Government; Nepean Blue Mountains LHD,,https://www.nsw.gov.au,nsw.gov.au,,,,,,,,,,,NSW,Unclear,Yes,A,3,0,0,Triple R NSW Campaign 3 Cold Export
7274170d44e52203,startts.org.au,NSW SERVICE FOR THE TREATMENT AND REHABILITATION OF TORTURE AND TRAUMA SURVIVORS,SSI,201-500,https://startts.org.au,startts.org.au,Individual and Family Services,,,"STARTTS is the NSW Service for the Treatment and Rehabilitation of Torture and Trauma Survivors. We provide services to assist people from refugee and refugee-like backgrounds who have experienced torture or other traumatic events before arriving in Australia or as past of their refugee journey.

We do this by helping individual refugees and families recover from their experiences, working with refugee community groups to foster empowerment and self-determination, and supporting other organisations and individuals working with refugees.

We have been working to heal trauma since 1988 and we are now one of Australia’s leading organisations for the treatment and rehabilitation of torture and trauma survivors.",,,244,,https://www.linkedin.com/company/startts/,,NSW,Unclear,No,A,3,0,2,Triple R NSW Campaign 3 Cold Export
6bdbb121b0e5a372,nimbushealth.com,Nimbus Health,,,https://nimbushealth.com/,nimbushealth.com,,,,,,,,,,,VIC,Unclear,No,A,3,0,1,Triple R VIC Campaign 3 Cold Export
7e14916153f87230,nrch.com.au,North Richmond Community Health,,,https://nrch.com.au/,nrch.com.au,,,,,,,,,,,VIC,No,Yes,A,3,0,0,Triple R VIC Campaign 3 Cold Export
bce075f83a7838a3,ozchild.org.au,OzChild,,,https://www.ozchild.org.au/,ozchild.org.au,,,,,,,,,,,VIC,Yes,Yes,A,3,0,0,Triple R VIC Campaign 3 Cold Export
4acb3c299ce7de62,pronia.com.au,PRONIA,Australian Greek Welfare Society,,https://pronia.com.au/,pronia.com.au,,,,,,,,,,,VIC,Unclear,Yes,A,3,0,1,Triple R VIC Campaign 3 Cold Export
bacece63ee3a849f,pfhcare.com.au,People First Healthcare,Self-employed,,https://pfhcare.com.au,pfhcare.com.au,Hospitals and Health Care,,,,,,,,,,VIC,Yes,No,A,3,0,0,Triple R VIC Campaign 3 Cold Export
9d32568b197a7639,pcycnsw.org.au,Police & Community Youth Clubs NSW,Police Citizens Youth Clubs,201-500,https://pcycnsw.org.au,pcycnsw.org.au,Non-profit Organizations,,,"PCYC NSW is the state's leading youth charity, working in partnership with community and Police to empower youth, get kids active in life, and reduce and prevent youth crime.

PCYC was established in 1937 by NSW Police and Rotary to provide young people with a safe and positive alternative to transform young lives. Over 85 years later PCYC now operates in 66 locations across NSW.",,,351,,https://www.linkedin.com/company/pcycnsw/,,NSW,Yes,No,A,3,0,2,Triple R NSW Campaign 3 Cold Export
6c1b78ce05221bcb,possability.com.au,Possability,Oak possability,,https://possability.com.au/,possability.com.au,,,,,,,,,,,VIC,,,,3,0,3,Triple R VIC Campaign 3 Cold Export
39b836580d23f7b9,rdns.org.nz,RDNS,Royal District Nursing Service,,https://www.rdns.org.nz/,rdns.org.nz,,,,,,,,,,,VIC,,,,3,0,0,Triple R VIC Campaign 3 Cold Export
3e0bb9e16a02452b,samaritans.org,Samaritans,Samaritans Foundation,1001-5000,https://www.samaritans.org/,samaritans.org,Non-profit Organizations,,,"Samaritans' vision is that fewer people die by suicide.

Our volunteers spend over one million hours a year responding to calls for help, and every 90 minutes, someone in the UK or Ireland dies by suicide.

Whatever you're going through, call us free any time, from any phone on 116 123.",,,1417,,https://www.linkedin.com/company/samaritans/,,NSW,Yes,No,A,3,0,1,Triple R NSW Campaign 3 Cold Export
a21e36bdd8b17e4d,seslhd.health.nsw.gov.au,South Eastern Sydney Local Health District,The Sutherland Hospital,,https://www.seslhd.health.nsw.gov.au/,seslhd.health.nsw.gov.au,,,,,,,,,,,NSW,Yes,Yes,A,3,0,1,Triple R NSW Campaign 3 Cold Export
0c7f5169fb6ceac2,southernhealthpartners.com,Southern Health,,,https://southernhealthpartners.com/,southernhealthpartners.com,,,,,,,,,,,VIC,No,Yes,A,3,0,0,Triple R VIC Campaign 3 Cold Export
1d686dc1c147b019,stbasils.org.au,St. Basil's Aged Care NSW & ACT,St. Basil's Homes,201-500,https://stbasils.org.au,stbasils.org.au,Hospitals and Health Care,,,"St. Basils is the aged care provider of the Greek Orthodox Church in Australia. St. Basils provides care to all Australians community groups, while specialising in the provision of care to people of culturally in linguistically diverse heritage, especially those of Greek descent.

St. Basils provides all types of care to the community either in our purpose built facilities or in the clients' own homes. These include retirement living, low care, high care, dementia care, respite, emergency respite, Seniors Day Centres, home care and pastoral services.

We employ over 400 staff caring for over 1000 clients. We are proud of our continuous education program that leads to career paths. 

St. Basils is a charitable provider. Over 70% of our clients are concessional.",,,227,,https://www.linkedin.com/company/st-basils-homes/,,NSW,Yes,No,A,3,0,1,Triple R NSW Campaign 3 Cold Export
402ab1a56f3426f3,stridemh.com,Stride Mental Health,,,https://stridemh.com,stridemh.com,,,,,,,,,https://www.linkedin.com/company/stride-mental-health/,,NSW,Unclear,No,A,3,0,2,Triple R NSW Campaign 3 Cold Export
db1cb62d4503127c,sydwestms.org.au,SydWest Multicultural Services,,51-200,https://sydwestms.org.au,sydwestms.org.au,Individual and Family Services,,,"SydWest Multicultural Services is a leading organisation for cultural diversity issues responding to community needs and opportunities throughout Greater Western Sydney and more recently parts of the Inner West and City of Sydney. 

We help people of all ages and backgrounds live a better life through services including settlement; aged care; disability support; housing assistance; and programs for youth, women and families. 

We are proud to have an inclusive, ethnically diverse and bilingual workforce sensitive to the needs of the communities we service and support. 

SydWest Multicultural Services assists vulnerable and most in need: refugee and migrant Youth & Children, Seniors, People with Disabilities, and Humanitarian entrants across their life course.

Our passionate, qualified and experienced bilingual and bicultural staff are sensitive to the languages and cultures of the communities we represent.",,,101,,https://www.linkedin.com/company/sydwest-multicultural-services/,,NSW,Yes,Yes,A,3,0,3,Triple R NSW Campaign 3 Cold Export
e63c1900848acd11,schn.health.nsw.gov.au,Sydney Children's Hospitals Network,Sydney Children's Hospital,,https://www.schn.health.nsw.gov.au/,schn.health.nsw.gov.au,,,,,,,,,,,NSW,Unclear,No,A,3,0,1,Triple R NSW Campaign 3 Cold Export
dab0c256b7e5a430,noffs.org.au,Ted Noffs Foundation,,51-200,https://noffs.org.au,noffs.org.au,Non-profit Organizations,,,"The Ted Noffs Foundation, continues the legacy of Ted Noffs by providing essential services for young people and their families who are experiencing drug and alcohol problems and related trauma. There are a range of programs for young people that are based on leading research, continually evaluated and reviewed. Some of our programs include The Street University, Palm Youth Rehab and HOME - Noffs Youth Housing Service.",,,120,,https://www.linkedin.com/company/tednoffsfoundation/,,NSW,Unclear,No,A,3,0,2,Triple R NSW Campaign 3 Cold Export
9e673abd1c3b7f1e,villagebaxter.com,The Village Baxter,,,https://villagebaxter.com/,villagebaxter.com,,,,,,,,,,,VIC,Unclear,No,A,3,0,0,Triple R VIC Campaign 3 Cold Export
b9b900054dd2a0e6,waysidechapel.org,Wayside Chapel,,,https://waysidechapel.org/,waysidechapel.org,,,,,,,,,https://www.linkedin.com/company/the-wayside-chapel/,,NSW,Unclear,Yes,A,3,0,3,Triple R NSW Campaign 3 Cold Export
71758472c7c2694b,wwhs.net.au,West Wimmera Health Service,,,https://www.wwhs.net.au/,wwhs.net.au,,,,,,,,,,,VIC,,,,3,0,0,Triple R VIC Campaign 3 Cold Export
c62e75ecf28bd087,easykind.com.au,easykind,,,https://easykind.com.au/,easykind.com.au,,,,,,,,,,,VIC,Unclear,No,A,3,0,0,Triple R VIC Campaign 3 Cold Export
98cc91470286f09b,icare.nsw.gov.au,icare NSW,,1001-5000,https://www.icare.nsw.gov.au/,icare.nsw.gov.au,Insurance,,,"Insurance and care services for NSW.

Whether a person is severely injured in the workplace or on our roads, icare supports their long-term care needs to improve quality of life, including helping people return to work. We insure more than 326,000 NSW businesses and public sector employers – protecting around 3.6 million workers. icare is also a trusted risk advisor to the NSW Government, protecting $193 billion of the state's assets, including the iconic Sydney Opera House and the Sydney Harbour Bridge. 

icare is part of the NSW Government, and follows the NSW Government Community Guidelines. icare reserves the right to hide, delete and ban users who act in violation of these guidelines.

COMMUNITY GUIDELINES

1. Abusive, offensive or unlawful: Harassment, bullying or provoking other community members, swearing, derogatory language and expression of views that are racist, sexist, homophobic, predatory or sexually explicit are not acceptable. Posts we deem to be potentially defamatory or that violate privacy laws will be removed. 

2. Political in nature: While we welcome the discussion of policies and initiatives, it is not the place to discuss political parties and personalities.
 
3. Misleading information or misinformation: Information that is false, unfounded or misleading, whether intentional or not, will be removed.
 
4. An infringement of intellectual property rights: Respect and acknowledge original creators when sharing content.

5. Promotional: We do not accept advertisements, requests to endorse products or services or soliciting donations.
 
6. Spam or harmful: Copied and pasted, duplicated or off-topic posts will be removed. We do not tolerate posts containing links to harmful or suspicious websites or applications.
 
7. Personal details: We will remove any posts that contain private information or personal details.

8. Claims enquiries, complaints and disputes: Are best directed to our customer channels, outlined on our website.",,,1497,,https://www.linkedin.com/company/insurance-and-care-nsw/,,NSW,Yes,No,A,3,0,3,Triple R NSW Campaign 3 Cold Export
61bd02d30ac59a5f,nib.com.au,nib Group,,1001-5000,https://www.nib.com.au/,nib.com.au,Insurance,,,"As a trusted health partner, we support the health needs of around 1.6 million Australians, New Zealanders and international students and workers, while also providing travel insurance for travellers around the globe. 

We believe that by giving our members access to better health information, tools and services, they’ll feel confident in choosing the right path to take control of their health.

Our team of over 1,200 employees throughout Australia, New Zealand, Ireland and the United States all share in our purpose of your better health.

nib operates and supports employees and members from all corners of the world. Our organisation acknowledges and respects the custodianship that Indigenous peoples have on their lands and waterways.",,,1230,,https://www.linkedin.com/company/nib-health/,,VIC,Unclear,No,A,3,0,1,Triple R VIC Campaign 3 Cold Export
d06ec62976ef6e25,eremea.com.au,AB Dental & Medical Employment Agency,Dougherty Apartments,51-200,https://eremea.com.au,eremea.com.au,Hospitals and Health Care,,,"Eremea is a Government approved Home Care Packages provider backed with a highly experienced and passionate team.  We specialise in a range of home health care solutions and support services. Our aim is to deliver a high-quality client-directed, customer-centric service, and experience. Eremea's point of difference is that our caregivers are diverse, multicultural and many of them bilingual making each interaction personable and the client experience unique.",,,59,,https://www.linkedin.com/company/baptistcare/,,NSW,Yes,No,A,2,0,1,Triple R NSW Campaign 3 Cold Export
9e2526d42bb07f68,aftercare.com,After care,Aftercare,,https://www.aftercare.com/,aftercare.com,,,,,,,,,,,NSW,Unclear,No,A,2,0,0,Triple R NSW Campaign 3 Cold Export
82464e860a520e0a,alacrityhealth.com.au,Alacrity Health,,,https://www.alacrityhealth.com.au/,alacrityhealth.com.au,,,,,,,,,,,VIC,,,B,2,0,0,Triple R VIC Campaign 3 Cold Export
10fda75c4fa0226a,allhomecaring.com,All home caring services,HomeCaring,,http://allhomecaring.com/,allhomecaring.com,,,,,,,,,,,NSW,Yes,No,A,2,0,1,Triple R NSW Campaign 3 Cold Export
ee1f4534449e7aa9,anchor-electronics.com,Anchor,,,https://anchor-electronics.com/,anchor-electronics.com,,,,,,,,,,,VIC,No,No,A,2,0,1,Triple R VIC Campaign 3 Cold Export
83ffa44a4b8671b8,anglicare.com.au,Anglicare NSW South,,201-500,https://www.anglicare.com.au/,anglicare.com.au,Non-profit Organizations,,,"Anglicare NSW South, NSW West & ACT is a not-for-profit organisation with a focus to promote the well-being of, and create life opportunities for, disadvantaged children, young people, families, and communities. 

Anglicare has a presence in over 50 towns and communities across the ACT and rural NSW. Some of the major regional service locations are Wagga Wagga, Goulburn, Moruya, Orange, Dubbo and Canberra.",,,221,,https://www.linkedin.com/company/anglicare-canberra-goulburn/,,NSW,No,Yes,A,2,0,2,Triple R NSW Campaign 3 Cold Export
c260b586c2acb7ce,addri.org.au,Asbestos and Dust Diseases Research Institute,Asbestos Diseases Research Institute,11-50,https://addri.org.au,addri.org.au,Research Services,,,"Every year, 4,000 Australians lose their lives to dust diseases. As long as mesothelioma, silicosis and asbestos-related diseases threaten public health, we will be relentless in our mission to improve patient outcomes and leave a positive impact on people’s lives. 

Our research institute may be small, but with some of the best research minds in the country and global health leaders behind us, our ambition is large. Our passion and agility are backed by our status as a WHO Collaborating Centre for the Elimination of Asbestos Related Diseases. 

In the lab, we discover improved prevention methods, diagnosis, and treatment. Our pioneering molecular and biological techniques are scrutinised on blood and tissue specimens stored in the ADDRI Biobank. Committed to making a genuine difference, we convert promising therapeutic approaches into clinical practice, provide patient support, and drive advocacy and community awareness. 

People are the heart of what we do and we will not rest until we find a cure for mesothelioma and address asbestos and dust-related diseases head on.",,,28,,https://www.linkedin.com/company/asbestos-diseases-research-institute/,,NSW,No,No,A,2,0,2,Triple R NSW Campaign 3 Cold Export
5c63917486090dcd,aurrum.com.au,Aurrum,,51-200,https://aurrum.com.au,aurrum.com.au,Hospitals and Health Care,,,"Aurrum Aged Care was one of Australia’s leading residential aged care providers with a portfolio of 800 operating and development places in Victoria and New South Wales.

Aurrum Aged Care was acquired by Estia Health on 1 April 2025. 

Aurrum’s operating model was built on a philosophy of delivering clinical care excellence to our residents whilst offering premium quality accommodation, lifestyle and dining experiences.

Aurrum Aged Care was acquired by Estia Health on 1 April 2025.",,,191,,https://www.linkedin.com/company/aurrum/,,NSW,Unclear,No,A,2,0,1,Triple R NSW Campaign 3 Cold Export
fa24e1ba7977ab7c,aafro.com.au,Australian African Foundation for Retention and Opportunity,,,https://www.aafro.com.au/,aafro.com.au,,,,,,,,,,,VIC,Unclear,No,A,2,0,1,Triple R VIC Campaign 3 Cold Export
e19c451e534ec35c,stemcelldonors.org.au,Australian Bone Marrow Donor Registry,Stem Cell Donors Australia,,https://stemcelldonors.org.au/,stemcelldonors.org.au,,,,,,,,,https://www.linkedin.com/company/stem-cell-donors-australia/,,NSW,Unclear,No,A,2,0,2,Triple R NSW Campaign 3 Cold Export
344a3a085f806338,myagedcare.gov.au,Australian Home Care,Aged care,,https://www.myagedcare.gov.au/,myagedcare.gov.au,,,,,,,,,,,NSW,Yes,No,A,2,0,1,Triple R NSW Campaign 3 Cold Export
d917399ba775db13,anhf.org.au,Australian Nursing Home Foundation,,51-200,https://www.anhf.org.au/,anhf.org.au,Hospitals and Health Care,,,"Australian Nursing Home Foundation has provided valuable care and support services to ageing Australian people from Chinese, Southeast Asian and other backgrounds for over 45 years. As one of the leading and largest providers of culturally specific residential and community-based aged care in New South Wales, we look forward to continuing this long tradition of excellence in decades to come. Our specialist expertise and dedication will ensure our elders continue to live positively, age actively and feel empowered to choose the care and support they need and want to receive.

Our Mission
Commitment to becoming the model provider for high quality and culturally competent aged care.

Our Values
* Integrity
* Care & Compassion 
* Professionalism 
* Respect
* Teamwork 
* Equity 
* Rights 
* Innovation 
* Stewardship

Connect with Us
https://www.facebook.com/ANHFAU/",,,51,,https://www.linkedin.com/company/australiannursinghomefoundation/,,NSW,No,Yes,A,2,0,0,Triple R NSW Campaign 3 Cold Export
edd8c25c66d2f7cc,bhs.org.au,Ballarat Health Services,,,https://www.bhs.org.au/,bhs.org.au,,,,,,,,,,,VIC,Unclear,No,A,2,0,1,Triple R VIC Campaign 3 Cold Export
913ce308774a9c61,barnardos.org.uk,Barnardo's,Barnardos,5001-10000,https://barnardos.org.uk,barnardos.org.uk,Non-profit Organizations,,,"Hi, we're Barnardo's👋 We're here to help children, young people and families feel safer, happier, healthier and more hopeful. When you change a childhood, you change a life.",,,5637,,https://www.linkedin.com/company/barnardo's/,,NSW,Yes,No,A,2,0,0,Triple R NSW Campaign 3 Cold Export
8868cc0b4a853efe,bayside.vic.gov.au,Bayside City Council,,,https://bayside.vic.gov.au,bayside.vic.gov.au,Government Administration,,,,,,,,,,VIC,No,Yes,A,2,0,0,Triple R VIC Campaign 3 Cold Export
fce1f34999022ff6,bendigohealth.org.au,Bendigo Health,,,https://bendigohealth.org.au/,bendigohealth.org.au,,,,,,,,,,,VIC,,,C,2,0,1,Triple R VIC Campaign 3 Cold Export
87cf4134be471521,acon.org.au,BiCONIC Events,ACON,201-500,https://acon.org.au,acon.org.au,Non-profit Organizations,,,"We're Australia's largest HIV and sexuality and gender diverse health organisation.

We are a fiercely proud community organisation. For our entire history, the work of ACON has been designed by and for our communities.

Established in 1985, our early years were defined by community coming together to respond to the HIV/AIDS epidemic in NSW, and we remain committed to ending HIV for everyone in our communities. We do this by delivering campaigns and programs to eliminate new HIV transmissions. Supporting people living with HIV to live healthy and connected lives remains core to our work.

As we have grown, we have been proud to work with a diverse range of people to ensure their voice and health needs are represented in the work we do.

Our Purpose:

We create opportunities for people in our communities to live their healthiest lives.

Our Vision:

We strive to be a global leader in community health, inclusion and HIV responses for people of diverse sexualities and genders,

Our head office is in Sydney, and we also have offices in regional centres across New South Wales in Lismore and Newcastle. We provide our services and programs locally, state-wide and nationally.

Our primary funder is the NSW Government through the NSW Ministry of Health.",,,334,,https://www.linkedin.com/company/acon/,,NSW,Yes,No,A,2,0,2,Triple R NSW Campaign 3 Cold Export
521d6c1820c0487c,blissnursing.com.au,Bliss Nursing and Community Care,,2-10,https://blissnursing.com.au,blissnursing.com.au,Home Health Care Services,,2001-01-10T00:00:00.000Z,"Bliss Nursing and Community Care offers home and community care services for the elderly and those with a disability. We are very compassionate and understanding when it comes to caring for you or your loved ones.

With over 6 years of experience we ensure all our clients are receiving quality care with excellent standard of services.

Bliss Nursing is a registered provider for Home Care Packages and NDIS Services. We have qualified and experienced carers with passion to assist and help the community. Our carer are bilingual, diverse and culturally aware.",,,9,,https://www.linkedin.com/company/bliss-nursing-and-community-care/,,NSW,Yes,Yes,A,2,0,0,Triple R NSW Campaign 3 Cold Export
8c8b51c79d66f34f,cafonline.com,Cafs,,,https://www.cafonline.com,cafonline.com,,,,,,,,,,,VIC,Unclear,No,A,2,0,1,Triple R VIC Campaign 3 Cold Export
f2345fbfa561cb92,callonclare.com.au,Call On Clare,,,https://callonclare.com.au/,callonclare.com.au,,,,,,,,,,,VIC,Unclear,Yes,A,2,0,0,Triple R VIC Campaign 3 Cold Export
73addee2008fd7f4,carecentrix.com.au,Care Centrix Disability Services,,,https://carecentrix.com.au/,carecentrix.com.au,,,,,,,,,https://www.linkedin.com/company/care-centrix/,,NSW,Yes,No,A,2,0,2,Triple R NSW Campaign 3 Cold Export
92b00f4dc52fdbd5,care-connect.us,Care Connect,,,https://care-connect.us/,care-connect.us,,,,,,,,,,,NSW,No,No,A,2,0,1,Triple R NSW Campaign 3 Cold Export
9fb0f296cad025a0,qcdisability.com,Care With Quality,,,No website found,qcdisability.com,,,,,,,,,,,VIC,Yes,Yes,A,2,0,0,Triple R VIC Campaign 3 Cold Export
a5ee0277ff594a98,caretakers.org.au,Caretakers Cottage,,11-50,https://caretakers.org.au/,caretakers.org.au,Individual and Family Services,,,"About Us

Caretakers Cottage assists kids and young people facing homelessness, providing a range of specialist children, teenage and young peoples services across the East and South East Sydney region. In partnership with Family and Community Services, Community Housing providers and other Government and NGO agencies, we offer a unique program of accommodation, support and after-care services to improve outcomes, reduce homelessness and provide opportunities for stable and independent transition into adulthood.

Broadly, we provide two different models of care with the first being Specialist Homelessness Services (SHS) run through Caretakers Cottage Youth Refuge, providing crisis accommodation and support for 13 - 17 year olds for up to 3 months and Options Youth Housing, which provides semi-independent transitional accommodation for young people from 16 - 25, who are at risk of or currently experiencing homelessness.

The other model of care is Out Of Home Care (OOHC) accommodation specifically for young people who have been placed into the care of the Minister of Community Services. Our OOHC services are intensively staffed and are run through Entity and Horizon.",,,29,,https://www.linkedin.com/company/caretakers-cottage-sydney-/,,NSW,No,No,A,2,0,2,Triple R NSW Campaign 3 Cold Export
580ac2e222869bb6,chrh.org.au,Central Highlands Rural Health,Kyneton & District Health,,https://www.chrh.org.au,chrh.org.au,,,,,,,,,,,VIC,,,,2,0,0,Triple R VIC Campaign 3 Cold Export
9042778c348df8eb,southpacificprivate.com.au,Chasing Sunrise Wellbeing,South Pacific Private,51-200,https://southpacificprivate.com.au,southpacificprivate.com.au,Mental Health Care,,,"South Pacific Private’s mission is ‘To change lives and heal families' by providing Australians with the most holistic, comprehensive and proven treatment programs for addiction, trauma and mental health issues.
 
For 30 years, South Pacific Private has been at the forefront of addiction and mental health services in Australia and is proud to have helped over 14,000 people and their families start their recovery journey and find freedom.

Opening in 1993, South Pacific Private became Australia’s very first treatment centre equipped to treat addiction, trauma and mental health conditions in parallel - and to treat them within an integrated, holistic program that incorporates partners, friends and family.  We believe our pioneering trauma informed program offers the best treatment available in the southern hemisphere because it brings together physical, psychological and emotional healing.

As a fully-accredited, 54-bed private hospital, South Pacific Private offers the very highest levels of clinical expertise. All programs are supervised by a multi-disciplinary and expert team of psychiatrists, psychologists, general practitioners, registered nurses, psychotherapists and counsellors.

As an organization we  recognise the Gayamaygal people as the traditional owners and custodians of the land upon which we work. We pay our respects to Elders past, present and future and to all Aboriginal and Torres Strait Islander people.

South Pacific Private is a proud participant in the Rainbow Tick Accreditation program for LGBTQIA+ inclusion and has participated in Career Trackers, an Indigenous work placement program.",,,95,,https://www.linkedin.com/search/results/all/?keywords=Chasing+Sunrise+Wellbeing,,NSW,,,B,2,0,1,Triple R NSW Campaign 3 Cold Export
1df37f772340cfd5,coasit.org.au,Co.As.It.,,51-200,https://coasit.org.au,coasit.org.au,Non-profit Organizations,,,"Co.As.It. Italian Association of Assistance was established in 1968 to promote the Italian language and culture in NSW and to assist the growing number of migrants arriving from Italy.

Co.As.It. has grown to offer language classes to adults and children as well as a range of community programs including aged care services. Co.As.It. also runs an independent primary school, the Italian Bilingual School, with the NSW curriculum delivered in Italian and English.",,,111,,https://www.linkedin.com/company/co.as.it./,,NSW,Unclear,No,A,2,0,1,Triple R NSW Campaign 3 Cold Export
5b06a2ec4f8fca48,cabl.org.au,Community Action for Better Living,,11-50,https://cabl.org.au,cabl.org.au,Individual and Family Services,,2001-11-20T00:00:00.000Z,"Community Action for Better Living Inc. (formerly Burwood Community Welfare Services Inc.) is a wellbeing and support hub for the community in Sydney’s Inner West.

We offer a variety of integrated and complementary services that provide practical and emotional support to the disadvantaged, vulnerable and at-risk members of our community, including:

A community hub for the Inner West
Women’s Domestic Violence Court Advocacy Services
Inner West Meals on Wheels
Inner West Family Support Services

CABL is an incorporated charity registered with the ACNC and a tax deductible gift recipient. We believe in the rights of people to:
make choices in their own lives and maintain their independence;
dignity, respect, privacy and confidentiality;
be valued as individuals; and
access services on a non-discriminatory basis.

Our mission is to provide practical and emotional support to the disadvantaged, vulnerable and at-risk members of our community.

Our vision if for a just and inclusive society that values every individual equally, recognising and affirming those in need",,,12,,https://www.linkedin.com/company/cablinc/,,NSW,Unclear,No,A,2,0,2,Triple R NSW Campaign 3 Cold Export
01cb4c9b19466421,dhs.state.il.us,Department of Family and Community Services,Family & Community Services,,https://www.dhs.state.il.us/,dhs.state.il.us,,,,,,,,,,,NSW,Unclear,No,A,2,0,1,Triple R NSW Campaign 3 Cold Export
2ec3fe466d226920,dss.gov.au,Department of Family and Community Services,Department of Families,5001-10000,https://dss.gov.au,dss.gov.au,Government Administration,,,"This page shares information about the Department of Social Service's policies, programs and services, as well as examples of the work our stakeholder partners do across a wide range of social policy areas. 

This page is administered by the Department of Social Services (DSS). 
This account is monitored 9am to 5pm (AEST) Monday to Friday and intermittently outside business hours depending on staff availability. 

We welcome constructive comments and discussion on this account, however reserve the right to remove inappropriate material and comments that do not comply with our Social Media Acceptable Use policy at www.dss.gov.au/contact-us/social-media

We are not responsible or liable for the accuracy, reliability, or completeness of third-party information on this account to the extent permitted by law.",,,5155,,https://www.linkedin.com/company/dssaustralia/,,NSW,Unclear,Yes,A,2,0,2,Triple R NSW Campaign 3 Cold Export
392718787c467e43,detourhouse.org.au,Detour House,,,https://detourhouse.org.au/,detourhouse.org.au,,,,,,,,,,,NSW,Unclear,No,A,2,0,0,Triple R NSW Campaign 3 Cold Export
44c22212144cfab8,dokotela.com.au,Dokotela,,,https://www.dokotela.com.au/,dokotela.com.au,,,,,,,,,,,NSW,Unclear,No,A,2,0,2,Triple R NSW Campaign 3 Cold Export
a7f9d62e9153739c,gh.org.au,Edenhope and District Memorial hospital,Grampians Health,,https://www.gh.org.au/,gh.org.au,,,,,,,,,,,VIC,Yes,No,A,2,0,0,Triple R VIC Campaign 3 Cold Export
20836d872368a40f,enrichmentcare.com.au,Enrichment Care,,,https://enrichmentcare.com.au,enrichmentcare.com.au,,,,,,,,,https://www.linkedin.com/company/enrichment-care/,,NSW,Yes,Yes,A,2,0,0,Triple R NSW Campaign 3 Cold Export
d6781247c8019c27,nbmlhd.health.nsw.gov.au,Envisioning Life Supports,The Rainbow Lodge Program,1001-5000,https://nbmlhd.health.nsw.gov.au,nbmlhd.health.nsw.gov.au,Hospitals and Health Care,,,"Nepean Blue Mountains Local Health District (NBMLHD) provides innovative, world-class health care to more than 380,000 people living in the Blue Mountains, Hawkesbury, Lithgow and Penrith local government areas. We operate four main hospitals, a number of Community Health Centres and a range of other services including Drug & Alcohol, Mental Health, Cancer Care and Population Health. Our District consists of both urban and semi-rural areas covering almost 9,179 square kilometres.

Our vision is to together, achieve better health for our people and communities. A large number of staff employed across NBMLHD live within the community, so our employees have a vested interest in services provided and the reputation of our facilities.

Our largest hospital, Nepean Hospital, is an internationally renowned teaching hospital with links to leading universities. Our hospitals in the Blue Mountains, Hawkesbury and Lithgow also maintain strong links with local education providers and are valued within their communities as both essential services and major employers. We commit rigorously to research, teaching and knowledge sharing as a collaborative process.

As part of our commitment to creating better patient and consumer experiences, we deliver sound, research based and modern health care solutions for the benefit of our community.

We pride ourselves on achievements in clinical and non-clinical areas. For the latest updates check out the news page on our website: www.nsw.gov.au/health/nbmlhd/news

We welcome you to join our talented, happy and engaged workforce. Visit iworkfor.nsw.gov.au to sign up for job alerts.",,,1287,,https://www.linkedin.com/company/envisioning-life-supports/,,NSW,Yes,Yes,A,2,0,0,Triple R NSW Campaign 3 Cold Export
682dd6152c159d4c,familyspirit.org,Family Spirit,,11-50,https://familyspirit.org,familyspirit.org,Individual and Family Services,,,"Family Spirit is a new family support agency in the Sydney metropolitan region. Family Spirit formed out of a partnership between CatholicCare Sydney and Marist180 in 2017. From this partnership, the vision of a new, specialised family support agency grew. Both agencies believed that they could achieve more in the space of foster care and family supports by working together and bringing together their complementary strengths. 

Family Spirit officially launched on 1 July 2018. The agency is blessed to have some of the best and brightest in the industry working together to deliver family support services to preserve families, foster care services to provide alternative care arrangements for vulnerable children, family restoration services, guardianship services, and services to support young people to transition to independence. 

At Family Spirit our mission is to enable permanency and well-being for children and young people by supporting families and carers to provide safe, stable and nurturing environments for them up to the age of 25.",,,28,,https://www.linkedin.com/company/family-spirit-ltd/,,NSW,No,No,A,2,0,2,Triple R NSW Campaign 3 Cold Export
c86626709496f49e,fcfcoa.gov.au,Federal Circuit and Family Court of Australia,,,https://www.fcfcoa.gov.au/,fcfcoa.gov.au,,,,,,,,,,,VIC,Unclear,No,A,2,0,1,Triple R VIC Campaign 3 Cold Export
464d41ac633aef96,felicityholisticcare.com.au,Felicity Holistic Care,,,https://www.felicityholisticcare.com.au/,felicityholisticcare.com.au,,,,,,,,,,,VIC,Yes,Yes,A,2,0,0,Triple R VIC Campaign 3 Cold Export
71cd7f99afc79403,freshhope.org.au,Fresh Hope Communities,Living Care,51-200,https://freshhope.org.au,freshhope.org.au,Non-profit Organizations,,,"Fresh Hope Communities is the welfare arm and Public Benevolent Institution entity of churches of Christ in NSW and ACT. For almost 90 years, we have been providing quality support and lifestyle choices across retirement, residential and respite settings, as well as conference and outdoor adventure experiences for school and community groups.",,,171,,https://www.linkedin.com/company/fresh-hope-communities/,,NSW,Unclear,No,A,2,0,1,Triple R NSW Campaign 3 Cold Export
ed60b3bd5793ff1d,frondithacare.org.au,Fronditha Care,,,https://frondithacare.org.au/,frondithacare.org.au,,,,,,,,,,,VIC,Yes,Yes,A,2,0,0,Triple R VIC Campaign 3 Cold Export
82a42857a7f09c25,gallipolihome.org.au,Gallipoli Health Services,,,https://www.gallipolihome.org.au/,gallipolihome.org.au,,,,,,,,,,,NSW,Unclear,Yes,A,2,0,1,Triple R NSW Campaign 3 Cold Export
11118966ba81c7ee,gatewayhealth.com,Gateway Health,,,https://www.gatewayhealth.com/,gatewayhealth.com,,,,,,,,,,,VIC,Yes,Yes,A,2,0,0,Triple R VIC Campaign 3 Cold Export
358bb1dcd41a334a,getgenea.com,Genea,,,https://www.getgenea.com/,getgenea.com,,,,,,,,,,,NSW,Unclear,No,A,2,0,2,Triple R NSW Campaign 3 Cold Export
4fa368c3147d426f,gidgetfoundation.org.au,Gidget Foundation Australia,,,https://www.gidgetfoundation.org.au/,gidgetfoundation.org.au,,,,,,,,,https://www.linkedin.com/company/gidgetfoundationaustralia/,,NSW,Yes,Yes,A,2,0,1,Triple R NSW Campaign 3 Cold Export
bd620c029f646c94,gvhealth.org.au,Goulburn Valley Health,,,https://www.gvhealth.org.au/,gvhealth.org.au,,,,,,,,,,,VIC,Yes,Yes,A,2,0,0,Triple R VIC Campaign 3 Cold Export
42f9586770cb986b,thc.net.au,Greenwich Horizons Care Community,BlueWave Living,201-500,https://thc.net.au,thc.net.au,Hospitals and Health Care,,,Private Aged Care Provider,,,294,,https://www.linkedin.com/company/bluewave-living---aged-care/,,NSW,Unclear,No,A,2,0,1,Triple R NSW Campaign 3 Cold Export
5a9575624e8ee33f,hesseruralhealth.com.au,HESSE RURAL HEALTH SERVICE,Hesse Rural Health,,https://hesseruralhealth.com.au,hesseruralhealth.com.au,,,,,,,,,,,VIC,Yes,Yes,A,2,0,0,Triple R VIC Campaign 3 Cold Export
45b1f3aafdf4aef3,healthcareaustralia.com.au,Healthcare Australia,,,https://healthcareaustralia.com.au/,healthcareaustralia.com.au,,,,,,,,,,,VIC,Yes,No,A,2,0,1,Triple R VIC Campaign 3 Cold Export
81dd7d7025c6d2d4,healthscope.com.au,Healthscope,,,https://healthscope.com.au/,healthscope.com.au,,,,,,,,,,,VIC,,,,2,0,0,Triple R VIC Campaign 3 Cold Export
064e7bbfdb7c90a1,homecareassistance.com,Home Care Assistance,Saha Supports,,https://homecareassistance.com,homecareassistance.com,Hospitals and Health Care,,,,,,,,,,NSW,Yes,Yes,A,2,0,0,Triple R NSW Campaign 3 Cold Export
5762497da097408b,homeinstead.com.au,Home Instead Melbourne Outer East and Glen Waverley,Home Instead Melbourne Outer North East,,https://www.homeinstead.com.au/,homeinstead.com.au,,,,,,,,,,,VIC,Unclear,No,A,2,0,0,Triple R VIC Campaign 3 Cold Export
9965286e373928f0,icla.org.au,Independent Community Living Australia,Neami National,51-200,https://icla.org.au,icla.org.au,Non-profit Organizations,,,"Independent Community Living Australia (ICLA) is a not for profit organisation that has been operating since 1984. We have a depth of understanding and experience working with people who have a mental illness and/or a disability. We strive to promote people’s independence, active participation and inclusion in the community to live a valued life.

Our Values underpin all we do and include:
•	Respect for all
•	Integrity in all we do
•	Results for those we serve
•	Accountable in all we do

Our vision is the people we support, our staff and the organisation, all thrive and our mission is to deliver personalised support enabling individual choice to improve people’s lives. 

With over 30 years experience in mental health and disability support ICLA understands the importance of flexible support which gives the individual real choice and control . 

We provide a range of services that can be tailored to meet an individual’s goals. Or services are person centred ensuring they receive support as individual as they are. We work with the individual’s strengths, values and goals, whatever they may be. Our model of support puts them at the centre of the service they receive.

What we offer:
•	As a registered community housing provider we offer a range of supported accommodation options that include the provision of high supports needs through to drop in supports.
•	As a registered NDIS provider we offer a full range of support services including: support coordination, assistance with daily living activities, social and recreational support and independence and skills building opportunities.
•	As a specialist mental health provider we work with the individual to achieve their recovery goals.

Anything is possible with ICLA. We assist people to reach their full potential, build happy independent and fulfilled lives",,,65,,https://www.linkedin.com/company/independent-community-living-australia-ltd/,,NSW,Yes,No,A,2,0,2,Triple R NSW Campaign 3 Cold Export
c5c39eb844bdba9f,ilsau.com.au,Independent Living Specialists,,,https://ilsau.com.au,ilsau.com.au,,,,,,,,,,,NSW,Yes,No,A,2,0,2,Triple R NSW Campaign 3 Cold Export
dd673f7a09511ada,jamesmilsonvillage.com.au,James Milson Village,,51-200,https://jamesmilsonvillage.com.au,jamesmilsonvillage.com.au,Hospitals and Health Care,,,"James Milson Village is a not-for-profit organisation that has been caring for Sydneysiders for five decades. 

We provide a supportive and respectful community for the ageing; a community that places the person at the centre of all we do, enabling independence and honouring individuality.

Our retirement living and residential aged care services are offered across two iconic locations, North Sydney and Woolwich.

Each location offers the very best in city living, boasts water views and beautifully landscaped garden areas, as well as a range of onsite facilities and services.

Our emphasis on community means there’s always something to keep residents busy. They can take advantage of excursions and day trips around the region, as well as regular social events and activities all year round.

At the same time, residents enjoy privacy when and where they need it. Our independent living units offer the opportunity to host guests and prepare meals on your own schedule, whilst enjoying the social factor of shared recreation and entertainment facilities. We also have nursing staff on-call for emergency situations and in-home services such as meal deliveries, domestic assistance and more.",,,72,,https://www.linkedin.com/company/james-milson-village/,,NSW,Yes,Yes,A,2,0,2,Triple R NSW Campaign 3 Cold Export
bd602280ad2d933d,jewishcare.org,Jewish Care,,501-1000,https://jewishcare.org,jewishcare.org,Hospitals and Health Care,,,"We are the largest provider of health and social care services for the Jewish community in the UK. Every week, we touch the lives of 10,000 people. We can only do this thanks to our amazing professional staff of 1,500 and the 3,000 dedicated volunteers who help make our work possible. 

We provide services to:
Older people
People with mental health needs
Holocaust survivors
People with dementia
People who care for others who have a variety of needs – e.g. mental health, older people, people with disabilities
People with MS, Parkinson’s, strokes and those who are visually impaired
People who are bereaved and those recently separated

We also provide youth leadership opportunities, recreational, educational, and cultural programmes, as well as half-term schemes.

Jewish Care is a UK registered Charity - Reg. No. 802559.",,,628,,https://www.linkedin.com/company/jewish-care/,,NSW,No,No,A,2,0,2,Triple R NSW Campaign 3 Cold Export
cb4cc78934f55baa,jewishcare.com.au,JewishCare NSW,,51-200,https://jewishcare.com.au,jewishcare.com.au,Non-profit Organizations,,,"JewishCare NSW is a not-for-profit organisation.  For over 85  years we have been the major provider of services for the most vulnerable members of our community.  Our teams in Aged Care, Disability and Mental Health and Family and Child Services offer programs and services to those who need it most.

For employment opportunities, please visit https://jewishcare.com.au/work-with-us/ and apply online.",,,93,,https://www.linkedin.com/company/jewishcare-nsw/,,NSW,Yes,Yes,A,2,0,1,Triple R NSW Campaign 3 Cold Export
1d4fb4081c501268,julianavillage.com.au,Juliana Village,juliana village,11-50,https://julianavillage.com.au/,julianavillage.com.au,Hospitals and Health Care,,,"Nestled in the southern Sydney suburb of Miranda, Juliana Village has been recognised as an outstanding aged care facility for more than 43 years. Set in glorious, colourful gardens, our wonderful home-style environment offers a choice of independent living, low care assistance or high care support to the many residents who have chosen to make our Village their home.

At the very heart of all that we do is our focus on providing stability and security for each resident, combined with maximum opportunities for individual independence.

Originally established to look after the aged care needs of the Dutch community, the doors of Juliana Village stand wide in warm welcome to all nationalities and cultures.

We invite you to come and visit us in our beautiful surroundings and experience for yourself the relaxed pace and easygoing atmosphere that makes our Village a true home away from home.

To take a tour, please contact our Administration Team on 02 9541 3400 or info@julianavillage.com.au.",,,39,,https://www.linkedin.com/company/juliana-village/,,NSW,Yes,Yes,A,2,0,0,Triple R NSW Campaign 3 Cold Export
30eea744ac32ae7c,junction.org.au,Junction Support Services,,,https://junction.org.au/,junction.org.au,,,,,,,,,,,VIC,Yes,No,A,2,0,0,Triple R VIC Campaign 3 Cold Export
539f7f0b729e9c99,letsgetcare.com.au,Just Home Care Packages,Let's Get Care,,https://letsgetcare.com.au/,letsgetcare.com.au,,,,,,,,,,,NSW,Unclear,Yes,A,2,0,0,Triple R NSW Campaign 3 Cold Export
49f8728524747d46,baysidehealth.org.au,Kooweerup Regional Health Service,,,https://www.baysidehealth.org.au/locations/kooweerup-hospital,baysidehealth.org.au,,,,,,,,,,,VIC,,,,2,0,0,Triple R VIC Campaign 3 Cold Export
f9f294402f03940f,leukaemia.org.au,Leukaemia Foundation,,,https://www.leukaemia.org.au/,leukaemia.org.au,,,,,,,,,https://www.linkedin.com/company/leukaemia-foundation/,,NSW,Unclear,Yes,A,2,0,2,Triple R NSW Campaign 3 Cold Export
0323413bd61410a1,lifelyhome.com,Lifely,,,https://lifelyhome.com/,lifelyhome.com,,,,,,,,,,,VIC,Unclear,No,A,2,0,0,Triple R VIC Campaign 3 Cold Export
4b0199a887bf4edd,find-and-update.company-information.service.gov.uk,Liverpool Community,VACCA,,https://find-and-update.company-information.service.gov.uk/company/08864151,find-and-update.company-information.service.gov.uk,,,,,,,,,,,NSW,Unclear,No,A,2,0,0,Triple R NSW Campaign 3 Cold Export
284ba49ef84092ce,lumiacare.com.au,Lumia Care,,,https://lumiacare.com.au/,lumiacare.com.au,,,,,,,,,,,NSW,Yes,Yes,A,2,0,1,Triple R NSW Campaign 3 Cold Export
14af6e3018859ec2,mtcaustralia.com.au,MTC FutureReady,MTC Australia,201-500,https://mtcaustralia.com.au,mtcaustralia.com.au,Non-profit Organizations,,,"MTC FutureReady is a social enterprise that’s here to help people take practical steps towards real progress. 

Our targeted training programs, meaningful employment services and unbeatable support are all designed to bring about fresh possibilities and drive life-changing transformation. 

Founded by a team of just three people in the Sydney suburb of Marrickville in 1989, MTC began with a focus on helping the most disadvantaged people in the community move into training and meaningful employment. As we’ve grown, we’ve expanded our focus to empower people from all backgrounds who want to improve their skills and their employment prospects, and we now have over 450 passionate team members who support more than 20,000 people each year across New South Wales, Queensland and the ACT.",,,494,,https://www.linkedin.com/company/mtc-futureready/,,NSW,Unclear,No,A,2,0,2,Triple R NSW Campaign 3 Cold Export
4d222b3c0832b797,mable.com.au,Mable,,,https://mable.com.au/,mable.com.au,,,,,,,,,,,NSW,,,,2,0,2,Triple R NSW Campaign 3 Cold Export
144254b7a971897f,mqhealth.org.au,Macquarie University Hospital,,,https://www.mqhealth.org.au/,mqhealth.org.au,,,,,,,,,,,NSW,Yes,No,A,2,0,1,Triple R NSW Campaign 3 Cold Export
b3cd08afdc0dd154,mcauleyri.org,McAuley,,,https://mcauleyri.org/,mcauleyri.org,,,,,,,,,,,VIC,Unclear,No,A,2,0,1,Triple R VIC Campaign 3 Cold Export
a6f6a38df880ac38,mcgrathfoundation.com.au,McGrath Foundation,,51-200,https://mcgrathfoundation.com.au,mcgrathfoundation.com.au,Non-profit Organizations,,,"Our purpose is to ensure that no one goes through cancer without the care of a McGrath Cancer Care Nurse.

We raise money to fund McGrath Cancer Care Nurses right across Australia and deliver world leading cancer nursing services to support people and their families through cancer.

McGrath Cancer Care Nurses provide clinical, psychosocial and emotional support to people with any type of cancer throughout their treatment. Our nursing care is completely free. You don’t even need a referral.",,,110,,https://www.linkedin.com/company/mcgrath-foundation/,,NSW,Yes,No,A,2,0,2,Triple R NSW Campaign 3 Cold Export
19e7e20c62baf4db,legacy.com.au,Melbourne Legacy,,,https://www.legacy.com.au/clubs/vic/melbourne/,legacy.com.au,,,,,,,,,,,VIC,No,No,A,2,0,0,Triple R VIC Campaign 3 Cold Export
d128039dd7f1ed76,minimbah.org.au,Minimbah Challenge,,,https://www.minimbah.org.au,minimbah.org.au,,,,,,,,,,,NSW,Unclear,Yes,A,2,0,1,Triple R NSW Campaign 3 Cold Export
95b204bc2d426c05,mosaicmc.org.au,Mosaic Multicultural Connections,Northern Settlement Services,11-50,https://mosaicmc.org.au,mosaicmc.org.au,Hospitals and Health Care,,,"Mosaic has assisted people and communities of migrant, refugee and multicultural backgrounds across Newcastle and the Hunter, Lake Macquarie, Central Coast, New England and North West regions for more than 40 years.

Previously trading under Northern Settlement Services Limited, today Mosaic provides care, support and, services in the areas of settlement, families and young people, aged care, and community development. Led by an experienced and skilled board of directors and professional management staff, Mosaic is reaching more people and having a deeper impact in the lives of multicultural people and communities in the areas we serve.

People in NSW come from more than 307 ancestries, speak 215 languages and dialects, and follow 148 different religious beliefs. We believe that this diversity is what makes our communities and culture richer and stronger.",,,34,,https://www.linkedin.com/company/mosaic-multicultural-connections/,,NSW,,,B,2,0,1,Triple R NSW Campaign 3 Cold Export
3d0a1c8c249d5ede,mymedicalguardian.com,My Guardian,,,https://www.mymedicalguardian.com/,mymedicalguardian.com,,,,,,,,,,,NSW,Yes,No,A,2,0,2,Triple R NSW Campaign 3 Cold Export
7c0ea3b2dfe5a4e5,aci.health.nsw.gov.au,NSW Agency for Clinical Innovation,,201-500,https://aci.health.nsw.gov.au,aci.health.nsw.gov.au,Hospitals and Health Care,,,"The Agency for Clinical Innovation (ACI) works with clinicians, consumers and system leaders to improve the health system in NSW. We design and implement new ways to deliver care for patients.

The ACI partners with the Ministry of Health, pillar organisations, local health districts, specialty networks, clinicians, patients and carers. We work together to achieve better value in healthcare by:
• improving patient and provider experience
• improving patient outcomes
• delivering efficient and sustainable healthcare services.

The ACI is part of NSW Health's Clinical Innovation and Research Division and works closely with the Office for Health and Medical Research.",,,234,,https://www.linkedin.com/search/results/all/?keywords=Optimal+Nutrition+Care,,NSW,Yes,Yes,A,2,0,2,Triple R NSW Campaign 3 Cold Export
36bd710c94cff68c,newtowncentre.org,Newtown Neighbourhood Centre,,11-50,https://newtowncentre.org,newtowncentre.org,Non-profit Organizations,,,"Newtown Neighbourhood Centre is a local community centre in the heart of the Inner West of Sydney.  We work primarily with people at risk of homelessness and social isolation.  We provide spaces for community meetings and events, run Newtown market every Saturday, and the annual Newtown Festival.",,,33,,https://www.linkedin.com/company/newtown-neighbourhood-centre/,,NSW,No,Yes,A,2,0,1,Triple R NSW Campaign 3 Cold Export
b23f4ede5ebfa344,northcott.com.au,Northcott,,501-1000,https://northcott.com.au,northcott.com.au,Consumer Services,,,"As one of Australia’s largest not-for-profit disability service organisations, Northcott provide services from metropolitan and regional locations throughout NSW, QLD and the ACT. 

Northcott is a registered NDIS provider with a proud history of supporting children and adults with disability for over 90 years. 

Northcott provides personalised and dynamic support, delivered by a committed team who will optimise and maximise support and services for every customer.

Our experience and expertise gives confidence to our customers they are in good, trustworthy hands. Our commitment to innovation and pushing boundaries allows us to tackle any challenge currently creating barriers for our customers to reach their potential.

Northcott’s diverse range of service offerings and strong community partnerships gives customers easy access to the supports they need or want through a single gateway from our many locations.

Our purpose is to build an inclusive society where people can live the life they choose. We support people with disability to reach their full potential by providing services and support to promote a genuinely inclusive society.

Our vision is to grow our services because customers choose us as their provider of choice.

Northcott has always been a values driven organisation and we have been able to grow into one of the largest disability services in Australia as a result of this.

We are:

- Innovative because we develop new ideas and solutions with creativity in anticipation of changing needs
- Respectful because we believe that everyone’s voice is unique and that they have the right to be heard
- Brave because we have the courage to stand up for people with all abilities even in the face of adversity",,,722,,https://www.linkedin.com/company/northcott/,,NSW,Unclear,No,A,2,0,1,Triple R NSW Campaign 3 Cold Export
be9a23a46aff0ce1,northernbeacheshospital.com.au,Northern Beaches Hospital,Northern beaches hospital,,https://northernbeacheshospital.com.au/,northernbeacheshospital.com.au,,,,,,,,,,,NSW,No,No,A,2,0,0,Triple R NSW Campaign 3 Cold Export
a5cc4e8e1d1da89e,northside-enterprise.org.au,Northside Enterprise,,11-50,https://www.northside-enterprise.org.au/,northside-enterprise.org.au,Individual and Family Services,,,"Northside is a community service organisation that supports people with disabilities in living vibrant and inclusive lives. We are driven by the belief that people with disabilities are an integral part of the community, sharing the experience alongside everyone else. This belief is at the heart of our mission to create opportunities that foster inclusion and engagement across all levels of society. Northside is an Accredited NDIS Provider and ACNC Registered Charity.",,,22,,https://www.linkedin.com/company/northside-enterprise-inc/,,NSW,,,B,2,0,1,Triple R NSW Campaign 3 Cold Export
f116af8c62023441,nursenextdoor.com,Nurse Next Door Home Care Services,Nurse Next Door,,https://www.nursenextdoor.com,nursenextdoor.com,,,,,,,,,,,NSW,,,,2,0,0,Triple R NSW Campaign 3 Cold Export
e47268af66dd0aed,odysseyhouse.com.au,Odyssey House NSW,Neami National,51-200,https://odysseyhouse.com.au,odysseyhouse.com.au,Hospitals and Health Care,,,,,,89,,https://www.linkedin.com/company/neami/,,NSW,Unclear,No,A,2,0,2,Triple R NSW Campaign 3 Cold Export
6bc19f29e36dd98a,myguardian.com.au,Opal Healthcare,My Guardian,51-200,https://myguardian.com.au,myguardian.com.au,Hospitals and Health Care,,,"Everything we do at My Guardian is based on one simple philosophy: A lifelong vocation for serving others with a heart.

We transform home care for all ages and abilities, offering innovative, quality services to enhance your well-being. Helping you stay healthy, safe, and engaged at home, your well-being is at the centre of what we do. ""Your FIRST choice for Aged & Disability Care"" isn't just our slogan;  it's part of our mission that is integrated in our DNA, that being the industry leader for in-home care.

My Guardian 
Your FIRST choice for Aged & Disability Care",,,82,,https://www.linkedin.com/company/my-guardian/,,NSW,Unclear,No,A,2,0,2,Triple R NSW Campaign 3 Cold Export
518f35c085d8ca24,openarms.gov.au,Open Arms,,51-200,https://openarms.gov.au,openarms.gov.au,Government Administration,,,"Open Arms - Veterans & Families Counselling provides professional, military aware, support to all current and former serving ADF personnel and their families. Confidential counselling to support mental health and wellbeing is available 24/7. Open Arms also run group programs and suicide prevention training.

Open Arms counsellors have an understanding of military culture and can work with clients to find effective solutions for improved mental health and wellbeing.

If you are looking for counselling and support services, call us any time on 1800 011 046.

As a user of Open Arms social media, you may express your views, comments, ideas, insights and feedback about our service.

For guidelines on our social media acceptable use policy - https://www.openarms.gov.au/about/social-media-policy",,,191,,https://www.linkedin.com/company/openarms/,,NSW,Unclear,No,A,2,0,0,Triple R NSW Campaign 3 Cold Export
2f0723a1f7a457d8,oxleyhomecare.com.au,Oxley Home Care,,11-50,https://www.oxleyhomecare.com.au/,oxleyhomecare.com.au,Consumer Services,,,"Oxley Home Care is an award-winning, nationally accredited family owned and operated business, based locally in Belrose NSW. For the last 10 years Oxley Home Care’s staff have been providing Private Care, Home Care, Nursing and Allied Health Support that enables people, regardless of their age, to live independently in their own home throughout the Sydney Metropolitan area. 
As a Registered Nurse with over 30 years’ experience, founder Gilian Douglass is passionate about delivering a person centred approach to care, ensuring that her clients enjoy a better quality of life and maintain their social and community connections. 

Oxley Home Care deliver a range of quality in-home care services to a variety of clients. The core category of services we deliver include;

•	Private Clients -  including Self-funded retirees who want some in-home support to stay living in their own home
•	Home Care Packages - for clients who have been assessed by MY Aged Care and ACAT for a Home Care Package and are eligible for Government subsidised care
•	Veteran Clients - Domestic support, low level personal care and respite, and Community Nursing care for Veterans and their widows/widowers 
•	Nursing and Allied Health - support for clients who may need to access additional support on a temporary or long term basis to supplement other care needs or support requirements
•	Brokerage Agencies – support requests from Government agencies or other businesses who request support from Oxley Home Care’s Care Workers based on skills, availability and geographical location",,,25,,https://www.linkedin.com/company/oxley-home-care/,,NSW,Yes,No,A,2,0,2,Triple R NSW Campaign 3 Cold Export
1d65fe323407f0ee,parramattamission.org.au,Parramatta Mission,,51-200,https://parramattamission.org.au/,parramattamission.org.au,Non-profit Organizations,,,"Parramatta Mission is a part of the Uniting Church in Australia and has been dedicated to assisting the most vulnerable and disadvantaged in the community for over 50 years.

Our Meals Plus service in the heart of Parramatta opens its doors each day to individuals and families from all walks of life who may be facing crisis or hardship in regard to housing, food, mental and physical health, and those requiring meals and other necessities. Each day we fulfil our purpose of being a Community Transforming Lives, in big ways and in small.

Meals Plus is where people who may be experiencing homelessness, facing crisis, living with mental health issues or facing isolation and disadvantage can come to find assistance. The service is open during the day and provides breakfast and lunch Monday to Friday. Throughout the week, approximately 250 meals are served each day to those in need. We also provide food parcels, essentials and hygiene care products to struggling individuals and families, and additional onsite services including clothing washing facilities and showers.

We continue to grow our offering of additional support services onsite through our expanded consortium hub to assist our guests which includes the likes of housing services, Centrelink, Service NSW, financial aid, legal aid, and various health services.

We know that it is not enough to provide food and find safe secure housing for someone. The ability to provide training, education and employment opportunities ensures that we are protecting individuals from future stress and possible homelessness, giving them the skills to succeed long term.

With no government funding, we rely in donations and support from local organisations and individuals to continue to serve those most in need.",,,57,,https://www.linkedin.com/search/results/all/?keywords=Parramatta+Mission,,NSW,Unclear,No,A,2,0,0,Triple R NSW Campaign 3 Cold Export
f9df3378aad94938,peninsulavillages.com.au,Peninsular Villages,Peninsula Villages,,https://peninsulavillages.com.au/,peninsulavillages.com.au,,,,,,,,,https://www.linkedin.com/company/peninsula-villages/,,NSW,Unclear,Yes,A,2,0,2,Triple R NSW Campaign 3 Cold Export
648c0ddec237675d,plancare.com.au,PlanCare,,11-50,https://plancare.com.au,plancare.com.au,Hospitals and Health Care,,,"PlanCare is a healthcare-at-home platform and service that enables our older generation to self-manage their care and support, giving them more choice and control and access to more services and providers at a lower cost than the traditional care model.

PlanCare connects the over 65’s Healthcare-At-Home Ecosystem, from those requiring support, their family members and caregivers to the providers they use and the funding they need.

Our innovative platform brings everyone together to reduce the stress of coordinating supports and provide clarity on supports, including fund and budget management, whilst monitoring the well-being of our users.",,,44,,https://www.linkedin.com/company/myplancare/,,NSW,Unclear,Yes,A,2,0,1,Triple R NSW Campaign 3 Cold Export
6787ba075ce25786,prestigeinhomecare.com.au,Prestige Inhome Care,,,https://www.prestigeinhomecare.com.au,prestigeinhomecare.com.au,,,,,,,,,,,VIC,Yes,Yes,A,2,0,0,Triple R VIC Campaign 3 Cold Export
e80721793c24ae14,private,Private,,,No website found,private,,,,,,,,,,,VIC,Yes,No,A,2,0,0,Triple R VIC Campaign 3 Cold Export
eeec169888f2fc64,proveda.com,Proveda,,,https://proveda.com/,proveda.com,,,,,,,,,,,NSW,Yes,No,A,2,0,1,Triple R NSW Campaign 3 Cold Export
a88117a3b84c40bf,ruscare.com.au,RUSCARE,Ruscare,,https://ruscare.com.au,ruscare.com.au,,,,,,,,,,,VIC,No,No,A,2,0,1,Triple R VIC Campaign 3 Cold Export
1286a5e1f14c343d,ramsayhealth.com,Ramsay Health Care,,,https://www.ramsayhealth.com/,ramsayhealth.com,,,,,,,,,,,NSW,Yes,Yes,A,2,0,1,Triple R NSW Campaign 3 Cold Export
c84dc3fd9d648b1e,retireaustralia.com.au,RetireAustralia,,51-200,https://retireaustralia.com.au,retireaustralia.com.au,Hospitals and Health Care,,,"RetireAustralia is a leading owner, operator and developer of retirement villages with a focus on creating thriving communities where older Australians live the life they choose in their own home.

Every day, we strive to better serve our residents through the homes we build, the communities we create, and the services we provide.

Our portfolio is comprised of unique retirement communities located across New South Wales, Queensland and South Australia, offering a continuum of care from independent living, through to high care.

From city to country to coast – we guarantee older Australians a welcoming and secure environment with the freedom and support to live life on their own terms.

Throughout our operations, there is a consistently high standard of operation underpinned by a nimble and empowered workforce with vast experience and skills.  Our culture of care ensures that our residents and their families have the best possible experience throughout their time in a RetireAustralia community.

In recent years, we have cultivated our development expertise. We have extended several existing communities and are planning and developing new purpose-built communities in areas with high demand for quality seniors living.

Ultimately, our vision is to be a leading provider of integrated care and independent living communities for older Australians.",,,198,,https://www.linkedin.com/company/retireaustralia/,,NSW,,,B,2,0,2,Triple R NSW Campaign 3 Cold Export
83fb6dbdd396fde4,royalrehabgroup.com.au,Royal Rehab,,,https://royalrehabgroup.com.au/,royalrehabgroup.com.au,,,,,,,,,https://www.linkedin.com/company/royal-rehab/,,NSW,Unclear,Yes,A,2,0,2,Triple R NSW Campaign 3 Cold Export
438da211cd8c5281,rymanhealthcare.co.nz,Ryman Healthcare,,,https://www.rymanhealthcare.co.nz/,rymanhealthcare.co.nz,,,,,,,,,,,VIC,,,B,2,0,0,Triple R VIC Campaign 3 Cold Export
3f113038c08ecdb8,ssi.inc,SSI,,,https://ssi.inc/,ssi.inc,,,,,,,,,,,NSW,,,,2,0,1,Triple R NSW Campaign 3 Cold Export
6d09574e3e9b9fe4,secure.shsm.org,Sacred Heart Mission,,,https://secure.shsm.org,secure.shsm.org,,,,,,,,,,,VIC,Unclear,No,A,2,0,0,Triple R VIC Campaign 3 Cold Export
4420b134cc33d63a,samaritans.org.au,Samaritans Foundation,,51-200,https://samaritans.org.au,samaritans.org.au,Individual and Family Services,,,"Samaritans works extensively with locals who have a disability, carers, families & children, young people, those with mental health concerns as well as the wider community.

Samaritans operates exclusively in the Central Coast, Hunter, Mid North Coast & Central Western regions of New South Wales.",,,184,,https://www.linkedin.com/company/samaritans-foundation/,,NSW,Unclear,No,A,2,0,2,Triple R NSW Campaign 3 Cold Export
4679bb470d255581,scalabrini.com.au,Scalabrini Villages,SCALABRINI VILLAGE,,https://www.scalabrini.com.au,scalabrini.com.au,,,,,,,,,,,NSW,Unclear,No,A,2,0,1,Triple R NSW Campaign 3 Cold Export
76d6939984cd556b,scentregroup.com,Scentre Group,Uniting,1001-5000,https://www.scentregroup.com/,scentregroup.com,Real Estate,,,"Scentre Group owns 42 Westfield destinations with 37 located in Australia and five in New Zealand. 

Westfield destinations are strategically located in close proximity to the majority of the population in Australia and New Zealand, and form part of the social fabric of the communities we serve.

Our Purpose is creating extraordinary places, connecting and enriching communities. 

We are focused on our customers and creating more reasons for more people to visit our Westfield destinations more often and for longer.

We have the capabilities and expertise within our team to design, construct, operate, manage and market our platform. Our workforce includes approximately 75 professions reflecting the diversity of our capabilities and talent.

In striving to achieve our Purpose we are guided by our values – our DNA – which underpin the standards we expect of ourselves and of others. Our DNA is a central part of our approach to business integrity and our Code of Conduct. 

Our talent vision is to be the place where talent thrives and when you work with us, we promise to respect, inspire and develop you, and that you will do work that matters. We provide a unique and sought-after employee experience, fostering a workplace where everyone feels they belong and offering a range of unique benefits.

We are a responsible and sustainable business with a focus on four key areas - community, people, environment and economic performance. 

Scentre Group acknowledges the Traditional Owners and communities of the lands on which our business operates. We pay our respect to Aboriginal and Torres Strait Islander cultures and to their Elders past and present. We recognise the unique role of Māori as Tangata Whenua of Aotearoa/New Zealand.",,,2016,,https://www.linkedin.com/company/hillebrand-shaw-co/,,NSW,,,B,2,0,2,Triple R NSW Campaign 3 Cold Export
13b177397b233d84,sonder.com,Sonder,,,https://www.sonder.com/,sonder.com,,,,,,,,,,,NSW,,,,2,0,1,Triple R NSW Campaign 3 Cold Export
876af298ba47dbd8,advancediversity.org.au,St George Migrant Resource Centre,Advance Diversity Services,11-50,https://advancediversity.org.au,advancediversity.org.au,Civic and Social Organizations,,,"Advance Diversity Services (ADS) is a leading non-profit organisation that builds community, brings cultures together and promotes justice, equality and respect.

We provide a range of community, aged care, family, disability and settlement services to enhance the health, wellbeing and community connections of individuals and families in St George, the Sutherland Shire, and inner Sydney.",,,32,,https://www.linkedin.com/search/results/all/?keywords=Advance+Diversity+Services,,NSW,Yes,Yes,A,2,0,1,Triple R NSW Campaign 3 Cold Export
a33c557b8c6263e5,svcs.org.au,St Vincent's Care Services,John Paul Village,,https://www.svcs.org.au/retirement-living/nsw/sydney/heathcote,svcs.org.au,,,,,,,,,,,NSW,Yes,No,A,2,0,1,Triple R NSW Campaign 3 Cold Export
442a8410938e74c7,steppingstonehouse.com.au,Stepping Stone House,,51-200,https://steppingstonehouse.com.au,steppingstonehouse.com.au,Non-profit Organizations,,,"Stepping Stone House provides a safe place for children and young people at risk of, or experiencing, homelessness.  We assist those in our care to begin to heal, build resilience, create connection and become the very best they can be.

For over 35 years, Stepping Stone House has been a dedicated community providing long-term accommodation and exceptional support for young people aged 12-24 years.

Our vision is to end child and youth homelessness in Australia.",,,58,,https://www.linkedin.com/company/stepping-stone-house/,,NSW,Unclear,No,A,2,0,2,Triple R NSW Campaign 3 Cold Export
ce5894be70af98e1,successworks.org.au,Success Works Partners,,11-50,https://successworks.org.au/,successworks.org.au,Community Services,,,"Success Works unlocks the potential of women with a criminal record through our mentoring program, one-to-one support, and job readiness workshops. We also work with employers to help them address structural issues that create barriers to these women finding employment.
Our vision is a world where women who have been impacted by the criminal justice system face ZERO discrimination in recruitment and employment.
Success Works Partners is a culturally safe, independent, not-for-profit social enterprise with deductible gift recipient (DGR) status. Our partnership model transforms the lives of women affected by the criminal justice system by empowering them to present themselves to an employer who sees their skills and potential and not the record. We break down the barriers to employment for women with a criminal record through employer engagement, training and advocating for change. All of our client-facing staff have lived-experience.
Success Works acknowledges the Traditional Custodians of the lands where we work. We acknowledge the disproportionate number of Indigenous, Aboriginal and Torres Strait Islander Peoples in the criminal justice system and the impact on women, children and communities. We pay our respects to Elders past and present.",,,18,,https://www.linkedin.com/company/success-works-partners/,,NSW,No,No,A,2,0,1,Triple R NSW Campaign 3 Cold Export
496bf7b3fd8f3a39,schs.com.au,Sunraysia Community Health Services,,,https://schs.com.au/,schs.com.au,,,,,,,,,,,VIC,,,,2,0,0,Triple R VIC Campaign 3 Cold Export
63cafcb5e40d3628,jnc.org.au,THE JUNCTION NEIGHBOURHOOD CENTRE,The JNC,11-50,https://jnc.org.au,jnc.org.au,,,2001-11-20T00:00:00.000Z,,,,13,,https://www.linkedin.com/company/the-junction-neighbourhood-centre-inc/,,NSW,No,No,A,2,0,2,Triple R NSW Campaign 3 Cold Export
783e16e550670c05,taldumande.org.au,Taldumande Youth Services,,11-50,https://www.taldumande.org.au/,taldumande.org.au,Non-profit Organizations,,,"Taldumande Youth Services (TYS) is a not-for-profit organisation that was established in 1976. It provides support for vulnerable and homeless children and young people (YP) aged 12-24 years old and their families. Taldumande serves children and young people across Greater Sydney. 
TYS is an accredited community housing provider with the National Regulatory for Community Housing and recently attained certificate level accreditation with the Australian Service Excellent Standards (ASES). ASES is a quality improvement program that aims to assist non-government organisations improve their business systems, management practices and service delivery. 
Taldumande delivers support through programs and services including:
•	Homelessness services
•	Family services
•	Justice Services
•	Outreach programs
•	Modern Slavery – Forced Marriage program.

On any given night, TYS has over 70 children and young people in residence aged 12 to 24.",,,38,,https://www.linkedin.com/company/taldumandeyouthservices/,,NSW,Yes,No,A,2,0,2,Triple R NSW Campaign 3 Cold Export
61ec76a8ee250fd8,thecareside.com.au,The CareSide,,51-200,https://thecareside.com.au,thecareside.com.au,Hospitals and Health Care,,,"The CareSide is a national provider delivering the highest quality home care at the lowest price. More than just the industry’s best value, we take the utmost pride in the care we provide. That’s why our clients get the same caregivers every time, precisely at the times they choose, with no locked-in contracts, no hidden fees, and a 100% money-back guarantee.

Our team removes the complexities of home care by helping care recipients and their families navigate complicated government rules and regulations, all while optimising the amount of care they receive under their Home Care Packages. We back our professional expertise with unrivalled customer service and a proven track record that includes more than one million hours of premium home care.",,,69,,https://www.linkedin.com/company/thecareside/,,NSW,Yes,No,A,2,0,2,Triple R NSW Campaign 3 Cold Export
db471449144fa798,haymarket.org.au,The Haymarket Foundation,the haymarket Foundation,,https://www.haymarket.org.au/,haymarket.org.au,,,,,,,,,https://www.linkedin.com/search/results/all/?keywords=the+haymarket+Foundation,,NSW,Unclear,No,A,2,0,1,Triple R NSW Campaign 3 Cold Export
116e9140bf8626c9,tripolimena.org.au,Tripoli and mena organisation,Tripoli and mena association,,https://www.tripolimena.org.au,tripolimena.org.au,,,,,,,,,,,NSW,,,B,2,0,0,Triple R NSW Campaign 3 Cold Export
0ace5633f662bce7,twenty10.org.au,Twenty10 NSW,,11-50,https://twenty10.org.au,twenty10.org.au,Mental Health Care,,,"We work with people across Sydney and New South Wales who are lesbian, gay, bisexual, transgender and gender diverse, nonbinary, intersex, questioning, queer, asexual and more (LGBTIQA+) and others of diverse genders and sexualities, their families and communities.

We are a Sydney based service working across New South Wales, providing a broad range of specialised services for young people 12-25 including housing, mental health, counselling and social support. For adults we provide social support and for people of all ages we offer telephone support and webchat as the NSW provider for the national QLife project. We also offer inclusivity training and consulting for organisations and service providers across most sectors.

Check out our Twenty10 events and programs at www.twenty10.org.au",,,40,,,,NSW,Yes,Yes,A,2,0,2,Triple R NSW Campaign 3 Cold Export
fee2d78806935fd5,unitedlink.com.au,United Link Care Services,,2-10,https://unitedlink.com.au,unitedlink.com.au,Home Health Care Services,,2001-01-10T00:00:00.000Z,,,,7,,https://www.linkedin.com/search/results/all/?keywords=Upwards+Living,,NSW,Yes,No,A,2,0,1,Triple R NSW Campaign 3 Cold Export
52087fc020de8d26,unitedforcare.com.au,United for Care,,,https://www.unitedforcare.com.au/,unitedforcare.com.au,,,,,,,,,,,NSW,Yes,Yes,A,2,0,1,Triple R NSW Campaign 3 Cold Export
fdef0f68f287d5ef,uca.org.au,Uniting Care Ageing,UnitingCare Ageing,2-10,https://uca.org.au,uca.org.au,Hospitals and Health Care,,2001-01-10T00:00:00.000Z,,,,6,,https://www.linkedin.com/company/uniting-care-ageing/,,NSW,Unclear,No,A,2,0,0,Triple R NSW Campaign 3 Cold Export
67820568241d6887,upretyhomecare.com.au,Uprety Home Care,,11-50,https://upretyhomecare.com.au,upretyhomecare.com.au,Hospitals and Health Care,,2001-11-20T00:00:00.000Z,"ABOUT US
We are NSW based support work and home care providing company for people living with Disability and elder Australians who want to live in their home to keep the independence with assessed assistance. We operate all around NSW and ACT. Our team is incorporated with experienced Registered Nurses who are Australian or overseas qualified, Personal Care Assistance, Support worker, cleaners, and many more.

We are an NDIS registered provider. We cater for NDIS and Home Care (Private). At Uprety Home Care our direction is led by your choice, assessed care needs, and goals by providing key services to those who seek support."" 
We pride ourselves on tailoring to keep your independence at home, no matter what your requirements are.

OUR VISION
Our vision is to provide care to the people who wish to keep themselves independent and live in their own home (with government funds or privately funded)",,,13,,https://www.linkedin.com/company/uprety-home-care/,,NSW,Yes,Yes,A,2,0,1,Triple R NSW Campaign 3 Cold Export
954449b81ccbe756,vaseyrslcare.org.au,Vasey RSL Care,,,https://www.vaseyrslcare.org.au/,vaseyrslcare.org.au,,,,,,,,,,,VIC,No,Yes,A,2,0,1,Triple R VIC Campaign 3 Cold Export
35ce0d9b9cb52150,vincentcare.org.au,VincentCare Victoria,,,https://www.vincentcare.org.au/,vincentcare.org.au,,,,,,,,,,,VIC,Yes,Yes,A,2,0,1,Triple R VIC Campaign 3 Cold Export
7bab85d656849336,visionaustralia.org,Vision Australia,,501-1000,https://visionaustralia.org,visionaustralia.org,Non-profit Organizations,,,"Vision Australia is a leading national provider of blindness and low vision services in Australia. We work in partnership with Australians who are blind or have low vision to help them achieve the possibilities they choose in life.

We provide services and support for clients through Vision Australia centres in NSW, ACT, Queensland and Victoria. Clinics are also held in other locations and there are outreach services to the Northern Territory and Tasmania.

Wherever you are and whatever you need the friendly and experienced staff at our national contact centre can help - just call 1300 84 74 66.",,,914,,https://www.linkedin.com/company/vision-australia/,,NSW,Yes,No,A,2,0,1,Triple R NSW Campaign 3 Cold Export
9df0368148f94a1a,wayss.org.au,wayss,,,https://www.wayss.org.au/,wayss.org.au,,,,,,,,,,,VIC,Unclear,No,A,2,0,0,Triple R VIC Campaign 3 Cold Export
9bcb3ebb9bea533f,tenderlovingcareagedcare.com.au,365 Care,,2-10,https://tenderlovingcareagedcare.com.au,tenderlovingcareagedcare.com.au,Individual and Family Services,,2001-01-10T00:00:00.000Z,"Tender Loving Care Aged Care is an NDIS & Aged Care Registered provider servicing NSW, QLD, VIC, SA & ACT. Tender Loving Care  Aged Care guides clients on getting the most out of NDIS funding and Home Care Packages, maximising their accessibility, choice, and control. With a motivating vision to nurture and
empower those with disabilities and aged care. Tender Loving Care Aged Care encourages and supports learning opportunities allowing individuals to connect with the local community and successfully achieve their life goals.",,,9,,https://www.linkedin.com/company/365care/,,NSW,Unclear,No,A,1,0,1,Triple R NSW Campaign 3 Cold Export
aea56b9977b5bc06,365care.com.au,365care in home aged care and disability,,,https://365care.com.au/,365care.com.au,,,,,,,,,,,NSW,Yes,Yes,A,1,0,0,Triple R NSW Campaign 3 Cold Export
0a3059794329f1ad,4cyte.com.au,4Cyte Pathology,,,https://www.4cyte.com.au/,4cyte.com.au,,,,,,,,,,,VIC,,,,1,0,0,Triple R VIC Campaign 3 Cold Export
dc3725d049cb7b4a,acihomecare.com,ACI Home Care,,,https://acihomecare.com/,acihomecare.com,,,,,,,,,,,VIC,,,,1,0,0,Triple R VIC Campaign 3 Cold Export
74161b28ad6960cd,acmhk.com,ACM Group,,,https://acmhk.com,acmhk.com,,,,,,,,,,,NSW,,,C,1,0,1,Triple R NSW Campaign 3 Cold Export
f974a98d835238cd,us.acon24.com,ACON,,,https://us.acon24.com/,us.acon24.com,,,,,,,,,,,NSW,Yes,No,A,1,0,1,Triple R NSW Campaign 3 Cold Export
47b85ec42f32469f,acso.us,ACSO,,,https://acso.us/,acso.us,,,,,,,,,,,VIC,Unclear,No,A,1,0,0,Triple R VIC Campaign 3 Cold Export
668808de1671c32f,acso.org.au,ACSO Australia,,,https://www.acso.org.au/,acso.org.au,,,,,,,,,,,VIC,Unclear,Yes,A,1,0,1,Triple R VIC Campaign 3 Cold Export
ac5771698912be36,adec.org,ADEC,,,https://adec.org,adec.org,,,,,,,,,,,VIC,,,,1,0,0,Triple R VIC Campaign 3 Cold Export
b7885c8ded710bb3,adssilimited.com.au,ADSSI,,51-200,https://adssilimited.com.au,adssilimited.com.au,Hospitals and Health Care,,,"ADSSI Limited, trading as Adssi In-home Support, Dungog & District Neighbourcare, Maitland Community Care Services and Beresfield Community Care, provides practical support to help people remain living safely and independently at home. Various programs support people living with disability as well as frail aged, to remain at home including transport, Meals on Wheels, respite, meal preparation, household chores, lawns and gardens, home maintenance and modifications, social support, NDIS support, Occupational Therapy, Physiotherapy, in-home nursing, wellbeing groups and more.
We've been supporting people in our communities for over 30 years'.",,,63,,https://www.linkedin.com/company/adssilimited/,,NSW,Yes,No,A,1,0,0,Triple R NSW Campaign 3 Cold Export
a8e313022be6de7a,ahrsupports.org,AHR Supports,,,https://ahrsupports.org/,ahrsupports.org,,,,,,,,,https://www.linkedin.com/company/ahrsupports/,,NSW,,,B,1,0,1,Triple R NSW Campaign 3 Cold Export
0d894c0ba736f0dc,aia.com,AIA,,10001+,https://aia.com,aia.com,Insurance,,,"AIA Group Limited and its subsidiaries (collectively “AIA” or the “Group”) comprise the largest independent publicly listed pan-Asian life insurance group. It has a presence in 18 markets – wholly-owned branches and subsidiaries in Mainland China, Hong Kong SAR(1), Thailand, Singapore, Malaysia, Australia, Cambodia, Indonesia, Myanmar, New Zealand, the Philippines, South Korea, Sri Lanka, Taiwan (China), Vietnam, Brunei and Macau SAR(2), and a 49 per cent joint venture in India. In addition, AIA has a 24.99 per cent shareholding in China Post Life Insurance Co., Ltd.

The business that is now AIA was first established in Shanghai more than a century ago in 1919. It is a market leader in Asia (ex-Japan) based on life insurance premiums and holds leading positions across the majority of its markets. It had total assets of US$328 billion as of 30 June 2025. 

AIA meets the long-term savings and protection needs of individuals by offering a range of products and services including life insurance, accident and health insurance and savings plans. The Group also provides employee benefits, credit life and pension services to corporate clients. Through an extensive network of agents, partners and employees across Asia, AIA serves the holders of more than 43 million individual policies and over 16 million participating members of group insurance schemes.

AIA Group Limited is listed on the Main Board of The Stock Exchange of Hong Kong Limited under the stock codes “1299” for HKD counter and “81299” for RMB counter with American Depositary Receipts (Level 1) traded on the over-the-counter market under the ticker symbol “AAGIY”.

(1)	Hong Kong SAR refers to the Hong Kong Special Administrative Region. 
(2)	Macau SAR refers to the Macau Special Administrative Region.",,,46648,,https://www.linkedin.com/company/aia/,,NSW,Unclear,No,A,1,0,1,Triple R NSW Campaign 3 Cold Export
c5a4080081c62fc6,aia.com.au,AIA Australia,,,https://www.aia.com.au/,aia.com.au,,,,,,,,,,,VIC,,,,1,0,1,Triple R VIC Campaign 3 Cold Export
a92b8b160196dddb,homebyames.com,AMES,,,https://www.homebyames.com/en-us/,homebyames.com,,,,,,,,,,,VIC,Yes,Yes,A,1,0,0,Triple R VIC Campaign 3 Cold Export
e50e7f665ed0de37,amp.com.au,AMP,,,https://www.amp.com.au,amp.com.au,,,,,,,,,https://www.linkedin.com/company/amp/,,NSW,Yes,No,A,1,0,1,Triple R NSW Campaign 3 Cold Export
48274b873f70a74e,ampeyou.com,AMPEY,,,https://ampeyou.com,ampeyou.com,,,,,,,,,,,NSW,Unclear,No,A,1,0,0,Triple R NSW Campaign 3 Cold Export
0b775c65357e1e4b,abbott.com,Abbott,,,https://www.abbott.com/,abbott.com,,,,,,,,,,,NSW,Unclear,No,A,1,0,1,Triple R NSW Campaign 3 Cold Export
355ff67566a58d48,ability-plus.org,Ability Plus,,,https://ability-plus.org/,ability-plus.org,,,,,,,,,,,VIC,No,Yes,A,1,0,0,Triple R VIC Campaign 3 Cold Export
50a026082ea610fa,ableagedcare.com.au,Able Aged Care Australia,,,https://www.ableagedcare.com.au/,ableagedcare.com.au,,,,,,,,,https://www.linkedin.com/company/able-aged-care-australia/,,NSW,Yes,No,A,1,0,0,Triple R NSW Campaign 3 Cold Export
53adc01e5c95d05a,ableaustralia.org.au,Able Australia,,,https://ableaustralia.org.au/,ableaustralia.org.au,,,,,,,,,,,VIC,,,,1,0,0,Triple R VIC Campaign 3 Cold Export
7b061078761811d4,yorku.ca,Abled Care Services,,10001+,https://yorku.ca,yorku.ca,Higher Education,,,"York University is a diverse community of students, faculty, and staff driving positive change.  

As one of the largest post-secondary communities in the world and with a uniquely global perspective, we are driven by passion and purpose as part of a forward-thinking collective bringing enduring values and new ideas to complex societal challenges.  

The York University staff and faculty community benefit from opportunities for career advancement, learning and development, and personal growth while creating positive change for our students and broader communities.",,,10934,,https://www.linkedin.com/company/abled-care-services,,NSW,Yes,Yes,A,1,0,1,Triple R NSW Campaign 3 Cold Export
ef89f2f832572875,novus.ua,Ablencare,,201-500,https://novus.ua,novus.ua,General Retail,,,"Мережа супермаркетів, торгових центрів і магазинів NOVUS в Україні",,,430,,https://www.linkedin.com/search/results/all/?keywords=Ablencare,,NSW,Yes,No,A,1,0,0,Triple R NSW Campaign 3 Cold Export
26885c4728123825,aes.org.au,Aboriginal Employment Strategy,,51-200,https://aes.org.au,aes.org.au,Non-profit Organizations,,,"We have a bold vision and a clear challenging mission.

It is deliberately brave, deliberately stretching because we have serious work to do in Australia.

The task that faces us is important, urgent and huge. Our vision needs to measure up to that task, because where our vision leads, our organisation will surely follow.

The AES is a 100% Indigenous managed national not-for-profit recruitment company.

Being wholly Indigenous gives us the ""Know How"" to match the right career seekers to the right opportunities, to achieve great retention rates. No other Recruitment organisation offers this kind of expertise, commitment and value.

please refer to www.aes.org.au

We currently have teams in the following regions servicing multiple dynamic communities;

NSW - Redfern, Penrith, Campbelltown, Newcastle, Tamworth, Dubbo, Moree, Kempsey and Coffs Harbour

QLD - Nundah, Goodna

NT - Darwin",,,94,,https://www.linkedin.com/company/aboriginal-employment-strategy-ltd/,,NSW,Unclear,No,A,1,0,1,Triple R NSW Campaign 3 Cold Export
4fbf99755f8c490c,absolute.care,Absolute Care & Health,,,https://absolute.care/,absolute.care,,,,,,,,,,,VIC,,,,1,0,0,Triple R VIC Campaign 3 Cold Export
59eed681b734ac80,accelerateevolution.com,Accelerated Evolution,,,https://accelerateevolution.com,accelerateevolution.com,,,,,,,,,,,VIC,Unclear,No,A,1,0,0,Triple R VIC Campaign 3 Cold Export
feff825b45a6f7b3,accesscanberra.act.gov.au,Access Canberra,,,https://www.accesscanberra.act.gov.au/,accesscanberra.act.gov.au,,,,,,,,,,,VIC,Unclear,No,A,1,0,1,Triple R VIC Campaign 3 Cold Export
161dda7a26a188b1,accesshealthla.org,Access Health and Community,,,https://accesshealthla.org/,accesshealthla.org,,,,,,,,,,,VIC,Unclear,No,A,1,0,0,Triple R VIC Campaign 3 Cold Export
6a21e1701fab0930,accesshealthspartanburg.org,Access Health and Community,,,https://www.accesshealthspartanburg.org/,accesshealthspartanburg.org,,,,,,,,,,,VIC,,,C,1,0,0,Triple R VIC Campaign 3 Cold Export
08118bfd9249e1a8,accountingassistance,Accounting Assistance,,,No website found,accountingassistance,,,,,,,,,,,VIC,,,,1,0,0,Triple R VIC Campaign 3 Cold Export
e033df5b6ec95c12,activecg.com.au,Active Community Group,,,https://www.activecg.com.au/,activecg.com.au,,,,,,,,,,,VIC,,,,1,0,1,Triple R VIC Campaign 3 Cold Export
58d59f5d680e8579,archealth.com.au,Advance Rehab Centre,,51-200,https://archealth.com.au,archealth.com.au,Wellness and Fitness Services,,,"Specialising in assessment & rehabilitation for people with neurological and complex disability, we are a trusted and established provider to over 12,000 people. Every day, we help people improve their daily living skills, health and well being following a stroke, brain or spinal cord injury, and help those with long-term conditions like Parkinson's, MS and MND manage their lives better. It’s both our expertise and our passion.",,,64,,https://www.linkedin.com/company/advance-rehab-centre/,,NSW,,,B,1,0,1,Triple R NSW Campaign 3 Cold Export
213444a07a703596,adventisthealthcare.com,Adventist HealthCare,,,https://www.adventisthealthcare.com/,adventisthealthcare.com,,,,,,,,,,,NSW,Yes,No,A,1,0,1,Triple R NSW Campaign 3 Cold Export
3465bab71ba2a476,affectivecare.com,Affective Care,,,https://affectivecare.com/,affectivecare.com,,,,,,,,,,,NSW,Unclear,No,A,1,0,1,Triple R NSW Campaign 3 Cold Export
be77b205b96d5615,affinityeducation.com.au,Affinity Education Group,,,https://affinityeducation.com.au/,affinityeducation.com.au,,,,,,,,,,,NSW,,,,1,0,0,Triple R NSW Campaign 3 Cold Export
a5a6a4ebb2ea4f88,agecare.ca,AgeCare,,,https://agecare.ca/,agecare.ca,,,,,,,,,,,VIC,,,,1,0,0,Triple R VIC Campaign 3 Cold Export
7848f6bbbe7b359a,agedcareandmedical.com.au,Aged Care & Medical,,,https://www.agedcareandmedical.com.au,agedcareandmedical.com.au,,,,,,,,,,,VIC,Unclear,Yes,A,1,0,0,Triple R VIC Campaign 3 Cold Export
dd1961be1a255575,agedcareready,Aged Care Ready,,,No website found,agedcareready,,,,,,,,,,,NSW,Unclear,Yes,A,1,0,0,Triple R NSW Campaign 3 Cold Export
772169999b3f663e,ageddisabilityhomecare,Aged Disability & Home Care,,,No website found,ageddisabilityhomecare,,,,,,,,,https://www.linkedin.com/search/results/all/?keywords=Aged+Disability+%26+Home+Care,,NSW,Unclear,No,A,1,0,0,Triple R NSW Campaign 3 Cold Export
69b010f1bf3f4b67,agedcare,Aged care,,,No website found,agedcare,,,,,,,,,,,NSW,Unclear,No,A,1,0,0,Triple R NSW Campaign 3 Cold Export
c2b70c336c923927,aginganalytics.com,Ageing,,,https://www.aginganalytics.com/,aginganalytics.com,,,,,,,,,,,NSW,Yes,No,A,1,0,0,Triple R NSW Campaign 3 Cold Export
2cb8f495f4a94f11,ainimsupportservices.com.au,Ainim Support Services,,,https://www.ainimsupportservices.com.au/,ainimsupportservices.com.au,,,,,,,,,,,VIC,Yes,No,A,1,0,0,Triple R VIC Campaign 3 Cold Export
e4d0f8438bcba9ec,alannahandmadeline.org.au,Alannah & Madeline Foundation,,,https://www.alannahandmadeline.org.au/,alannahandmadeline.org.au,,,,,,,,,,,VIC,,,,1,0,0,Triple R VIC Campaign 3 Cold Export
d54a76e70123d84e,alburytms.com.au,Albury TMS,,,https://alburytms.com.au/,alburytms.com.au,,,,,,,,,,,VIC,Unclear,No,A,1,0,0,Triple R VIC Campaign 3 Cold Export
364aad1b6053d560,awh.org.au,Albury Wodonga Health,,,https://www.awh.org.au/,awh.org.au,,,,,,,,,,,VIC,,,,1,0,0,Triple R VIC Campaign 3 Cold Export
d98b866d8154cd5b,alburywodongaprivate.com.au,Albury Wodonga Private Hospital,,,https://www.alburywodongaprivate.com.au/,alburywodongaprivate.com.au,,,,,,,,,,,VIC,,,,1,0,0,Triple R VIC Campaign 3 Cold Export
f3c797fe1c7b4276,alinoliving.com.au,Alino Living,,11-50,https://alinoliving.com.au,alinoliving.com.au,Hospitals and Health Care,,,"Welcome to Alino Living, a new organisation encompassing three independent, not-for-profit aged care organisations on the Central Coast of NSW.

Delivering a brighter future for hundreds of residents and team members, Central Coast Community Care Association, Adelene and Vietnam Veterans Keith Payne VC Hostel have merged to become one organisation. Alino Living is proud to be the largest independent not-for-profit aged care organisation on the Central Coast of NSW.",,,26,,https://www.linkedin.com/search/results/all/?keywords=Alino+Living,,NSW,Unclear,No,A,1,0,1,Triple R NSW Campaign 3 Cold Export
b77b7344f0381bd0,alkira.com,Alkira,,,https://www.alkira.com/,alkira.com,,,,,,,,,,,VIC,,,B,1,0,1,Triple R VIC Campaign 3 Cold Export
85cfa8b5377ff268,alliancenursing.com.au,Alliance Nursing,,201-500,https://alliancenursing.com.au,alliancenursing.com.au,Staffing and Recruiting,,,"National nursing agency with a combined 140 years of experience. We know we strive to provide Australia’s best team of nurses and healthcare professionals. 

Whether you’re looking to start a rewarding career as an agency nurse or need staffing solutions, we’re always pleased to hear from you.",,,474,,https://www.linkedin.com/company/alliance-nursing-australia/,,NSW,Yes,No,A,1,0,1,Triple R NSW Campaign 3 Cold Export
50786afd144a1dac,allianz.com.au,Allianz Australia,,,https://www.allianz.com.au/,allianz.com.au,,,,,,,,,,,VIC,No,Yes,A,1,0,0,Triple R VIC Campaign 3 Cold Export
3682a9316f2efbc1,nursesla.com,Alpha Nursing,,,https://nursesla.com/,nursesla.com,,,,,,,,,,,VIC,,,,1,0,1,Triple R VIC Campaign 3 Cold Export
c95166b0b4687fcc,altruisticnusing.com.au,Altruistic Nursing and Care,,2-10,https://altruisticnusing.com.au,altruisticnusing.com.au,Hospitals and Health Care,,2001-01-10T00:00:00.000Z,"We offer compassionate Home and Community Care for the elderly and people living with disability, Plan Management and Support Coordination services to NDIS participants across Australia.
we have been providing nursing staff for Disability, Aged Care, Mental Health Care Home & Community Care, Respite Care and more since 2018.",,,10,,https://www.linkedin.com/company/altruistic-nursing-and-care/,,NSW,Yes,No,A,1,0,0,Triple R NSW Campaign 3 Cold Export
125afb2c6fbd327c,amemedia.com.au,Amemedia,,,https://amemedia.com.au/,amemedia.com.au,,,,,,,,,,,NSW,,,,1,0,1,Triple R NSW Campaign 3 Cold Export
7ad39ca2a01e784d,amplarhealth.com.au,Amplar Health,,,https://amplarhealth.com.au,amplarhealth.com.au,,,,,,,,,,,VIC,Yes,Yes,A,1,0,0,Triple R VIC Campaign 3 Cold Export
caa7ae62e49a10cf,anchoraudio.com,Anchor,,,https://anchoraudio.com/,anchoraudio.com,,,,,,,,,,,VIC,Unclear,No,A,1,0,1,Triple R VIC Campaign 3 Cold Export
dd14eaf86bc8589a,andreabelmoreauthor,Andrea Belmore Author,,,No website found,andreabelmoreauthor,,,,,,,,,,,VIC,,,,1,0,0,Triple R VIC Campaign 3 Cold Export
24fffd75b42cb3e7,anglicancare.com.au,Anglican Care,,,https://anglicancare.com.au/,anglicancare.com.au,,,,,,,,,,,NSW,Yes,No,A,1,0,1,Triple R NSW Campaign 3 Cold Export
e143d45804b62317,anglicaresa.com.au,Anglicare,,1001-5000,https://anglicaresa.com.au,anglicaresa.com.au,Non-profit Organizations,,,"AnglicareSA supports people to change their lives for the better.

For more than 150 years, AnglicareSA has supported South Australians in need. Our 2,000 staff and 300 volunteers support more than 50,000 people each year through our diverse programs including housing and homelessness, NDIS services, aged care, foster care, emergency assistance, financial counselling and literacy, Aboriginal services, new arrivals, children, youth and families.",,,1236,,https://www.linkedin.com/search/results/all/?keywords=Freelance,,NSW,Unclear,No,A,1,0,1,Triple R NSW Campaign 3 Cold Export
ad7f110bdd73de8f,anikakoscianskiphotography,Anika Koscianski Photography,,,No website found,anikakoscianskiphotography,,,,,,,,,,,NSW,,,,1,0,0,Triple R NSW Campaign 3 Cold Export
d6fb5de8c1515719,arcvic.org.au,Anxiety Recovery Centre Victoria,,,https://arcvic.org.au,arcvic.org.au,,,,,,,,,,,VIC,,,,1,0,0,Triple R VIC Campaign 3 Cold Export
b2e2ddb0702b744f,arcadiapittwater.com.au,Arcadia Pittwater Private Hospital,,,https://arcadiapittwater.com.au/,arcadiapittwater.com.au,,,,,,,,,,,NSW,,,,1,0,1,Triple R NSW Campaign 3 Cold Export
7a1b4c4384dfe444,arcare.com.au,Arcare Aged Care,,,https://arcare.com.au,arcare.com.au,,,,,,,,,,,NSW,Yes,Yes,A,1,0,1,Triple R NSW Campaign 3 Cold Export
7f2a4f8aa70e4011,alpa.asn.au,Arnhem Land Progress Aboriginal,,,https://www.alpa.asn.au/,alpa.asn.au,,,,,,,,,,,NSW,Unclear,No,A,1,0,1,Triple R NSW Campaign 3 Cold Export
54e0e7d7c276220b,aoca.au,Art of Care Australia,,,https://www.aoca.au/,aoca.au,,,,,,,,,https://www.linkedin.com/search/results/all/?keywords=Carinya+House+CCS,,NSW,,,C,1,0,0,Triple R NSW Campaign 3 Cold Export
704b03014c7d0fa0,abh.org.au,Ashfield Baptist Homes,,,https://abh.org.au/,abh.org.au,,,,,,,,,https://www.linkedin.com/search/results/all/?keywords=Ashfield+Baptist+Homes,,NSW,Yes,Yes,A,1,0,0,Triple R NSW Campaign 3 Cold Export
eebf64b7c9691c5b,assistgippsland.com,Assist Gippsland,,,https://www.assistgippsland.com/,assistgippsland.com,,,,,,,,,,,VIC,,,,1,0,0,Triple R VIC Campaign 3 Cold Export
c5fe72bb1ec439ac,astrazeneca.com,AstraZeneca,,,https://www.astrazeneca.com/,astrazeneca.com,,,,,,,,,,,NSW,No,No,A,1,0,1,Triple R NSW Campaign 3 Cold Export
294b371f511d61ad,asuria.com.au,Asuria Australia,,201-500,https://asuria.com.au,asuria.com.au,Staffing and Recruiting,,,"Asuria is a proud Australian-owned government outsourced services provider, supporting thousands of people each year. We strive to empower people, communities and nations to be effective and productive. We do this by running a range of frontline public services covering employment support, training and education, justice, business start-up services and health and wellbeing. 

What makes Asuria truly unique is that all our people are truly enterprising at heart. The Asuria culture drives a sense of innovation, excitement and passion in all programs and services we deliver. Asuria is a people business that beats to an Enterprising Heart.",,,357,,https://www.linkedin.com/company/asuria-au/,,NSW,Yes,No,A,1,0,1,Triple R NSW Campaign 3 Cold Export
c05f0e851bc1b09b,asrc.org.au,Asylum Seeker Resource Centre,,,https://asrc.org.au/,asrc.org.au,,,,,,,,,,,VIC,,,,1,0,1,Triple R VIC Campaign 3 Cold Export
89f3e6f208d8cac1,attainablecare.com.au,Attainable Care,,,https://attainablecare.com.au,attainablecare.com.au,Community Services,,,,,,,,,,VIC,Yes,Yes,A,1,0,0,Triple R VIC Campaign 3 Cold Export
f3158eb2b5511030,connectingfamilies.com.au,Attained Care,,51-200,https://connectingfamilies.com.au,connectingfamilies.com.au,Community Services,,,"At Connecting Families, we've been supporting children, teenagers, and adults with complex behaviours and significant disabilities for over 10 years. As a registered NDIS provider, we offer personalised services to help our clients live more independently and engage fully in their communities.

Our Services:

Accommodation Services: We provide homes where clients can live comfortably with the right support. This includes long-term housing, medium-term options for up to 90 days, and short-term stays for respite care.

Community Access: We assist clients in attending appointments, shopping, and participating in activities, promoting social inclusion and independence.

In-Home Support: Our team helps with daily tasks like cooking, cleaning, and personal care, enabling clients to maintain their routines at home.

Respite Care: We offer short-term stays, giving families and caregivers a well-deserved break while ensuring clients receive quality care.

At Connecting Families, we're dedicated to empowering individuals and fostering a supportive community.",,,106,,https://www.linkedin.com/search/results/all/?keywords=Attained+care,,NSW,Yes,No,A,1,0,0,Triple R NSW Campaign 3 Cold Export
f8cb86367b611f2d,atticushealth.com.au,Atticus Health,,,https://atticushealth.com.au/,atticushealth.com.au,,,,,,,,,,,VIC,Unclear,No,A,1,0,0,Triple R VIC Campaign 3 Cold Export
01cd5a32bf886229,auscarecs.com.au,Aus Care Community Services,,,https://www.auscarecs.com.au/,auscarecs.com.au,,,,,,,,,https://www.linkedin.com/company/sibellacare/,,NSW,,,B,1,0,0,Triple R NSW Campaign 3 Cold Export
8cdac520af7f4e62,auslandscare.com.au,Auslands Care,,,https://www.auslandscare.com.au/,auslandscare.com.au,,,,,,,,,,,VIC,Yes,Yes,A,1,0,0,Triple R VIC Campaign 3 Cold Export
5975f89f4530dbef,unhcr.org,Australia for UNHCR,,,https://www.unhcr.org/au,unhcr.org,,,,,,,,,,,NSW,No,No,A,1,0,1,Triple R NSW Campaign 3 Cold Export
c4be454aa30d3134,aasw.asn.au,Australian Association of Social Workers,,,https://www.aasw.asn.au/,aasw.asn.au,,,,,,,,,https://www.linkedin.com/search/results/all/?keywords=Department+of+Veterans%27+Affairs,,NSW,No,Yes,A,1,0,0,Triple R NSW Campaign 3 Cold Export
17902437885b4f88,acdac.org.au,Australian Chinese Disabilities and Aged Care Association,,2-10,https://www.acdac.org.au/,acdac.org.au,Arts and Crafts,,2001-01-10T00:00:00.000Z,"Chinese Creative Arts Club (CCAC) aims to provide a cheerful and inspiring committee for like-minded Chinese arts enthusiasts among UNSW students. We encourage members to engage in a diverse range of Chinese art events, including porcelain ceramics, triditional Chinese painting, jade seal carving, paper-cutting，shadow play and clay figurine making. We run frequent handcraft workshops and tutorials to cultivate members' interest and spread the influence of Chinese triditional art.
 
The major focus of our events is to teach members basic knowledge and substantial skills required in the creation of Chinese triditional art, and to provide members with support and guidance throughout their handcrafting process. Members will learn the history and development process of Chinese art through a multitude of engaging activities, to enhance their understanding of the association between traditional Chinese art and Western art or contemporary art. We also hold Chinese art knowledge contest and artwork competitions, which allow members to showcase their creativity and talent through collaboration and teamwork.


UNSW CCAC（Chinese Creative Arts Club），中国摄影艺术社，简称影艺社，成立于2019年，是新南威尔士大学唯一的华人摄影与艺术类大型社团。

CCAC致力于聚集新南华人学生中的摄影艺术爱好者，提供摄影、设计、绘画、电影等艺术的交流平台，为有意愿从事艺术行业的同学提供机会与帮助，是连接摄影艺术爱好者们的桥梁。

在这里，你可以参加免费的摄影艺术课程和活动，掌握摄影的基本知识，培养艺术类兴趣爱好；你可以寻找到志同道合的朋友，让有趣多样的活动充实你的课余时间，温暖你的海外留学生活；你还可以加入我们的管理层，通过部门工作学习技能，锻炼自身能力，一展才华，为进入职场做好准备。",,,6,,https://www.linkedin.com/search/results/all/?keywords=SGI+Strategy,,NSW,Unclear,No,A,1,0,0,Triple R NSW Campaign 3 Cold Export
cc3d52c5963c6196,accs.asn.au,Australian Croatian Community Services,,,https://www.accs.asn.au,accs.asn.au,,,,,,,,,,,VIC,Unclear,No,A,1,0,1,Triple R VIC Campaign 3 Cold Export
f52f8fe3600382df,afca.org.au,Australian Financial Complaints Authority,,,https://www.afca.org.au/,afca.org.au,,,,,,,,,,,VIC,No,No,A,1,0,0,Triple R VIC Campaign 3 Cold Export
e8dd4e3b4a663a6c,dva.gov.au,Australian Government Department of Veterans Affairs,,,https://www.dva.gov.au/,dva.gov.au,,,,,,,,,,,VIC,Unclear,Yes,A,1,0,1,Triple R VIC Campaign 3 Cold Export
3a03d95c5debd5ee,homecareassistance.com.au,Australian Home Care,,,https://www.homecareassistance.com.au/,homecareassistance.com.au,,,,,,,,,,,VIC,Unclear,Yes,A,1,0,0,Triple R VIC Campaign 3 Cold Export
d84d7fb52d322e3f,ambb.com.au,Australian Mind Body Balance,,,https://www.ambb.com.au/,ambb.com.au,,,,,,,,,,,VIC,,,,1,0,0,Triple R VIC Campaign 3 Cold Export
78f8d6d1bbca2001,amf.net.au,Australian Multicultural Foundation,,,https://amf.net.au/,amf.net.au,,,,,,,,,,,VIC,Unclear,No,A,1,0,1,Triple R VIC Campaign 3 Cold Export
834f2501f35995a0,anmac.org.au,Australian Nursing and Midwifery Accreditation Council,,,https://anmac.org.au/,anmac.org.au,,,,,,,,,,,VIC,,,,1,0,1,Triple R VIC Campaign 3 Cold Export
c78088c6ba8738a4,apco.org.au,Australian Packaging Covenant Organisation,,51-200,https://apco.org.au,apco.org.au,Environmental Services,,,"At the Australian Packaging Covenant Organisation (APCO), we are driving the shift towards a circular economy for packaging in Australia. As a coregulatory not-for-profit, we work with government, businesses, and stakeholders across the packaging value chain to create practical solutions that support a sustainable packaging ecosystem. 

Through initiatives like the National Packaging Targets, APCO is leading efforts to: 
✅ Ensure 100% of packaging is reusable, recyclable, or compostable 
✅ Increase plastic packaging recovery to 70% 
✅ Boost recycled content in packaging to 50% 
✅ Phase out problematic and unnecessary single-use plastics 

To accelerate progress, APCO’s 2030 Strategic Plan, launched in late 2024, introduces economic incentives for packaging circularity and a new fee model to support industry-wide transformation. This approach aligns with global best practices and ensures businesses are equipped to design out waste, enhance recycling systems, and drive real change. 

🔗 Learn more: www.apco.org.au",,,52,,https://www.linkedin.com/company/australian-packaging-covenant-organisation/,,NSW,No,No,A,1,0,1,Triple R NSW Campaign 3 Cold Export
5a3e5c9c49176d71,communityconnecthub.org.au,Australian Red Cross,,2-10,https://communityconnecthub.org.au,communityconnecthub.org.au,Community Services,,2001-01-10T00:00:00.000Z,,,,5,,https://www.linkedin.com/company/australian-red-cross/,,NSW,No,No,A,1,0,1,Triple R NSW Campaign 3 Cold Export
247883d9f3b40bda,lifeblood.com.au,Australian Red Cross Lifeblood,,,https://www.lifeblood.com.au/,lifeblood.com.au,,,,,,,,,,,VIC,,,,1,0,0,Triple R VIC Campaign 3 Cold Export
f95de580dd24ff6a,avwa.org.au,Australian Vietnamese Women's Association,,,https://www.avwa.org.au,avwa.org.au,,,,,,,,,,,VIC,Yes,Yes,A,1,0,0,Triple R VIC Campaign 3 Cold Export
fc3173cabf3ea8e6,inhomecareservices.com.au,Australian home Care Services,,,https://www.inhomecareservices.com.au/,inhomecareservices.com.au,,,,,,,,,,,VIC,Yes,Yes,A,1,0,0,Triple R VIC Campaign 3 Cold Export
abb091bebb6767a8,australiansuper.com,AustralianSuper,,,https://www.australiansuper.com/,australiansuper.com,,,,,,,,,,,VIC,Unclear,No,A,1,0,0,Triple R VIC Campaign 3 Cold Export
d2c622447d4f0147,aveo.com.au,Aveo,,501-1000,https://aveo.com.au,aveo.com.au,Housing and Community Development,,,"As Australia’s leading and most innovative retirement living provider, our diverse national portfolio offers something for everyone. For over 40 years, we’ve been dedicated to helping retired Australians be their best selves across every stage of their later life journey.

We’re committed to delivering the best retirement living options, continually listening and learning about what people want. It’s how we make changes for the better. Taking the time to understand their unique needs, we help retirees find the perfect place to call home. And with a 94% resident satisfaction rate, we’re confident that 10,000+ residents agree.",,,825,,https://www.linkedin.com/search/results/all/?keywords=Aveo,,NSW,Unclear,No,A,1,0,0,Triple R NSW Campaign 3 Cold Export
d41d65feefff46eb,aveo.group,Aveo,,,https://aveo.group/,aveo.group,,,,,,,,,,,NSW,Yes,No,A,1,0,0,Triple R NSW Campaign 3 Cold Export
27005b500bd98511,avionhospice.com,Avion Care,,,https://avionhospice.com/,avionhospice.com,,,,,,,,,,,VIC,,,C,1,0,0,Triple R VIC Campaign 3 Cold Export
b136eaff9a0dcb3d,bmiles.org.au,B Miles Women's Foundation,,11-50,https://bmiles.org.au,bmiles.org.au,Civic and Social Organizations,,2001-11-20T00:00:00.000Z,"We provide specialist trauma-informed service responses to women impacted by mental ill-health to assist their access to safe, affordable housing and recovery. 

The women we support are contending with complex challenges, including experiences of mental ill-health, trauma, family and domestic violence, abuse and substance dependency.

Our service responses include:
- supported accommodation 
- transitional housing 
- outreach support services 
- clinical services",,,12,,,,NSW,Unclear,No,A,1,0,1,Triple R NSW Campaign 3 Cold Export
60e01747020c1d96,basscare.org.au,BASScare Aged Care Services,,,https://www.basscare.org.au/,basscare.org.au,,,,,,,,,,,VIC,,,,1,0,0,Triple R VIC Campaign 3 Cold Export
dc0f12692a29394c,bakersfieldchristian.com,BCHS,,,https://bakersfieldchristian.com,bakersfieldchristian.com,,,,,,,,,,,VIC,,,,1,0,0,Triple R VIC Campaign 3 Cold Export
76eaf06ff5b4b1fa,bridgescareandeducationcenter.com,BRIDGES CARE,,,https://www.bridgescareandeducationcenter.com/,bridgescareandeducationcenter.com,,,,,,,,,,,VIC,Yes,No,A,1,0,1,Triple R VIC Campaign 3 Cold Export
9e71b3004f9c7ed6,brhs.com.au,Bairnsdale Regional Health Service,,,https://brhs.com.au/,brhs.com.au,,,,,,,,,,,VIC,,,C,1,0,1,Triple R VIC Campaign 3 Cold Export
d7a2ba43fee022c3,baldwinliving.com.au,Baldwin Living,,11-50,https://baldwinliving.com.au,baldwinliving.com.au,Real Estate,,,"Baldwin Living, a family-owned organisation, has a rich heritage of providing support and care for seniors in their golden years. Since the 1970s, we have been revolutionising the retirement living experience through our unique model of privately sponsored villages that offer quality homes, community facilities, and greater options for residents. With over four decades of growth and recognition as a leading authority in retirement housing, we remain steadfast in our commitment to the original vision of our founder, the late Tony Baldwin.

At Baldwin Living, we are dedicated to creating vibrant and secure retirement communities that enhance the lives of senior citizens and provide peace of mind for their families. With us, residents can enjoy the lifestyle of their choice with the comforts and amenities of a supportive community.

Experience a better way of retirement. Retire with us.",,,23,,https://www.linkedin.com/company/baldwin-living/,,NSW,Yes,No,A,1,0,1,Triple R NSW Campaign 3 Cold Export
a808911a7ae4c2b2,cafs.org.au,Ballarat Child & Family Services,,,https://cafs.org.au/,cafs.org.au,,,,,,,,,,,VIC,Yes,No,A,1,0,0,Triple R VIC Campaign 3 Cold Export
966bede500bd5364,bchc.org.au,Ballarat Community Health,,,https://bchc.org.au/,bchc.org.au,,,,,,,,,,,VIC,No,Yes,A,1,0,0,Triple R VIC Campaign 3 Cold Export
ec2941bd37db3324,brmc.org.au,Ballarat Regional Multicultural Council,,,https://www.brmc.org.au/,brmc.org.au,,,,,,,,,,,VIC,,,,1,0,0,Triple R VIC Campaign 3 Cold Export
24caf234e13a4116,banyule.vic.gov.au,Banyule City Council,,,https://www.banyule.vic.gov.au/,banyule.vic.gov.au,,,,,,,,,,,VIC,,,,1,0,0,Triple R VIC Campaign 3 Cold Export
42e3002fddf97d75,baptistcommunityservices.org,Baptist Community Services,,,https://baptistcommunityservices.org/,baptistcommunityservices.org,,,,,,,,,,,NSW,Unclear,No,A,1,0,0,Triple R NSW Campaign 3 Cold Export
2323592cac64addf,baptisthealth.com,Baptist Health,,,https://www.baptisthealth.com/,baptisthealth.com,,,,,,,,,,,NSW,Yes,No,A,1,0,0,Triple R NSW Campaign 3 Cold Export
80dfa2e1f2200e48,wandiyali.com.au,Barnardos Australia,,11-50,https://wandiyali.com.au,wandiyali.com.au,Non-profit Organizations,,,"Wandiyali is a Newcastle-based Indigenous community organisation. Our services operate throughout Newcastle, Lake Macquarie, Hunter Region and Port Stephens.

Each year Wandiyali assists hundreds of Aboriginal and Torres Strait Islander community members through the delivery of its many services. Our services cater for various ages, ranging from birth to elders.

The aim of Wandiyali and its services is to ‘Keep our Culture Strong’. We do this by focusing our services on children, families, strength, culture and community.

Take a look through our Services on our website to see more about what we do and how we do it.",,,49,,https://www.linkedin.com/company/barnardos-australia/,,NSW,Yes,No,A,1,0,1,Triple R NSW Campaign 3 Cold Export
1e72cdaf73b7894d,baycorp.com.au,Baycorp,,,https://www.baycorp.com.au/,baycorp.com.au,,,,,,,,,,,NSW,,,,1,0,0,Triple R NSW Campaign 3 Cold Export
255c5c05f5bb10e2,beatahomecare.com.au,Beata Home Care,,,https://www.beatahomecare.com.au,beatahomecare.com.au,,,,,,,,,,,VIC,No,No,A,1,0,0,Triple R VIC Campaign 3 Cold Export
c42e1286b6cb116e,bshs.org.au,Beaufort and Skipton Health Service,,,https://bshs.org.au,bshs.org.au,,,,,,,,,,,VIC,Unclear,Yes,A,1,0,0,Triple R VIC Campaign 3 Cold Export
47075dd07f235036,beautypointresort.com,Beauty Point Retirement Resort,,2-10,https://beautypointresort.com,beautypointresort.com,Hospitality,,2001-01-10T00:00:00.000Z,,,,5,,https://www.linkedin.com/search/results/all/?keywords=Beauty+Point+Retirement+Resort,,NSW,Yes,Yes,A,1,0,1,Triple R NSW Campaign 3 Cold Export
ab087ddf2c6f1e9f,begincareservices.com.au,Begin Care Services,,1,https://begincareservices.com.au,begincareservices.com.au,Hospitals and Health Care,,2001-01-10T00:00:00.000Z,Begin Care Services is an NDIS registered provider. Registration no. 4050131488,,,1,,https://www.linkedin.com/company/begin-care-services/,,NSW,Yes,Yes,A,1,0,1,Triple R NSW Campaign 3 Cold Export
b61e424e34fda613,bch.org.au,Bellarine Community Health,,,https://bch.org.au/,bch.org.au,,,,,,,,,,,VIC,,,,1,0,0,Triple R VIC Campaign 3 Cold Export
3e9cd896aa05bb1e,benetas.com.au,Benetas,,,https://www.benetas.com.au/,benetas.com.au,,,,,,,,,,,VIC,Yes,Yes,A,1,0,0,Triple R VIC Campaign 3 Cold Export
be8394537c83bab5,bestchoice.care,Best Choice Care,,,https://www.bestchoice.care/,bestchoice.care,,,,,,,,,,,NSW,Yes,Yes,A,1,0,0,Triple R NSW Campaign 3 Cold Export
23cd71f92ac6a1f5,bestofhomecare.com.au,Best Of Homecare,,,No website found,bestofhomecare.com.au,,,,,,,,,,,VIC,Yes,Yes,A,1,0,1,Triple R VIC Campaign 3 Cold Export
a67d375d02b924c1,betterplaceaustralia.com.au,Better Place Australia,,,https://www.betterplaceaustralia.com.au/,betterplaceaustralia.com.au,,,,,,,,,,,VIC,Unclear,No,A,1,0,0,Triple R VIC Campaign 3 Cold Export
70eb4d867d05207c,betterinhomecare.com,Betterinhomecare,,,https://betterinhomecare.com,betterinhomecare.com,,,,,,,,,,,NSW,Yes,No,A,1,0,0,Triple R NSW Campaign 3 Cold Export
3d71dc0880779d5a,inaburra.nsw.edu.au,Billa Road OOSH,,,https://www.inaburra.nsw.edu.au/oosh/,inaburra.nsw.edu.au,,,,,,,,,https://www.linkedin.com/company/billa-road-oosh/,,NSW,,,B,1,0,0,Triple R NSW Campaign 3 Cold Export
e88e194846da5d6c,gobizable.com,BizABLE,,,https://gobizable.com,gobizable.com,,,,,,,,,https://www.linkedin.com/search/results/all/?keywords=The+Right+Coordination+,,NSW,,,C,1,0,1,Triple R NSW Campaign 3 Cold Export
f610457c35963a73,blackdoginstitute.org.au,Black Dog Institute,,201-500,https://blackdoginstitute.org.au,blackdoginstitute.org.au,Mental Health Care,,,"As the only medical research institute in Australia to investigate mental health across the lifespan, our aim is to create a mentally healthier world for everyone through innovations in science, education, clinical service, public policy and knowledge translation. 

Our areas of strength include suicide prevention, digital mental health, workplace mental health, new treatments, and prevention in young people. Our unique translational approach allows us to quickly turn our world-class scientific findings into clinical services, educational programs and e-health products that improve the lives of people with mental illness. 

We join the dots, connecting research answers, expert knowledge and the voices of lived experience to deliver solutions that work across the health care system for patients and practitioners alike.

Our partnerships with people with lived experience, federal, state, and local governments, communities, schools, workplaces, philanthropists, health services, clinicians, and others in the mental health sector enables us to create real-world change.",,,426,,https://www.linkedin.com/company/blackdoginst/,,NSW,No,No,A,1,0,1,Triple R NSW Campaign 3 Cold Export
b345d257f2b9b77d,blacksheepcare,Blacksheep Care Services,,,No website found,blacksheepcare,,,,,,,,,,,NSW,Unclear,Yes,A,1,0,0,Triple R NSW Campaign 3 Cold Export
de628ce9318ce19a,bluestarhealth.org,Blue Star Health,,,https://www.bluestarhealth.org/,bluestarhealth.org,,,,,,,,,,,VIC,,,,1,0,0,Triple R VIC Campaign 3 Cold Export
a3861fd413fa21a1,bluewillows.com.au,Blue Willow's Aged Care,,,https://www.bluewillows.com.au/,bluewillows.com.au,,,,,,,,,,,VIC,Yes,Yes,A,1,0,0,Triple R VIC Campaign 3 Cold Export
83228f6bb82193c5,bcbs.com,BlueCross,,,https://www.bcbs.com/,bcbs.com,,,,,,,,,,,VIC,,,,1,0,0,Triple R VIC Campaign 3 Cold Export
d675fba135afab32,botanygardensnursinghome,Botany Gardens Nursing Home,,2-10,No website found,botanygardensnursinghome,,,2001-01-10T00:00:00.000Z,,,,4,,https://www.linkedin.com/company/27240030/,,NSW,Unclear,Yes,A,1,0,1,Triple R NSW Campaign 3 Cold Export
9e8a37f5cf0cb14c,bravehearts.org,Bravehearts,,,https://bravehearts.org/,bravehearts.org,,,,,,,,,,,NSW,Yes,No,A,1,0,0,Triple R NSW Campaign 3 Cold Export
fc15722f36d510b6,roshana.com.au,Brentwood Aged Care,,,https://www.roshana.com.au/aged-care/brentwood-aged-care/,roshana.com.au,,,,,,,,,,,VIC,Yes,No,A,1,0,0,Triple R VIC Campaign 3 Cold Export
3bcc7c1228403ca0,bridgehousing.com,Bridge Housing,,,https://bridgehousing.com,bridgehousing.com,,,,,,,,,https://www.linkedin.com/company/bridgehousingau,,NSW,Unclear,No,A,1,0,1,Triple R NSW Campaign 3 Cold Export
d121cbdff40f805b,bridgesct.org,Bridges Health & Community Care,,,https://bridgesct.org,bridgesct.org,,,,,,,,,,,NSW,Yes,No,A,1,0,0,Triple R NSW Campaign 3 Cold Export
694baa16a55345bf,brightplan.com.au,Bright Plan Management,,,https://www.brightplan.com.au,brightplan.com.au,,,,,,,,,,,VIC,No,No,A,1,0,0,Triple R VIC Campaign 3 Cold Export
a8cbbee503ad6db1,brighterfuturesforchildren.org,Brighter Futures for Children,,,https://brighterfuturesforchildren.org/,brighterfuturesforchildren.org,,,,,,,,,,,NSW,Yes,No,A,1,0,0,Triple R NSW Campaign 3 Cold Export
d07f92bedef3d0e2,brisbanewatersprivate.com.au,Brisbane Waters Private Hospital,,,https://brisbanewatersprivate.com.au/,brisbanewatersprivate.com.au,,,,,,,,,,,NSW,,,,1,0,0,Triple R NSW Campaign 3 Cold Export
2d511a4618af408a,corlann.ie,Brothers of Charity Services Ireland,,,https://corlann.ie/,corlann.ie,,,,,,,,,,,NSW,,,,1,0,1,Triple R NSW Campaign 3 Cold Export
d5351ceb92d3f60d,brunswickprivate.com.au,Brunswick Private hospital,,,https://brunswickprivate.com.au/,brunswickprivate.com.au,,,,,,,,,,,VIC,,,,1,0,0,Triple R VIC Campaign 3 Cold Export
b8afc590f45c13f5,bcv.org.au,Buddhist Council of Victoria,,,https://bcv.org.au/,bcv.org.au,,,,,,,,,,,VIC,,,,1,0,1,Triple R VIC Campaign 3 Cold Export
6d071604e95b0920,budget.com.au,Budget Rent a Car,,201-500,https://budget.com.au,budget.com.au,Travel Arrangements,,,"Wide Variety of Rental Cars, Trucks and Busses",,,440,,https://www.linkedin.com/company/budget-rent-a-car_3/,,NSW,Unclear,No,A,1,0,0,Triple R NSW Campaign 3 Cold Export
047cd9fb82591dcc,bupa.com.au,Bupa Australia,,,https://www.bupa.com.au/,bupa.com.au,,,,,,,,,,,VIC,,,,1,0,0,Triple R VIC Campaign 3 Cold Export
3fdd6bafb1425fb0,butterfly.org.au,Butterfly Foundation,,,https://butterfly.org.au/,butterfly.org.au,,,,,,,,,,,VIC,No,Yes,A,1,0,1,Triple R VIC Campaign 3 Cold Export
71bf5023f9cc853f,cafsnj.org,CAFS Child & Family Services,,,https://cafsnj.org/,cafsnj.org,,,,,,,,,,,VIC,,,,1,0,0,Triple R VIC Campaign 3 Cold Export
abc78fc3a93e9d84,caring4you.info,CARING 4 YOU,,,https://www.caring4you.info/,caring4you.info,,,,,,,,,,,VIC,,,,1,0,0,Triple R VIC Campaign 3 Cold Export
bc0f451be52bc462,casscares.org,CASS Care,,,https://casscares.org/,casscares.org,,,,,,,,,,,NSW,No,Yes,A,1,0,1,Triple R NSW Campaign 3 Cold Export
082eefc2eeaac13b,cisco.com,CCNA,,,https://www.cisco.com/,cisco.com,,,,,,,,,,,VIC,No,No,A,1,0,0,Triple R VIC Campaign 3 Cold Export
0da1ed600249ce94,cftogether.org.au,CF Together,,,https://www.cftogether.org.au/,cftogether.org.au,,,,,,,,,https://www.linkedin.com/company/cf-together/,,NSW,No,No,A,1,0,0,Triple R NSW Campaign 3 Cold Export
963d97bda7f6bd1b,corecommunitymiami.org,CORE Community Services,,,https://corecommunitymiami.org/,corecommunitymiami.org,,,,,,,,,https://www.linkedin.com/company/54357956/,,NSW,Unclear,No,A,1,0,1,Triple R NSW Campaign 3 Cold Export
7e6e9b7adc6d0f3d,corecs.org.au,CORE Community Services,,51-200,https://corecs.org.au,corecs.org.au,Non-profit Organizations,,,"CORE Community Services Ltd is a not for profit organisation operating in  south west Sydney for over 40 years. 

Previously known as the Cabramatta Community Centre and rebranded in 2015 to represent the CORE values our services entail; Care; Opportunity; Respect and Empowerment.

Our mission is to provide diverse client centric services and opportunities that support and empower vulnerable communities to thrive , resulting in the best outcomes for all individuals. 

Our Vision 
Thriving, resilient communities free from discrimination and injustice

We provide the following key services:
Aged and Disability Services
Youth Services
Children's Services
Multicultural Communities",,,109,,https://www.linkedin.com/company/corecommunityservices/,,NSW,Unclear,No,A,1,0,1,Triple R NSW Campaign 3 Cold Export
225a999f2b2ccf6d,arccare.com.au,Cality Care,,11-50,https://arccare.com.au,arccare.com.au,Individual and Family Services,,,"As an approved Disability Service Provider Cality Care brings proven capability founded on a proud heritage of training and educational excellence within the Aged Care and Disability Support sector. Our values underpin everything we do in achieving our vision. 

We truly care about our clients and are looking for a similar minded Care Coordinator to join our team. Every day we strive for EXCELLENCE – what we bring, PASSION – what drives us and COURAGE – doing what’s right.

We operate across Sydney, regional and metropolitan Queensland.





Our team of reliable, qualified professionals are committed to listening to you and your representatives to understand the services and care that you require.

We currently offer disability home care services in Brisbane and Sydney.",,,41,,https://www.linkedin.com/company/cality-care-aus/,,NSW,Yes,Yes,A,1,0,0,Triple R NSW Campaign 3 Cold Export
c6c0c1dfc5b42e7c,calitycare.com.au,Cality Care,,,https://calitycare.com.au/,calitycare.com.au,,,,,,,,,,,NSW,Yes,No,A,1,0,1,Triple R NSW Campaign 3 Cold Export
04dcfda63a02eaaa,calvaryhealthcareservices.com,Calvary Health Care,,,https://www.calvaryhealthcareservices.com/,calvaryhealthcareservices.com,,,,,,,,,https://www.linkedin.com/company/calvaryhealthcare/,,NSW,Yes,Yes,A,1,0,1,Triple R NSW Campaign 3 Cold Export
1febe0db572d6693,mccg.org.au,Calvary Health Care,,51-200,https://mccg.org.au,mccg.org.au,Non-profit Organizations,,,"Marymead CatholicCare Canberra & Goulburn is the social services agency of the Catholic Archdiocese of Canberra & Goulburn.

For over 60 years we have been there for our communities within the ACT and surrounding regions.",,,93,,https://www.linkedin.com/company/marymead-catholiccare/,,NSW,,,C,1,0,1,Triple R NSW Campaign 3 Cold Export
a9aed227633cdc8a,calvaryhospital.org,Calvary Hospital,,,https://www.calvaryhospital.org/,calvaryhospital.org,,,,,,,,,,,NSW,,,,1,0,0,Triple R NSW Campaign 3 Cold Export
156d56a7501ee18f,cindex.camden.gov.uk,Camden Older Peoples Mental Health Service,,51-200,https://cindex.camden.gov.uk/kb5/camden/cd/service.page?id=DjpNskbDbBs,cindex.camden.gov.uk,Hospitals and Health Care,,,,,,70,,https://www.linkedin.com/company/manly-hospital/,,NSW,No,No,A,1,0,1,Triple R NSW Campaign 3 Cold Export
53efa5a51bc6e6d0,campbelltownprivatehospital.com.au,Campbelltown Private Hospital,,,https://campbelltownprivatehospital.com.au/,campbelltownprivatehospital.com.au,,,,,,,,,,,NSW,Yes,No,A,1,0,0,Triple R NSW Campaign 3 Cold Export
f19e8768fb7adc28,careconnect.com,Care Connect,,,https://www.careconnect.com/,careconnect.com,,,,,,,,,,,NSW,,,B,1,0,0,Triple R NSW Campaign 3 Cold Export
e159becc4d3d6deb,ccthealth.org,Care Connect,,,https://ccthealth.org,ccthealth.org,,,,,,,,,,,NSW,Yes,Yes,A,1,0,1,Triple R NSW Campaign 3 Cold Export
ab625a03a0853442,mcttechnology.com,Care Connect,,,https://www.mcttechnology.com/,mcttechnology.com,,,,,,,,,,,VIC,No,No,A,1,0,1,Triple R VIC Campaign 3 Cold Export
07f6e8e8604e9a13,careconnectgroup.ie,Care Connect Group,,,https://careconnectgroup.ie/,careconnectgroup.ie,,,,,,,,,,,VIC,,,,1,0,1,Triple R VIC Campaign 3 Cold Export
1f058e8decad1a08,homecarepromise.com,Care Promise,,,https://www.homecarepromise.com/,homecarepromise.com,,,,,,,,,,,VIC,Unclear,No,A,1,0,0,Triple R VIC Campaign 3 Cold Export
be7ca5503cc63b55,careservicesaustralia.com.au,Care Services Australia,,,https://www.careservicesaustralia.com.au/,careservicesaustralia.com.au,,,,,,,,,,,VIC,Yes,No,A,1,0,0,Triple R VIC Campaign 3 Cold Export
2b9552b28d2a2226,care1.ca,Care1,,,https://www.care1.ca/,care1.ca,,,,,,,,,,,NSW,Unclear,No,A,1,0,1,Triple R NSW Campaign 3 Cold Export
5a2065308c92d9cf,carechoice.com,CareChoice,,,https://carechoice.com/,carechoice.com,,,,,,,,,,,VIC,Unclear,No,A,1,0,0,Triple R VIC Campaign 3 Cold Export
966cf390e4f9ef2b,careremedy.com.au,CareRemedy,,2-10,https://careremedy.com.au,careremedy.com.au,Home Health Care Services,,2001-01-10T00:00:00.000Z,"Care Remedy is a leading provider of certified NDIS and Aged Care services based in Merrylands. With a commitment to delivering high-quality care and support to those in need, our team of experienced and compassionate professionals is dedicated to helping individuals lead fulfilling lives.",,,6,,https://www.linkedin.com/company/careremedy/,,NSW,Yes,Yes,A,1,0,1,Triple R NSW Campaign 3 Cold Export
324331fa8d6da00c,carexaustralia.com.au,CareX Australia,,,https://www.carexaustralia.com.au/,carexaustralia.com.au,,,,,,,,,,,NSW,,,,1,0,0,Triple R NSW Campaign 3 Cold Export
1cfee80d26d87c97,careable.com,Careable,,,https://careable.com,careable.com,,,,,,,,,,,VIC,No,Yes,A,1,0,0,Triple R VIC Campaign 3 Cold Export
ccc84073bd660a34,careneeds.com.au,Careneeds,,,https://careneeds.com.au,careneeds.com.au,Community Services,,2001-01-10T12:00:00.000Z,,,,,,,,VIC,,,C,1,0,0,Triple R VIC Campaign 3 Cold Export
867a3d8893a682b9,carersvictoria.org.au,Carers Victoria,,,https://www.carersvictoria.org.au/,carersvictoria.org.au,,,,,,,,,,,VIC,,,,1,0,0,Triple R VIC Campaign 3 Cold Export
3ad61c277ce0158c,carersofafrica.org.au,Carers of Africa,,,https://www.carersofafrica.org.au,carersofafrica.org.au,,,,,,,,,,,VIC,Unclear,No,A,1,0,0,Triple R VIC Campaign 3 Cold Export
df971e090f851425,caringwithcarers.com.au,Caring with Carers,,,https://caringwithcarers.com.au/,caringwithcarers.com.au,,,,,,,,,,,NSW,Yes,No,A,1,0,1,Triple R NSW Campaign 3 Cold Export
98345abb642f7091,carriesplace.org.au,Carrie's Place,,11-50,https://carriesplace.org.au,carriesplace.org.au,Individual and Family Services,,,"At Carrie's Place our vision is a community where there's zero tolerance towards violence and homelessness.

Our mission is to increase the number of families in the Maitland and Lower Hunter area, who are housed, safe, and living free from abuse.

This will be achieved by providing person-centred programs aimed at empowering vulnerable people who may have experienced domestic violence and other forms of trauma and abuse.

We work with individuals and our communities in the Hunter region to address the issues of domestic violence and homelessness.

We provide holistic services to build capacity, inclusion, and resilience.

Providing services in the Maitland and Lower Hunter area since 1979, Carrie’s Place provides a range of culturally appropriate services for people experiencing domestic and family violence, and/or homelessness. Carrie’s Place also provides a range of services to vulnerable people to support recovery and build resilience.",,,37,,https://www.linkedin.com/company/carries-place/,,NSW,No,No,A,1,0,1,Triple R NSW Campaign 3 Cold Export
59fc3d322d5f3424,castertonmemorialhospital.com.au,Casterton Memorial Hospital,,,https://castertonmemorialhospital.com.au/,castertonmemorialhospital.com.au,,,,,,,,,,,VIC,,,,1,0,0,Triple R VIC Campaign 3 Cold Export
94b20f5c8c3a51c7,catholiccarewsbm.org.au,Catholic Care Western Sydney and the Blue Mountains,,,https://catholiccarewsbm.org.au/,catholiccarewsbm.org.au,,,,,,,,,https://www.linkedin.com/company/catholiccare-western-sydney-blue-mountains/,,NSW,Yes,No,A,1,0,0,Triple R NSW Campaign 3 Cold Export
f404f4697dfc218d,ccdom.org,Catholic Community Services,,,https://ccdom.org/,ccdom.org,,,,,,,,,,,NSW,Yes,No,A,1,0,0,Triple R NSW Campaign 3 Cold Export
e34581246282639c,ccsww.org,Catholic Community Services,,,https://ccsww.org/,ccsww.org,,,,,,,,,,,NSW,Yes,Yes,A,1,0,0,Triple R NSW Campaign 3 Cold Export
33722ff14a21d246,catholichealthli.org,Catholic Healthcare,,,https://www.catholichealthli.org/,catholichealthli.org,,,,,,,,,,,NSW,Unclear,No,A,1,0,0,Triple R NSW Campaign 3 Cold Export
594f25e7308bf1a3,compassionuk.org,Catholic Healthcare,,51-200,https://compassionuk.org,compassionuk.org,Non-profit Organizations,,,"Founded in 1952, Compassion is a Christian child development charity releasing children from poverty, in Jesus’ name. Working in 29 countries, we partner with more than 8,500 local churches within communities experiencing poverty. Our heart is to give children and young people the opportunity to thrive and reach their God-given potential both now and into the future.  

We’re Christ-centred, motivated by Jesus’ call to love our neighbour. We're child-focused, helping those left most vulnerable to the effects of poverty. And we’re church-driven, running our programmes exclusively in partnership with local churches.  

Compassion’s child development programmes are holistic, giving children support in every core area of their lives. Because we work in partnership with local churches who know their communities inside out, our programmes are tailored to a child’s age, gender, health, culture and family situation. Independent research shows they are highly effective, and now more than 2.3 million children globally are being released from poverty. Learn more about what we do at: https://www.compassionuk.org",,,180,,https://www.linkedin.com/company/hope-christian-counselling/,,NSW,Unclear,Yes,A,1,0,0,Triple R NSW Campaign 3 Cold Export
9331c08aeae3a915,catholiccare.org.au,Catholic care Social services Hunter Manning,,,https://www.catholiccare.org.au/,catholiccare.org.au,,,,,,,,,,,NSW,Yes,No,A,1,0,0,Triple R NSW Campaign 3 Cold Export
01294f9987bb31cc,catholic-care.com,CatholicCare,,,https://catholic-care.com/,catholic-care.com,,,,,,,,,,,NSW,,,,1,0,0,Triple R NSW Campaign 3 Cold Export
3324975ca36521f1,catholiccarecq.com,CatholicCare Central Queensland,,,https://catholiccarecq.com/,catholiccarecq.com,,,,,,,,,,,VIC,Yes,Yes,A,1,0,0,Triple R VIC Campaign 3 Cold Export
d4e87b9a1c2753ac,catholiccare.services,CatholicCare Regugee & Settlement Program,,,https://catholiccare.services/,catholiccare.services,,,,,,,,,,,VIC,Unclear,No,A,1,0,0,Triple R VIC Campaign 3 Cold Export
ff125a92a8afd935,catholiccarevic.org.au,CatholicCare Victoria,,,https://www.catholiccarevic.org.au/,catholiccarevic.org.au,,,,,,,,,,,VIC,Unclear,No,A,1,0,1,Triple R VIC Campaign 3 Cold Export
cb2654600d25eb78,sites.google.com,Catholiccare,,,https://sites.google.com/sfcatholic.org/catholiccare/,sites.google.com,,,,,,,,,,,NSW,Unclear,Yes,A,1,0,0,Triple R NSW Campaign 3 Cold Export
a8be1f86294f069c,caura.com.au,Caura,,2-10,https://caura.com.au,caura.com.au,Hospitals and Health Care,,2001-01-10T00:00:00.000Z,"Caura is a support service that caters to adults and young teens with disabilities in Sydney's Southwest. They specialize in providing tailored services to those diagnosed with Autism and Down syndrome. They focus on helping individuals achieve consistency in their daily lives and provide support across housing, services, and social skill development. Caura offers peace of mind to parents who want to ensure that their family members receive consistent and quality support throughout their lives.",,,10,,https://www.linkedin.com/company/cauradisabilityservices/,,NSW,Yes,No,A,1,0,1,Triple R NSW Campaign 3 Cold Export
c9e33a812e2678f1,centacare.com,Centacare,,,https://centacare.com/,centacare.com,,,,,,,,,,,VIC,No,Yes,A,1,0,0,Triple R VIC Campaign 3 Cold Export
6ec2f87ee77c51c8,centracare.com,Centacare,,,https://centracare.com/,centracare.com,,,,,,,,,,,NSW,No,No,A,1,0,1,Triple R NSW Campaign 3 Cold Export
7415bc5fff5d86f1,ccwh.org.au,Central Coast Community Women's Health Centre,,,https://ccwh.org.au/,ccwh.org.au,,,,,,,,,,,NSW,,,,1,0,1,Triple R NSW Campaign 3 Cold Export
f8831e7f60ea6ab2,thephn.com.au,Central Coast Health Network,,,https://thephn.com.au/,thephn.com.au,,,,,,,,,,,NSW,,,,1,0,0,Triple R NSW Campaign 3 Cold Export
517143a9b3c03cce,cclhd.health.nsw.gov.au,Central Coast Local Health District,,,https://www.cclhd.health.nsw.gov.au,cclhd.health.nsw.gov.au,,,,,,,,,,,NSW,,,,1,0,0,Triple R NSW Campaign 3 Cold Export
e19e52645ef69d8e,cghs.com.au,Central Gippsland Health,,,https://www.cghs.com.au/,cghs.com.au,,,,,,,,,,,VIC,Yes,Yes,A,1,0,0,Triple R VIC Campaign 3 Cold Export
b16acfbdbc370c1f,cesphn.org.au,Central and Eastern Sydney PHN,,,https://cesphn.org.au,cesphn.org.au,,,,,,,,,,,NSW,Yes,No,A,1,0,0,Triple R NSW Campaign 3 Cold Export
8637d2690e805dc1,challengefamily.com,Challenge,,,https://challengefamily.com/,challengefamily.com,,,,,,,,,,,NSW,Yes,No,A,1,0,0,Triple R NSW Campaign 3 Cold Export
6430dcdca6ca960e,challengecommunity.org.au,Challenge Community Services,,,https://www.challengecommunity.org.au,challengecommunity.org.au,,,,,,,,,,,NSW,,,,1,0,0,Triple R NSW Campaign 3 Cold Export
be431432cd4a7207,charterhousemedical.com,Charter house Medical,,,https://www.charterhousemedical.com/,charterhousemedical.com,,,,,,,,,,,NSW,Yes,No,A,1,0,0,Triple R NSW Campaign 3 Cold Export
2a1fa58de2d045fa,childfund.org.au,ChildFund Australia,,,https://www.childfund.org.au/,childfund.org.au,,,,,,,,,,,NSW,Yes,No,A,1,0,0,Triple R NSW Campaign 3 Cold Export
07138fa7704719db,christchurch.com.au,Christ Church St Ives,,,https://www.christchurch.com.au/,christchurch.com.au,,,,,,,,,,,NSW,Yes,Yes,A,1,0,1,Triple R NSW Campaign 3 Cold Export
f4be2b198f7d3b8e,casey.vic.gov.au,City of Casey,,,https://www.casey.vic.gov.au/,casey.vic.gov.au,,,,,,,,,,,VIC,No,No,A,1,0,0,Triple R VIC Campaign 3 Cold Export
069e0c7edf38dc62,greaterdandenong.vic.gov.au,City of Greater Dandenong,,,https://www.greaterdandenong.vic.gov.au/,greaterdandenong.vic.gov.au,,,,,,,,,,,VIC,Unclear,Yes,A,1,0,0,Triple R VIC Campaign 3 Cold Export
9d1f67835eb59dcb,yarracity.vic.gov.au,City of Yarra Family Services,,,https://www.yarracity.vic.gov.au/,yarracity.vic.gov.au,,,,,,,,,,,VIC,No,No,A,1,0,0,Triple R VIC Campaign 3 Cold Export
7cb2fc05652803c5,clearplan.io,Clear Plan Managers,,,https://clearplan.io/,clearplan.io,,,,,,,,,,,VIC,No,Yes,A,1,0,0,Triple R VIC Campaign 3 Cold Export
24957b684e8932e0,clowndoctorsaustralia.org.au,Clown Doctors Australia,,51-200,https://clowndoctorsaustralia.org.au,clowndoctorsaustralia.org.au,Non-profit Organizations,,,"At Clown Doctors Australia our purpose is to enhance wellbeing through the uplifting power of humour. 

We work in hospitals and aged care facilities around Australia. We believe we can improve care at every level through imagination, creative play and moments of authentic human connection. 

In children’s hospitals, our Clown Doctors make space for courage, resilience and hope. Our Laughter Care program engages aged care residents and older people in hospital, rekindling identity, building connections, and bringing joy to the care experience.

We are a valuable contributor to a compassionate, well-functioning health system. With our help people are more receptive to care and clinical care procedures are more efficient. In fact, our impact echoes long after our exit. 
What we do is grounded in science and delivered with heart; we are serious about our silliness because we know that laughter isn’t a distraction from care, it is a vital part of it.

Working in partnership with medical and healthcare professionals, we aim to create a future where people don’t fear hospital visits or ageing alone.",,,67,,,,NSW,No,No,A,1,0,1,Triple R NSW Campaign 3 Cold Export
485d472567dcf918,4cflorida.org,Co-Ordinated Support Services,,,https://4cflorida.org,4cflorida.org,,,,,,,,,,,VIC,,,,1,0,0,Triple R VIC Campaign 3 Cold Export
a4363ac0c34aa258,codeblackpsychology.au,Code Black Psychology,,,https://www.codeblackpsychology.au,codeblackpsychology.au,,,,,,,,,,,VIC,,,B,1,0,1,Triple R VIC Campaign 3 Cold Export
9f50639d3f373225,colbrowcare.com.au,Colbrow Care,,,https://colbrowcare.com.au,colbrowcare.com.au,,,,,,,,,,,VIC,,,,1,0,0,Triple R VIC Campaign 3 Cold Export
1c4c335aec2b3344,coles.com.au,Coles Liquor,,,https://www.coles.com.au/browse/liquorland,coles.com.au,,,,,,,,,,,VIC,No,No,A,1,0,1,Triple R VIC Campaign 3 Cold Export
1dfe8b30fad727a5,collectivefdc.com.au,Collective Family Day Care,,,https://collectivefdc.com.au/,collectivefdc.com.au,,,,,,,,,,,NSW,,,,1,0,1,Triple R NSW Campaign 3 Cold Export
1121666f044f0e2a,communitycareinc.org,CommUnity Care,,,https://communitycareinc.org/,communitycareinc.org,,,,,,,,,,,NSW,Yes,No,A,1,0,0,Triple R NSW Campaign 3 Cold Export
1bd0962238bc4856,communicare.org.au,Communicare,,201-500,https://communicare.org.au,communicare.org.au,Non-profit Organizations,,,"A dynamic not-for-profit organisation that provides services that inspire and empower people to change their lives in positive ways, sustain the change and reach their full potential. We advocate on local issues and foster connection with the community.


•	A long history and reputation in providing community services.
•	Strong relationships with Government and non-Government organisations. 
•	Many locations in the Perth south metropolitan region. 
•	A diverse range of community services. 
•	A leadership team with diverse management experience. 
•	Strong internal expertise in a broad range of social issues. 
•	A caring and compassionate workforce. 
•	An innovator of community solutions – e.g. Breathing Space, Family Day Care village, Communicare Academy. 
•	Quality accreditation.",,,310,,https://www.linkedin.com/company/communicare-au/,,NSW,Unclear,Yes,A,1,0,1,Triple R NSW Campaign 3 Cold Export
324293e2e7b3898c,communicarehealth.com,Communicare,,,https://communicarehealth.com/,communicarehealth.com,,,,,,,,,,,NSW,No,No,A,1,0,1,Triple R NSW Campaign 3 Cold Export
433d6fa4dd48cdba,communitycaretx.org,Community Care,,501-1000,https://communitycaretx.org,communitycaretx.org,Hospitals and Health Care,,,"CommUnityCare Health Centers is a not-for-profit 501(c) (3) corporation providing primary care health services to the medically underserved.   For over 30 years, we served as the Community Health Centers, operating as a department of the City of Austin.  In March 2009, we became CommUnityCare, operating independently from the City.  CommUnityCare is proud of its past history of service to the community and looks forward to continuing to provide great care. Our vision as CommUnityCare is to increase access to care and to expand our range of services.

CommUnityCare operates 25+ health center locations in Travis County and central Texas. We offer comprehensive primary care services for the entire family including: family medicine, internal medicine, pediatrics, women's health services, behavioral health services, nutrition education, pregnancy and parenting centering programs, specialty services such as cardiology, dermatology, pulmonology and dental care.",,,611,,https://www.linkedin.com/company/communitycare-health-centers/,,NSW,Unclear,Yes,A,1,0,0,Triple R NSW Campaign 3 Cold Export
16e4ad3a65aacbac,communityrehab.net,Community Health and Rehabilitation,,,https://communityrehab.net/,communityrehab.net,,,,,,,,,,,NSW,Yes,Yes,A,1,0,0,Triple R NSW Campaign 3 Cold Export
fe777a6ec31a215d,chcservices.com.au,Community Home Care Services,,2-10,https://chcservices.com.au,chcservices.com.au,Home Health Care Services,,2001-01-10T00:00:00.000Z,"Community Home Care Services is a registered NDIS (National Disability Insurance Scheme) and Aged Care provider with an experienced multidisciplinary team of allied health workers, service coordinators and support workers. They all work interdependently to ensure you are receiving optimal service that is right for you.

We allocate our clients with friendly, experienced support workers, who are culturally and linguistically diverse, to assist you in achieving your goals and improve your life.",,,5,,https://www.linkedin.com/company/community-home-care-services/,,NSW,Yes,No,A,1,0,1,Triple R NSW Campaign 3 Cold Export
936bde01e8109a23,communityoptions.org,Community Options,,51-200,https://communityoptions.org,communityoptions.org,Non-profit Organizations,,,"Vision

“We envision a society that embraces all its members as full partners in their community.”

Mission

Options For All, formerly Employment & Community Options, seeks to create and support opportunities for adults with disabilities in making choices to live, work and enjoy life in their community with dignity and respect.  

 Options For All is a non-profit organization dedicated to providing low-income adults with developmental disabilities new opportunities to lead fulfilling lives through employment, life-skills training and independent-living services. 

Over the past 30 years, Options For All successful programs have featured unparalleled services that provide direct and accessible training and support opportunities that allow these individuals to become productive, integral members of their communities. Options For All is proud of the role it plays in connecting businesses that need reliable workers with low-income adults looking to secure meaningful work. 

In California alone, there are currently 87,000 adults with developmental disabilities. Most are living on Supplemental Security Income, with a maximum benefit of $907 per month – well below the state per capita average of $28,049. In addition to the challenges they face due to their financial situation, they face challenges because of the very nature of their disabilities. Options For All's role is to empower low-income adults with developmental disabilities to overcome misunderstanding and prejudice through its proactive programs and services. 

For more information visit us at www.OptionsForAll.org or on Facebook at Options For All.",,,196,,https://www.linkedin.com/company/optionsforall/,,NSW,Unclear,Yes,A,1,0,0,Triple R NSW Campaign 3 Cold Export
3b9ccfdee0fcb990,crcnsw.org.au,Community Restorative Centre,,51-200,https://crcnsw.org.au,crcnsw.org.au,Individual and Family Services,,,"The Community Restorative Centre (CRC) provides a range of services to people involved in the criminal legal system and their families. CRC is the lead provider of specialist through-care, post-release, and reintegration programs for people transitioning from prison into the community in NSW. All CRC programs aim to reduce crime and break entrenched cycles of disadvantage, offending and imprisonment.",,,66,,https://www.linkedin.com/company/community-restorative-centre/,,NSW,Unclear,No,A,1,0,1,Triple R NSW Campaign 3 Cold Export
d10bdf670a8d1598,cso-svd.org,Community Support Options,,,https://cso-svd.org,cso-svd.org,,,,,,,,,,,VIC,Unclear,No,A,1,0,0,Triple R VIC Campaign 3 Cold Export
52b32829e36f4c4d,mycompletecare.com,Complete Care Accommodation,,,https://mycompletecare.com/,mycompletecare.com,,,,,,,,,,,NSW,Unclear,No,A,1,0,0,Triple R NSW Campaign 3 Cold Export
0a6e3c630ffada33,ccspecialists.com.au,Complete Care Specilists,,,https://ccspecialists.com.au/,ccspecialists.com.au,,,,,,,,,,,VIC,,,,1,0,0,Triple R VIC Campaign 3 Cold Export
e0ed17f712722b84,choicementalhealth.com.au,Complex Psychology,,,https://choicementalhealth.com.au,choicementalhealth.com.au,Mental Health Care,,,,,,,,,,VIC,,,B,1,0,0,Triple R VIC Campaign 3 Cold Export
d2ec165fc9cc2e60,concentricusa.com,Concentric,,,https://concentricusa.com/,concentricusa.com,,,,,,,,,,,VIC,,,C,1,0,0,Triple R VIC Campaign 3 Cold Export
b28cf0a80d3cb3af,conceptcare.com.au,Concept Care,,11-50,https://conceptcare.com.au,conceptcare.com.au,Hospitals and Health Care,,,"Concept Care is a Sydney-based, NDIS-registered provider specialising in Complex Care, Mental Health, and Behavioural Support. We support individuals living with disability, psychosocial challenges, chronic conditions, and age-related needs across Greater Sydney and surrounding regions.

Our mission is to empower people to live safely, independently, and with dignity on their own terms. From high-intensity clinical care and mental health recovery to everyday living assistance and community access, we deliver tailored support that creates real outcomes.

Our vision is to redefine quality care through innovation, compassion, and measurable impact.

Our values—integrity, flexibility, excellence, and respect—are at the core of everything we do.

Backed by a highly trained, compassionate team, every service we deliver—whether in-home, in the community, or through specialised programs—is purposefully designed to enrich lives, foster independence, and create lasting impact.

📞 (02) 9826 8494
📧 info@conceptcare.com.au
🌐 www.conceptcare.com.au",,,39,,https://www.linkedin.com/company/conceptcare/,,NSW,Yes,Yes,A,1,0,1,Triple R NSW Campaign 3 Cold Export
84876264bc4db806,confidential.careers,Confidential,,,https://confidential.careers/,confidential.careers,,,,,,,,,,,VIC,No,Yes,A,1,0,0,Triple R VIC Campaign 3 Cold Export
32004eeed0cbad4c,connectedspeechpathology.com,Connected Speech Pathology,,,https://connectedspeechpathology.com,connectedspeechpathology.com,,,,,,,,,,,VIC,,,C,1,0,0,Triple R VIC Campaign 3 Cold Export
9648bc8549647780,connectedfamilies.org,Connecting Families,,,https://connectedfamilies.org/,connectedfamilies.org,,,,,,,,,https://www.linkedin.com/search/results/all/?keywords=UpliftingU,,NSW,,,C,1,0,0,Triple R NSW Campaign 3 Cold Export
bec30e10a8c49eb7,cornerstonesupportservices.com,Cornerstone Support Services Vic,,,https://cornerstonesupportservices.com,cornerstonesupportservices.com,,,,,,,,,,,VIC,,,,1,0,0,Triple R VIC Campaign 3 Cold Export
c34ba55e66b4ece7,countycourt.vic.gov.au,County Court of Victoria,,,https://www.countycourt.vic.gov.au/,countycourt.vic.gov.au,,,,,,,,,,,VIC,No,No,A,1,0,0,Triple R VIC Campaign 3 Cold Export
f8b2c3a9f4f8a349,courts.vic.gov.au,Court Services Victoria,,,https://courts.vic.gov.au/,courts.vic.gov.au,,,,,,,,,,,VIC,,,,1,0,0,Triple R VIC Campaign 3 Cold Export
3d22a7d8ae74694f,cranbrookcare.com.au,Cranbrook Care,,51-200,https://cranbrookcare.com.au,cranbrookcare.com.au,Hospitals and Health Care,,,"Cranbrook Care is a premier provider of quality residences, care and lifestyle services. Our family of premier residences are architecturally designed, situated in idyllic locations, providing our residents with excellence in care and services. Our team of highly skilled and experienced aged care professionals has been carefully selected for being the best in their area of expertise and their ability to provide excellence in care. We take pride in providing superior care and ensuring quality of life for each of our residents. The Cranbrook Care team has been operating in the aged care industry since 2000 and we have won numerous industry awards for the design, quality and operations of our residences.",,,64,,https://www.linkedin.com/company/cranbrook-care/,,NSW,Yes,No,A,1,0,0,Triple R NSW Campaign 3 Cold Export
6f50d367203a5c40,creatinglinks.org,Creating Links,,,https://creatinglinks.org/,creatinglinks.org,,,,,,,,,https://www.linkedin.com/company/creating-links/,,NSW,Yes,No,A,1,0,1,Triple R NSW Campaign 3 Cold Export
91c3ee49064356e4,afca.gov.au,Credit and Investments Ombudsman,,,https://www.afca.gov.au/,afca.gov.au,,,,,,,,,https://www.linkedin.com/search/results/all/?keywords=Credit+and+Investments+Ombudsman,,NSW,Unclear,No,A,1,0,0,Triple R NSW Campaign 3 Cold Export
e7b156525b18c1fb,crewesharp.com.au,Crewe Sharp,,,https://crewesharp.com.au,crewesharp.com.au,,,,,,,,,,,VIC,,,,1,0,0,Triple R VIC Campaign 3 Cold Export
bf28339bc0b0217b,cumberlandcare.com.au,Cumberland Care,,2-10,https://cumberlandcare.com.au,cumberlandcare.com.au,Home Health Care Services,,2001-01-10T00:00:00.000Z,"We are a disability care provider located in Hornsby, situated in Sydney's North-West.",,,4,,https://www.linkedin.com/company/cumberland-care/,,NSW,No,No,A,1,0,1,Triple R NSW Campaign 3 Cold Export
3497f713be96a331,dassi-archive.it,DASSI,,,https://www.dassi-archive.it/,dassi-archive.it,,,,,,,,,,,VIC,Unclear,No,A,1,0,0,Triple R VIC Campaign 3 Cold Export
4c1b8c5c15503058,dassi.ai,DASSI,,,https://dassi.ai/,dassi.ai,,,,,,,,,,,VIC,Unclear,No,A,1,0,0,Triple R VIC Campaign 3 Cold Export
32434ee86b36808d,dalcrosswellness.com.au,Dalcross Private Hospital,,,https://dalcrosswellness.com.au/,dalcrosswellness.com.au,,,,,,,,,,,NSW,Yes,No,A,1,0,0,Triple R NSW Campaign 3 Cold Export
5d932a4e3d8e45af,ddacl.org.au,Dandenong & District Aborigines Co-operative,,,https://ddacl.org.au,ddacl.org.au,,,,,,,,,,,VIC,,,,1,0,0,Triple R VIC Campaign 3 Cold Export
34df589441c3989b,dardimunwurro.com.au,Dardi Munwurro strong spirit,,,https://dardimunwurro.com.au,dardimunwurro.com.au,,,,,,,,,,,VIC,Unclear,No,A,1,0,1,Triple R VIC Campaign 3 Cold Export
f9e9c11068e1fc82,deakin.edu.au,Deakin University,,,https://www.deakin.edu.au/,deakin.edu.au,,,,,,,,,,,VIC,,,,1,0,0,Triple R VIC Campaign 3 Cold Export
002491a14648265d,debtnegotiators.com.au,Debt Negotiators,,11-50,https://debtnegotiators.com.au,debtnegotiators.com.au,Financial Services,,2001-11-20T00:00:00.000Z,,,,20,,https://www.linkedin.com/company/debt-negotiators/,,NSW,Unclear,No,A,1,0,0,Triple R NSW Campaign 3 Cold Export
4db43f127c7338ff,defence.gov.au,Defence Australia,,10001+,https://defence.gov.au,defence.gov.au,Defense and Space Manufacturing,,,"The Department of Defence is responsible for defending Australia and its national interests. By growing local and international Defence partnerships and investing in the Defence Industry to develop and deliver innovative, cutting-edge capabilities, the department promotes the security of Australia and protects its people.

Terms of use: https://www.defence.gov.au/socialmedia/docs/Defence-Social-Media-Terms-of-Use.pdf",,,13963,,https://www.linkedin.com/company/defenceaustralia/,,NSW,Yes,No,A,1,0,1,Triple R NSW Campaign 3 Cold Export
f5bcc8da01fd17f4,explorers.com.au,Department of Education,,,https://explorers.com.au,explorers.com.au,Education Administration Programs,,,,,,,,,,VIC,No,No,A,1,0,0,Triple R VIC Campaign 3 Cold Export
b1d920ffcae214d9,ed.gov,Department of Education & Training,,,https://www.ed.gov/,ed.gov,,,,,,,,,,,VIC,No,No,A,1,0,0,Triple R VIC Campaign 3 Cold Export
93ab77d4432d4964,health.vic.gov.au,Department of Health and Human Services Victoria,,,https://www.health.vic.gov.au/,health.vic.gov.au,,,,,,,,,,,NSW,Yes,No,A,1,0,0,Triple R NSW Campaign 3 Cold Export
ec4847e75075f24b,departmentofhumanageingdisabilityhomecare,Department of Human Services Ageing Disability and Home Care,,,No website found,departmentofhumanageingdisabilityhomecare,,,,,,,,,,,NSW,Yes,Yes,A,1,0,0,Triple R NSW Campaign 3 Cold Export
f382a3f5cb4bacf3,departmentofsocial,Department of Social Services,,,No website found,departmentofsocial,,,,,,,,,,,VIC,,,,1,0,0,Triple R VIC Campaign 3 Cold Export
43ef539ab7548189,va.gov,Department of Veteran Affairs,,,https://www.va.gov/,va.gov,,,,,,,,,,,VIC,No,No,A,1,0,0,Triple R VIC Campaign 3 Cold Export
87745ce45217dee2,nyc.gov,Dept of Ageing,,,https://nyc.gov/site/dfta/index.page,nyc.gov,,,,,,,,,https://www.linkedin.com/search/results/all/?keywords=Dept+of+Ageing%2C+Disability+and+Home+Care,,NSW,No,No,A,1,0,0,Triple R NSW Campaign 3 Cold Export
e320f2ace719c10b,dhelkayahealth.org.au,Dhelkaya Health,,,https://dhelkayahealth.org.au/,dhelkayahealth.org.au,,,,,,,,,,,VIC,Yes,No,A,1,0,0,Triple R VIC Campaign 3 Cold Export
be9f70244492bbcd,diabetesvic.org.au,Diabetes Victoria,,,https://www.diabetesvic.org.au/,diabetesvic.org.au,,,,,,,,,,,VIC,,,,1,0,1,Triple R VIC Campaign 3 Cold Export
ebbb3eefe7b50065,diamondwomen.com.au,Diamond Women,,11-50,https://diamondwomen.com.au,diamondwomen.com.au,Individual and Family Services,,2001-11-20T00:00:00.000Z,"Because no two women are the same, there is no such thing as one-size-fits all support. Diamond Women provides comprehensive, holistic care through a manned hotline, professional counsellors, a monthly mother's program, mum-to-mum mentoring, and the provision of material goods.",,,17,,https://www.linkedin.com/company/diamondwomenau/,,NSW,Yes,No,A,1,0,1,Triple R NSW Campaign 3 Cold Export
f0fdf4b08da456da,csbb.catholic.edu.au,Diocese of Broken Bay,,501-1000,https://csbb.catholic.edu.au,csbb.catholic.edu.au,Education Administration Programs,,,"Catholic Schools Broken Bay is located in Sydney, New South Wales, Australia and, under the guidance of Bishsop Anthony Randazzo and Director of Schools, Danny Casey. 

Covering an expansive geographical area that includes the Central Coast, Sydney’s Northern Beaches and North Shore, Catholic Schools Broken Bay is a system serving 44 Catholic Schools with around 17,000 students from Kindergarten to Year 12. There is an exciting career for you here.

https://www.csbb.catholic.edu.au/careers/join-us",,,654,,https://www.linkedin.com/company/csbb/,,NSW,Yes,No,A,1,0,0,Triple R NSW Campaign 3 Cold Export
f563554e3304fafb,disabilitymacarthur.org.au,Disability Macarthur,,,https://disabilitymacarthur.org.au/,disabilitymacarthur.org.au,,,,,,,,,,,NSW,Yes,No,A,1,0,0,Triple R NSW Campaign 3 Cold Export
d7c387484f78f476,district360.com.au,District 360 Supports,,,https://www.district360.com.au/,district360.com.au,,,,,,,,,,,VIC,,,,1,0,0,Triple R VIC Campaign 3 Cold Export
4d1c3d47f685b3d0,diversecommunityhc.com,Diverse Community Care,,2-10,https://diversecommunityhc.com/,diversecommunityhc.com,,,2001-01-10T00:00:00.000Z,,,,3,,https://www.linkedin.com/company/diverse-community-care/,,NSW,Yes,No,A,1,0,0,Triple R NSW Campaign 3 Cold Export
99d63fb6d6dc4411,lawsociety.org.uk,Diversity Access,,,https://www.lawsociety.org.uk/campaigns/diversity-access-scheme,lawsociety.org.uk,,,,,,,,,https://www.linkedin.com/company/diversity-access-pty/,,NSW,Unclear,No,A,1,0,0,Triple R NSW Campaign 3 Cold Export
b8e0df1bfaea4cf4,domesticviolencemanagement,Domestic Violence Service Management,,,No website found,domesticviolencemanagement,,,,,,,,,https://www.linkedin.com/search/results/all/?keywords=Domestic+Violence+Service+Management+,,NSW,Yes,No,A,1,0,1,Triple R NSW Campaign 3 Cold Export
e104cdaff183de83,doutta.org.au,Doutta Galla Community Health,,,http://www.doutta.org.au,doutta.org.au,,,,,,,,,,,VIC,Unclear,No,A,1,0,0,Triple R VIC Campaign 3 Cold Export
a981415e46fb60f2,holdsworth.org.au,Dovida Australia,,51-200,https://holdsworth.org.au,holdsworth.org.au,Individual and Family Services,,,"Connecting people with possibility for over 75 years. 

At Holdsworth, we empower people to thrive and grow, and find a sense of belonging. We work alongside older people, people living with a disability, carers, and families and young children so they can feel unstoppable.",,,65,,https://www.linkedin.com/company/dovida-australia/,,NSW,Yes,Yes,A,1,0,0,Triple R NSW Campaign 3 Cold Export
d82d11e53405f797,sportsorthocenter.com,Dr Manish Gupta,,,https://sportsorthocenter.com/,sportsorthocenter.com,,,,,,,,,,,NSW,,,,1,0,1,Triple R NSW Campaign 3 Cold Export
ffcafb8ad8b1cb96,drakemedoxcollege.ca,Drake Medox,,,https://drakemedoxcollege.ca/,drakemedoxcollege.ca,,,,,,,,,,,VIC,,,,1,0,0,Triple R VIC Campaign 3 Cold Export
8bbc777445ec11b2,dreammakercommunityservices.com.au,Dream Maker Community Services,,,https://dreammakercommunityservices.com.au/,dreammakercommunityservices.com.au,,,,,,,,,,,NSW,Yes,No,A,1,0,1,Triple R NSW Campaign 3 Cold Export
c648b57d40f05651,dulciehomecare.com.au,Dulcie Home Care,,,https://dulciehomecare.com.au/,dulciehomecare.com.au,,,,,,,,,,,VIC,,,,1,0,1,Triple R VIC Campaign 3 Cold Export
e6d84b2de2de05e0,eihc.com.au,EIH Care,,,https://www.eihc.com.au,eihc.com.au,,,,,,,,,,,VIC,Yes,Yes,A,1,0,0,Triple R VIC Campaign 3 Cold Export
92f630f18b6b1d0b,boq.com.au,EML Group,,1001-5000,https://boq.com.au,boq.com.au,Financial Services,,,"At BOQ Group, we’re not just a bank - we’re a collective of challenger brands rewriting the rules of what banking can be. From BOQ to ME, Virgin Money Australia, BOQ Specialist, BOQ Business & BOQ Finance, each of our brands brings its own personality & purpose - but we’re united by one bold ambition: to build social capital through banking.

That means creating trust with our customers, unlocking the potential of our people & believing that both tiny gestures & big ideas can change the world for the better. We call it our superpower - &  it’s what drives everything we do.

We believe banking is about more than money. It’s about the lives we live, the experiences we share & the communities we uplift. That’s why we’re building a workplace where difference is not just welcomed - it’s celebrated. A place where every voice matters & every person feels empowered to bring their whole self to work.

Our inclusive culture is grounded in action. From people-led affinity networks like ProudlyMe & Banking Without Barriers, to our commitment to reconciliation & gender equity, we’re creating space for everyone to thrive. 

We’re spirited, lionhearted, curious & fiercely optimistic - & we’re not afraid to challenge the status quo to make banking better for all.

So if you’re looking for a place where purpose meets possibility, where your work has real impact & where you can grow alongside people who genuinely care - welcome to BOQ Group.",,,4056,,https://www.linkedin.com/company/emlgroup/,,NSW,No,Yes,A,1,0,1,Triple R NSW Campaign 3 Cold Export
8d445f4ece594e3f,newcollege.com.au,EML Group,,201-500,https://newcollege.com.au,newcollege.com.au,Primary and Secondary Education,,,Pre-Uni New College is not associated with Pre Uni College to any extent. 2022 Summer Holiday & Term 1 Enrolment are now open. Call 9746 7000.,,,312,,https://www.linkedin.com/company/emlgroup/,,NSW,Unclear,No,A,1,0,1,Triple R NSW Campaign 3 Cold Export
0d3ae37ea2fa266e,pinnaclerehab.com.au,EML Group,,201-500,https://pinnaclerehab.com.au,pinnaclerehab.com.au,Wellness and Fitness Services,,,"Pinnacle Rehab was formed by a team of experienced Workplace Rehabilitation Professionals that have worked within Workplace Rehabilitation schemes for over 17 years. Since inception Pinnacle Rehab has undergone significant growth and geographical expansion whilst maintaining a high level of quality and return to work results through our specialist teams.

Employers and Workers Compensation Agents were asking our team for high quality services that focused on preventing, or providing solutions to existing workplace injury claims for corporate and SME clients, assisting injured workers to return to work in an efficient and timely manner and ultimately reducing the claims costs for employers and legislative scheme bodies.

Our niche and point of difference as an Accredited Workplace Rehabilitation Provider is our ability to deliver consistent, responsive and outcome focused services to employers and agents. Our exceptional return to work results are achieved through recruiting exceptional staff, providing comprehensive training and support and designing services that are focused on achieving optimal return to work outcomes.

Through our specialist service offerings, industry experience and quality of staff we have a competitive advantage over our competitors that allows us to provide our NSW-based customers with a fast moving service meeting the ever changing needs of the modern business environment.",,,215,,https://www.linkedin.com/company/emlgroup/,,NSW,Unclear,No,A,1,0,1,Triple R NSW Campaign 3 Cold Export
a2cf63a4e2849c23,eya.com,EYA,,,https://www.eya.com/,eya.com,,,,,,,,,,,VIC,No,No,A,1,0,0,Triple R VIC Campaign 3 Cold Export
7a6f2edb1aec756e,eghs.net.au,East Grampians Health Service,,,https://eghs.net.au/,eghs.net.au,,,,,,,,,,,VIC,,,,1,0,0,Triple R VIC Campaign 3 Cold Export
8754663587258207,easyhealthcare101.com,Easy Healthcare,,,https://easyhealthcare101.com/,easyhealthcare101.com,,,,,,,,,,,VIC,Unclear,No,A,1,0,0,Triple R VIC Campaign 3 Cold Export
fdf81678863dd144,acknowledgeeducation.edu.au,Educate Future Healthcare Services,,201-500,https://acknowledgeeducation.edu.au,acknowledgeeducation.edu.au,Education Administration Programs,,,"Pioneering Education since 1883, Acknowledge Education (AE) is a leading multi-sector education provider delivering ELICOS, Senior Secondary, Vocational and Higher Education courses in Health, Human Studies, Engineering Design and Construction, Tourism and Hospitality, and VCE Year 11 and 12 across Australia.

In its 140+ year history in education, the AE has seen many changes, but has always kept true to its mission and values.

Our mission: Equipping students to achieve their goals through quality education.

Stott’s Colleges, Australian Surf Industry Training School, Front Cooking School, Melbourne Language Centre, and Affectors Academy are divisions of Acknowledge Education Pty Ltd.",,,271,,,,NSW,,,C,1,0,1,Triple R NSW Campaign 3 Cold Export
702b8f2eef13e342,edweek.org,Education Week,,,https://www.edweek.org/,edweek.org,,,,,,,,,,,VIC,,,,1,0,0,Triple R VIC Campaign 3 Cold Export
40afee9e8ed9752e,effectiveplanmanagement.com.au,Effective Plan Management,,,https://effectiveplanmanagement.com.au/,effectiveplanmanagement.com.au,,,,,,,,,,,NSW,No,Yes,A,1,0,0,Triple R NSW Campaign 3 Cold Export
7abb1f72bdfcaff1,elevateyouaustralia.com.au,Elevate You Australia,,,https://www.elevateyouaustralia.com.au/,elevateyouaustralia.com.au,,,,,,,,,,,VIC,No,No,A,1,0,1,Triple R VIC Campaign 3 Cold Export
0d7232b95703318b,elixr.com.au,Elixr Health Clubs,,,https://elixr.com.au/,elixr.com.au,,,,,,,,,,,NSW,Yes,No,A,1,0,0,Triple R NSW Campaign 3 Cold Export
b36f7e1ddbdc5db4,elkahomecare.com.au,Elka Home Care,,,https://elkahomecare.com.au,elkahomecare.com.au,,,,,,,,,,,VIC,Yes,Yes,A,1,0,0,Triple R VIC Campaign 3 Cold Export
39db01f0c6e412db,embraciaagedcare.com.au,Embracia Aged Care,,,https://embraciaagedcare.com.au/,embraciaagedcare.com.au,,,,,,,,,,,VIC,,,C,1,0,1,Triple R VIC Campaign 3 Cold Export
03c975a8c0ba257d,employease.info,EmployEase,,,https://employease.info/,employease.info,,,,,,,,,,,VIC,,,,1,0,0,Triple R VIC Campaign 3 Cold Export
c31b23ae6d5d7e7b,emcinsurance.com,Employers Mutual,,,https://emcinsurance.com,emcinsurance.com,,,,,,,,,,,NSW,No,No,A,1,0,1,Triple R NSW Campaign 3 Cold Export
80b29c7c32056ea4,employers.com,Employers Mutual,,,https://www.employers.com/,employers.com,,,,,,,,,,,NSW,Unclear,No,A,1,0,0,Triple R NSW Campaign 3 Cold Export
1d1d2def8637e910,empowerabilityhub.com.au,Empower Ability Hub,,2-10,https://empowerabilityhub.com.au,empowerabilityhub.com.au,Hospitals and Health Care,,2001-01-10T00:00:00.000Z,"At Empower Ability Hub, we believe in empowering participants to live their lives on their own terms. Our mission is to provide exceptional disability services that enhance the quality of life for our participants.

Our team is committed to delivering personalised care that meets the unique needs and preferences of each individual. 

Join us at Empower Ability Hub, where your well-being is our priority, and discover the positive impact our dedicated team can have on your life.",,,5,,https://www.linkedin.com/company/empower-ability-hub/,,NSW,Yes,Yes,A,1,0,0,Triple R NSW Campaign 3 Cold Export
00ffe0e141520e6a,empoweringyousupportservices.com.au,Empowering You Support Services,,,https://empoweringyousupportservices.com.au/,empoweringyousupportservices.com.au,,,,,,,,,,,NSW,,,,1,0,0,Triple R NSW Campaign 3 Cold Export
2a8ae10daf293414,emsee.co,Emsee Health,,11-50,https://emsee.co,emsee.co,Hospitals and Health Care,,,"Emsee is Australia's largest menopause-centric healthcare provider with over 100 000 women supported since 2003.  

We are dedicated to guiding women through every stage of menopause with compassionate care, personalised treatment, and resources that empower them to take control of their health. 
 
We currently offer telehealth consultations with GP specialists, access to naturopaths, dietitians and nutritionists, and medications delivered to women's homes. 

We envision a future where no woman has to navigate menopause alone or unheard and we’re actively innovating on new products and services to achieve this.  

To find out more about Emsee, please contact our team on 1300 412 422 or visit https://emsee.co/",,,34,,,,NSW,Unclear,No,A,1,0,1,Triple R NSW Campaign 3 Cold Export
1d272a68bc41dba8,sydneyspinepain.com,Emsee Menopause Healthcare,,2-10,https://sydneyspinepain.com,sydneyspinepain.com,Medical Practices,,2001-01-10T00:00:00.000Z,At Sydney Spine & Pain we understand the issues associated with pain and how they make it hard to have a high quality of life. We work with patients to address all these problems in a comprehensive manner and to provide a range of operative and nonoperative treatments.,,,8,,https://www.linkedin.com/company/emsee-health/,,NSW,Unclear,No,A,1,0,1,Triple R NSW Campaign 3 Cold Export
c0780b4cce5a1329,encapsulator.io,Encapsulator Support,,,https://encapsulator.io/,encapsulator.io,,,,,,,,,,,NSW,No,No,A,1,0,0,Triple R NSW Campaign 3 Cold Export
4047d37b9adc2aee,enlivenhousing.com.au,Enliven Housing,,,https://enlivenhousing.com.au/,enlivenhousing.com.au,,,,,,,,,,,VIC,,,C,1,0,1,Triple R VIC Campaign 3 Cold Export
071e5ede6eeae0a6,essentialhomecaresolutions.com.au,Essential Home Care Solutions,,,https://essentialhomecaresolutions.com.au/,essentialhomecaresolutions.com.au,,,,,,,,,,,NSW,,,C,1,0,0,Triple R NSW Campaign 3 Cold Export
8b73444fcc46baa3,ecsc.org.au,Ethinic Community Services Co-operative,,,https://www.ecsc.org.au/,ecsc.org.au,,,,,,,,,,,NSW,,,,1,0,1,Triple R NSW Campaign 3 Cold Export
244da4453ae8bba3,everlab.com,Everlab,,,https://www.everlab.com/,everlab.com,,,,,,,,,,,NSW,Unclear,No,A,1,0,1,Triple R NSW Campaign 3 Cold Export
9ecdd1f0ba6bee35,evolvehousing.com.au,Evolve Housing,,51-200,https://evolvehousing.com.au,evolvehousing.com.au,Non-profit Organizations,,,"We exist to deliver housing solutions and services that empower people on their journey to greater independence.

Evolve Housing is one of the largest community housing providers in Australia. We provide housing assistance to eligible people on low incomes or who are unable to access appropriate housing in the private market. This includes social housing, affordable housing and supported housing.

We do more than simply provide accommodation. Evolve delivers support solutions that empower disadvantaged individuals to reach greater independence, and help communities thrive.",,,90,,https://www.linkedin.com/company/evolvehousing/,,NSW,Unclear,No,A,1,0,1,Triple R NSW Campaign 3 Cold Export
d845bbb9295ebf7d,exodus.org.au,Exodus Youth Worx,,11-50,https://exodus.org.au,exodus.org.au,Individual and Family Services,,2001-11-20T00:00:00.000Z,"Welcome to Exodus, a unique, grass roots Not-for-Profit organisation based in Sydney, serving the community for the last 20 years. Our mission is to offer a holistic and inclusive service that values, empowers, and supports individuals and families on their journey of growth, healing, and recovery.

We work with all demographics and from all cultures and communities, including children, young people, families, seniors, and refugees, to create a sense of community and connectedness. Our flexible approach allows us to cater to clients that would otherwise be at risk of losing hope and disengaging with life and community.

We believe that every person is unique, and we tailor our services to reflect and support their individual needs and circumstances. Ultimately, it's Christ's compassion that compels us to go the extra mile in serving anyone that walks through our door.",,,20,,https://www.linkedin.com/company/exodussydney/,,NSW,No,No,A,1,0,1,Triple R NSW Campaign 3 Cold Export
5922c862b4eb45e3,exodusyouthworx.london,Exodus Youth Worx,,,https://exodusyouthworx.london/,exodusyouthworx.london,,,,,,,,,https://www.linkedin.com/search/results/all/?keywords=Exodus+Youth+Worx,,NSW,Unclear,No,A,1,0,1,Triple R NSW Campaign 3 Cold Export
0a958b0113e6bc70,facs.com,FACS,,,https://facs.com/,facs.com,,,,,,,,,,,NSW,Unclear,No,A,1,0,0,Triple R NSW Campaign 3 Cold Export
b7d846bd6af0d338,firststepcommunityservices.com,FIRST STEP COMMUNITY SERVICES,,,https://www.firststepcommunityservices.com/,firststepcommunityservices.com,,,,,,,,,,,NSW,Unclear,No,A,1,0,0,Triple R NSW Campaign 3 Cold Export
6d3717d317338279,fvree.org.au,FVREE,,,https://fvree.org.au,fvree.org.au,,,,,,,,,,,VIC,,,,1,0,0,Triple R VIC Campaign 3 Cold Export
fb7900b1903b4a1f,myfairviewvillage.com,Fairview Village,,,https://myfairviewvillage.com/,myfairviewvillage.com,,,,,,,,,,,VIC,,,,1,0,1,Triple R VIC Campaign 3 Cold Export
58901f5f04322902,fairwayagedcare.org.au,Fairway Bayside Aged Care,,,https://fairwayagedcare.org.au/,fairwayagedcare.org.au,,,,,,,,,,,VIC,Unclear,Yes,A,1,0,1,Triple R VIC Campaign 3 Cold Export
51732c22ff4033d7,familydoctor.com.au,Family Doctor,,,https://familydoctor.com.au,familydoctor.com.au,Medical Practices,,,,,,,,,,VIC,Unclear,No,A,1,0,0,Triple R VIC Campaign 3 Cold Export
f985cae4f59be478,familydoctor.org,Family Doctor,,,https://familydoctor.org,familydoctor.org,,,,,,,,,,,VIC,,,,1,0,0,Triple R VIC Campaign 3 Cold Export
5fba9cec6922f4c1,familyspiritprogram.org,Family Spirit,,,https://familyspiritprogram.org/,familyspiritprogram.org,,,,,,,,,,,NSW,Unclear,No,A,1,0,0,Triple R NSW Campaign 3 Cold Export
6c86c0feaaca349d,fcsserves.org,Family and Community Services,,201-500,https://fcsserves.org,fcsserves.org,Government Administration,,,,,,309,,https://www.linkedin.com/search/results/all/?keywords=Family+and+Community+Services,,NSW,Unclear,No,A,1,0,1,Triple R NSW Campaign 3 Cold Export
db92fbc76f22aa19,njfamilycare.dhs.state.nj.us,Familycare,,,https://njfamilycare.dhs.state.nj.us/,njfamilycare.dhs.state.nj.us,,,,,,,,,,,VIC,No,No,A,1,0,0,Triple R VIC Campaign 3 Cold Export
6a055b036b614c75,fpagedcare.org.au,For Purpose Aged Care Australia,,,https://fpagedcare.org.au,fpagedcare.org.au,Hospitals and Health Care,,,,,,,,,,VIC,No,No,A,1,0,0,Triple R VIC Campaign 3 Cold Export
d1409d19c304ddcd,forhealth.com.au,ForHealth Group,,,https://www.forhealth.com.au/,forhealth.com.au,,,,,,,,,,,VIC,Unclear,No,A,1,0,1,Triple R VIC Campaign 3 Cold Export
8974e2c2f5cc9477,forensicare.vic.gov.au,Forensicare,,,https://www.forensicare.vic.gov.au/,forensicare.vic.gov.au,,,,,,,,,,,VIC,,,,1,0,0,Triple R VIC Campaign 3 Cold Export
ca1a3ae4203877bd,gofreeagent.com,Free Agency,,,https://www.gofreeagent.com/,gofreeagent.com,,,,,,,,,,,VIC,,,,1,0,0,Triple R VIC Campaign 3 Cold Export
2e048910a8c617d7,freelance,Freelance,,,No website found,freelance,,,,,,,,,,,VIC,,,,1,0,0,Triple R VIC Campaign 3 Cold Export
f2ce480e13f72185,froggie.co.za,Froggie Support Services,,,https://www.froggie.co.za/,froggie.co.za,,,,,,,,,,,VIC,,,,1,0,1,Triple R VIC Campaign 3 Cold Export
e1f644e19c016e21,fusion.org.au,Fusion Australia,,,https://fusion.org.au/,fusion.org.au,,,,,,,,,,,VIC,No,No,A,1,0,1,Triple R VIC Campaign 3 Cold Export
16475d5aef0c7558,gallawah.com.au,GALLAWAH Pty Ltd Disability Support Services,,,https://gallawah.com.au/,gallawah.com.au,,,,,,,,,,,VIC,Yes,No,A,1,0,0,Triple R VIC Campaign 3 Cold Export
636122eb5d945ad1,gmct.com.au,GMCT NSW Australia,,,https://www.gmct.com.au/,gmct.com.au,,,,,,,,,,,NSW,Yes,Yes,A,1,0,0,Triple R NSW Campaign 3 Cold Export
c904a56e281ff58d,familycare.net.au,GOULBURN VALLEY FAMILY CARE,,,https://familycare.net.au,familycare.net.au,,,,,,,,,,,VIC,No,Yes,A,1,0,0,Triple R VIC Campaign 3 Cold Export
dd03ba8c6ab7d068,gallagher.com,Gallagher,,,https://www.gallagher.com,gallagher.com,,,,,,,,,,,NSW,Yes,Yes,A,1,0,0,Triple R NSW Campaign 3 Cold Export
3b4948ad8a7c4d88,georgeson.com,Georgeson Shareholder Securities,,,https://www.georgeson.com/us,georgeson.com,,,,,,,,,,,VIC,,,,1,0,0,Triple R VIC Campaign 3 Cold Export
7d25fc6fb6450c93,gms.org.au,Gippsland Multicultural Services,,,https://www.gms.org.au/,gms.org.au,,,,,,,,,,,VIC,Yes,Yes,A,1,0,1,Triple R VIC Campaign 3 Cold Export
4c3c15209c266ef5,gphn.org.au,Gippsland Primary Health Network,,,https://gphn.org.au/,gphn.org.au,,,,,,,,,,,VIC,Yes,No,A,1,0,0,Triple R VIC Campaign 3 Cold Export
cb55368c44bbe311,goldstarcaresolutions.com.au,Goldstar Care Solutions,,,https://www.goldstarcaresolutions.com.au/,goldstarcaresolutions.com.au,,,,,,,,,,,VIC,Yes,No,A,1,0,0,Triple R VIC Campaign 3 Cold Export
1ec19e1b3b4bbc54,goodshep.org.au,Good Shepherd Australia New Zealand,,,https://goodshep.org.au/,goodshep.org.au,,,,,,,,,,,NSW,Yes,No,A,1,0,0,Triple R NSW Campaign 3 Cold Export
2117b3189ed2e55c,goodshepherds.org,Good Shepherd Services,,,https://goodshepherds.org/,goodshepherds.org,,,,,,,,,,,VIC,No,No,A,1,0,0,Triple R VIC Campaign 3 Cold Export
3b96af8fa0fc88c9,greatcareny.com,Great Care,,,https://www.greatcareny.com/,greatcareny.com,,,,,,,,,,,VIC,Unclear,No,A,1,0,0,Triple R VIC Campaign 3 Cold Export
97991db5920d18a0,greatcareprovider.com,Great Care,,,https://greatcareprovider.com/,greatcareprovider.com,,,,,,,,,,,VIC,Yes,No,A,1,0,0,Triple R VIC Campaign 3 Cold Export
1d72ef2785337e85,glapd.org.au,Great Lakes Agency for Peace and Development GLAPD,,,https://www.glapd.org.au/,glapd.org.au,,,,,,,,,,,NSW,Yes,No,A,1,0,0,Triple R NSW Campaign 3 Cold Export
0aa7307d731ee754,thegreatcarecompany.com,Great care,,,https://thegreatcarecompany.com/,thegreatcarecompany.com,,,,,,,,,,,VIC,Yes,Yes,A,1,0,1,Triple R VIC Campaign 3 Cold Export
cc1eff71bd671b33,thefirstaidcoursesydney.com.au,Greater Sydney First Aid Training,,,https://thefirstaidcoursesydney.com.au/,thefirstaidcoursesydney.com.au,,,,,,,,,,,NSW,,,,1,0,0,Triple R NSW Campaign 3 Cold Export
5e2860bd50019516,greenstaffhomecare.com.au,Greenstaff Australia HomeCare,,,https://www.greenstaffhomecare.com.au/,greenstaffhomecare.com.au,,,,,,,,,,,VIC,Yes,Yes,A,1,0,0,Triple R VIC Campaign 3 Cold Export
b6922ef9129937cf,guthriehouse.com,Guthrie House,,,https://guthriehouse.com/,guthriehouse.com,,,,,,,,,https://www.linkedin.com/search/results/all/?keywords=Guthrie+House,,NSW,No,No,A,1,0,0,Triple R NSW Campaign 3 Cold Export
75021c3ff571ae32,holyfamilyservices.com.au,HOLY FAMILY SERVICES,,51-200,https://holyfamilyservices.com.au,holyfamilyservices.com.au,Hospitals and Health Care,,,"Holy Family Services, located in Marayong, west of sydney, is a community organisation offering aged care, child care, and retirement villages.",,,55,,https://www.linkedin.com/company/holy-family-services/,,NSW,Unclear,No,A,1,0,1,Triple R NSW Campaign 3 Cold Export
820e13acde1f98ad,hwnsfusa.weebly.com,HOUSE WITH NO STEPS FOUNDATION USA,,,https://hwnsfusa.weebly.com/,hwnsfusa.weebly.com,,,,,,,,,,,NSW,Yes,No,A,1,0,0,Triple R NSW Campaign 3 Cold Export
c3abb8da3316c6ac,hpca.uk,HPCA,,51-200,https://hpca.uk/,hpca.uk,Hospitals and Health Care,,,"The Health Professional Councils Authority (HPCA) supports the 14 health professional councils in NSW. Together we protect the public by regulating health practitioners in NSW.

We work with the NSW Health Care Complaints Commission, in a partnership called co-regulation to manage complaints about health practitioners and students  in NSW. 

Our work is governed by the Health Practitioner Regulation National Law (NSW) and the Health Practitioner Regulation (New South Wales) Regulation 2016.",,,163,,https://www.linkedin.com/company/health-professional-councils-authority/,,NSW,,,C,1,0,1,Triple R NSW Campaign 3 Cold Export
e1475aa8833d06d8,hqcfamilyservices.com.au,HQC Family Services,,,https://hqcfamilyservices.com.au/,hqcfamilyservices.com.au,,,,,,,,,,,VIC,,,,1,0,0,Triple R VIC Campaign 3 Cold Export
90fe76df85d20a59,handsandfeet.com,Hands and Feet,,,https://www.handsandfeet.com/,handsandfeet.com,,,,,,,,,,,NSW,,,B,1,0,0,Triple R NSW Campaign 3 Cold Export
080e7fe4b4fa947e,hanovernh.org,Hanover Welfare Services,,,https://hanovernh.org,hanovernh.org,,,,,,,,,,,VIC,,,,1,0,0,Triple R VIC Campaign 3 Cold Export
28dd81cf8f7b9a39,harbison.org.au,Harbison,,,No website found,harbison.org.au,,,,,,,,,,,NSW,Yes,Yes,A,1,0,0,Triple R NSW Campaign 3 Cold Export
88eba6d21cbea792,havenhomesafe.org.au,Haven Home Safe,,,https://havenhomesafe.org.au/,havenhomesafe.org.au,,,,,,,,,,,VIC,Yes,No,A,1,0,0,Triple R VIC Campaign 3 Cold Export
3778bfe7fa02b3e8,haydenbutlerfoundation.com.au,Hayden Butler Foundation You Have A Choice,,,https://www.haydenbutlerfoundation.com.au/,haydenbutlerfoundation.com.au,,,,,,,,,,,VIC,,,,1,0,0,Triple R VIC Campaign 3 Cold Export
2af65f84a904ed64,hazelhomecare.com.au,Hazel Home Care,,,https://hazelhomecare.com.au/,hazelhomecare.com.au,,,,,,,,,,,VIC,Yes,Yes,A,1,0,1,Triple R VIC Campaign 3 Cold Export
6bc737ecc432b856,healingmindspsychology.com.au,Healing Minds Psychology,,,https://www.healingmindspsychology.com.au/,healingmindspsychology.com.au,,,,,,,,,,,VIC,No,No,A,1,0,1,Triple R VIC Campaign 3 Cold Export
602ba60a68dea31e,healthshare.nsw.gov.au,HealthShare NSW,,1001-5000,https://healthshare.nsw.gov.au,healthshare.nsw.gov.au,Hospitals and Health Care,,,"We support the NSW Health system to focus on what matters most – delivering exceptional care to patients. 

As the largest government shared services organisation in Australia, we are uniquely positioned to meet the needs of healthcare organisations across New South Wales, providing a range of support services to enrich the experience of patients, health staff and the communities we serve.

Over 10,000 of our dedicated employees play a vital role in making this possible. Through their efforts, we positively impact the lives of health workers and patients every day by providing the essential services that keep our public hospitals and health facilities operating. 

From preparing nutritious hospital meals and providing clean, fresh linen, to ensuring sterile cleaning in hospitals and ambulances, we take care of the necessities. We also support people living with disability or illness through medial aids and equipment, and provide safe, caring patient transport. Behind the scenes, we manage supply chain and procurement, along with financial, payroll and operational support services.",,,1687,,https://www.linkedin.com/company/healthsharensw/,,NSW,Yes,No,A,1,0,1,Triple R NSW Campaign 3 Cold Export
a652f1b1e979fc6e,healthcall.com,Healthcall,,,https://www.healthcall.com/,healthcall.com,,,,,,,,,,,NSW,Unclear,Yes,A,1,0,0,Triple R NSW Campaign 3 Cold Export
ab749999fda3715f,healthcarerequest.com.au,Healthcare Request,,2-10,https://healthcarerequest.com.au,healthcarerequest.com.au,Home Health Care Services,,2001-01-10T00:00:00.000Z,"Healthcare Request provides stable access to a range of qualified and highly trained support workers.

Offering a 365 day, 24/7 service, we are able to work closely with your management and operation teams to provide comprehensive, flexible and on-demand support staff and accommodation solutions, as and when needed; allowing you to ensure you meet the needs of your clients.",,,9,,,,NSW,Unclear,Yes,A,1,0,1,Triple R NSW Campaign 3 Cold Export
3fb29610173bd668,healthecare.com.au,Healthe Care Australia,,,https://www.healthecare.com.au/,healthecare.com.au,,,,,,,,,,,VIC,,,,1,0,0,Triple R VIC Campaign 3 Cold Export
f8d585e82740c577,hearthaustralia.com.au,Hearth Support Services,,,https://www.hearthaustralia.com.au/,hearthaustralia.com.au,,,,,,,,,,,VIC,Yes,No,A,1,0,0,Triple R VIC Campaign 3 Cold Export
547fbb745576dc97,helpathandsupport.com.au,Help at Hand Support Services,,,https://helpathandsupport.com.au/,helpathandsupport.com.au,,,,,,,,,,,VIC,Yes,Yes,A,1,0,0,Triple R VIC Campaign 3 Cold Export
06435fa58e5bbbe8,aeralife.com.au,Heritage Care,,51-200,https://aeralife.com.au,aeralife.com.au,Hospitals and Health Care,,,"Aeralife, proudly Australian and independently owned, has over 20 years’ experience in providing premium residential aged care. Each of our homes across Victoria and New South Wales are a shining example of our innovative, holistic approach to aged care. Our highly experienced teams possess passion and empathy in equal measure. We empower them to forge deep connections with residents, ensuring a more meaningful approach to caregiving.
Our mission is simple: to enable a safe and nurturing community that delights our diverse residents, families and staff.
Aeralife. A new era of care.",,,193,,https://www.linkedin.com/company/aeralife/,,NSW,Yes,No,A,1,0,1,Triple R NSW Campaign 3 Cold Export
aa1c97f0ec72f449,hhacademy.vic.edu.au,Hester Hornbrook Academy,,,https://www.hhacademy.vic.edu.au/,hhacademy.vic.edu.au,,,,,,,,,,,VIC,No,No,A,1,0,1,Triple R VIC Campaign 3 Cold Export
e9de2a30540b0312,heywoodruralhealth.vic.gov.au,Heywood Rural Health,,,https://heywoodruralhealth.vic.gov.au/,heywoodruralhealth.vic.gov.au,,,,,,,,,,,VIC,,,,1,0,0,Triple R VIC Campaign 3 Cold Export
e4a1311cf4a409ef,hifive.net.au,Hi Five Community Services,,,https://hifive.net.au/,hifive.net.au,,,,,,,,,,,VIC,Yes,Yes,A,1,0,0,Triple R VIC Campaign 3 Cold Export
7a1900d2369cea9d,hicomcare.com.au,HiCom Care,,,https://hicomcare.com.au/,hicomcare.com.au,,,,,,,,,,,VIC,,,,1,0,0,Triple R VIC Campaign 3 Cold Export
db1f442852bfd37d,hillsidefigtree.com.au,Hillside at figtree,,11-50,https://hillsidefigtree.com.au,hillsidefigtree.com.au,Hospitals and Health Care,,2001-11-20T00:00:00.000Z,,,,13,,https://www.linkedin.com/company/hillside-at-figtree/,,NSW,Yes,No,A,1,0,0,Triple R NSW Campaign 3 Cold Export
9b470f5b17d375d3,hirondelleprivate.com.au,Hirondelle Private Hospital,,11-50,https://hirondelleprivate.com.au,hirondelleprivate.com.au,Mental Health Care,,,"Through a partnership which draws on the clinical excellence and hospital operating expertise of Aurora Healthcare, and the health innovation of Amplar Health, iMH hospitals offer accessible private mental health services with flexible care pathways.

Opening in 2024.",,,32,,https://www.linkedin.com/company/hirondelle-private-hospital/,,NSW,Unclear,No,A,1,0,1,Triple R NSW Campaign 3 Cold Export
93f4925fd06559be,holisticcasemanagement.com,Holistic Case Management,,,https://www.holisticcasemanagement.com/,holisticcasemanagement.com,,,,,,,,,,,VIC,Yes,No,A,1,0,0,Triple R VIC Campaign 3 Cold Export
07a49a6a3f956c88,holstephealth.org.au,Holstep Health,,,https://www.holstephealth.org.au/,holstephealth.org.au,,,,,,,,,,,VIC,Yes,No,A,1,0,0,Triple R VIC Campaign 3 Cold Export
1b16690ca7548fc3,homecareassistancesydneyeast.com.au,Home Care Assistance Sydney City and East,,,https://www.homecareassistancesydneyeast.com.au/,homecareassistancesydneyeast.com.au,,,,,,,,,https://www.linkedin.com/search/results/all/?keywords=Home+Care+Assistance+Sydney+City+and+East,,NSW,Yes,No,A,1,0,1,Triple R NSW Campaign 3 Cold Export
3f492bbc8921fe55,homecaringsanantonio.com,Home Caring,,,https://homecaringsanantonio.com/,homecaringsanantonio.com,,,,,,,,,,,NSW,Unclear,No,A,1,0,0,Triple R NSW Campaign 3 Cold Export
84818c1e1e7697af,medicaid.gov,Home and community care,,,https://www.medicaid.gov/medicaid/home-community-based-services,medicaid.gov,,,,,,,,,,,NSW,Unclear,Yes,A,1,0,1,Triple R NSW Campaign 3 Cold Export
fed030f6b9a8eefd,homemadeindia.com,HomeMade,,,https://homemadeindia.com/,homemadeindia.com,,,,,,,,,,,VIC,No,No,A,1,0,0,Triple R VIC Campaign 3 Cold Export
1019fe4c52f7d6e4,homecare.com,Homecare,,,https://homecare.com,homecare.com,,,,,,,,,,,VIC,Unclear,Yes,A,1,0,0,Triple R VIC Campaign 3 Cold Export
f075561a249c9244,homewoodlivingministries.com,Homewood Care Services,,,https://homewoodlivingministries.com/,homewoodlivingministries.com,,,,,,,,,,,NSW,Yes,Yes,A,1,0,1,Triple R NSW Campaign 3 Cold Export
0de5ba0d18a261b0,tafensw.edu.au,Hope Care Services,,10001+,https://tafensw.edu.au,tafensw.edu.au,Education Administration Programs,,,"TAFE NSW is one of Australia's leading vocational education and training provider with over 100 years of experience. It caters for students at the local level, the national level and the international level. 
TAFE NSW has over 130 locations across the state. Through a series of forums, TAFE NSW works hard to ensure that it is meeting the expectations of the community and the industry in each local area.
RTO: 90003",,,13071,,https://www.linkedin.com/school/tafe-nsw/,,NSW,Yes,No,A,1,0,1,Triple R NSW Campaign 3 Cold Export
d99eaae985f63545,hopemed.ca,Hope Medical Centre,,,https://hopemed.ca,hopemed.ca,,,,,,,,,,,NSW,,,,1,0,0,Triple R NSW Campaign 3 Cold Export
5d1fefef75e433e5,tkcc.org.au,Hospitality Industry Insurance,,51-200,https://tkcc.org.au,tkcc.org.au,Hospitals and Health Care,,,,,,58,,,,NSW,Unclear,No,A,1,0,1,Triple R NSW Campaign 3 Cold Export
483056fc8aefd1f5,houseofsakinah.org.au,House of Sakinah,,,https://www.houseofsakinah.org.au/,houseofsakinah.org.au,,,,,,,,,https://www.linkedin.com/search/results/all/?keywords=House+of+Sakinah%2C+Women+Support+Centre,,NSW,,,B,1,0,1,Triple R NSW Campaign 3 Cold Export
5bbcd354f90d666e,co.burlington.nj.us,Housing Hub,,,https://www.co.burlington.nj.us/1847/Housing-Hub,co.burlington.nj.us,,,,,,,,,,,VIC,,,,1,0,0,Triple R VIC Campaign 3 Cold Export
899d046e5b8acb83,oldertenants.org.au,Housing for the Aged Action Group,,,https://www.oldertenants.org.au,oldertenants.org.au,,,,,,,,,,,VIC,,,,1,0,0,Triple R VIC Campaign 3 Cold Export
ca7d6c3e723934d8,philanthropies.churchofjesuschrist.org,Humanitarian services,,,https://philanthropies.churchofjesuschrist.org/humanitarian-services/,philanthropies.churchofjesuschrist.org,,,,,,,,,,,VIC,Unclear,Yes,A,1,0,0,Triple R VIC Campaign 3 Cold Export
d5dfb007e034826d,hnehealth.nsw.gov.au,Hunter New England Local Health District,,,https://www.hnehealth.nsw.gov.au/,hnehealth.nsw.gov.au,,,,,,,,,,,NSW,,,,1,0,0,Triple R NSW Campaign 3 Cold Export
118c69cc43abcb73,sydneycs.org,Hunters Hill Ryde Community Services,,11-50,https://sydneycs.org,sydneycs.org,Civic and Social Organizations,,,"Sydney Community Services was established on 01 July 2017 – however our history runs deep in the Community. Sydney Community Services was formed from a merger between Lane Cove and North Side Community Services (LCNSCS) and Hunters Hill Ryde Community Services (HHRCS).

Sydney Community Services aims to enhance the quality of life of all people living in the community, wherever they are on life's journey, by providing a range of health and community services, . 

Our aim is to enhance community participation, boost health and wellbeing, develop life skills and enable independence for people from all walks of life. 

We provide support in a trustworthy, safe, enjoyable, and inclusive way.",,,30,,https://www.linkedin.com/company/sydney-community-services/,,NSW,Yes,No,A,1,0,1,Triple R NSW Campaign 3 Cold Export
e74660879cd3f404,ibiscare.com.au,IBIS Care,,,https://www.ibiscare.com.au/,ibiscare.com.au,,,,,,,,,https://www.linkedin.com/company/ibis-care/,,NSW,No,Yes,A,1,0,1,Triple R NSW Campaign 3 Cold Export
bdb6ecc528f1fb8c,ipchealth.com.au,IPC Health,,,https://www.ipchealth.com.au/,ipchealth.com.au,,,,,,,,,,,VIC,Yes,Yes,A,1,0,0,Triple R VIC Campaign 3 Cold Export
bc4059340e6e563e,inlife.org.au,InLife Independent Living,,,https://www.inlife.org.au,inlife.org.au,,,,,,,,,,,VIC,Yes,Yes,A,1,0,0,Triple R VIC Campaign 3 Cold Export
8b6290de3df850c1,inala.com,Inala,,,https://www.inala.com/,inala.com,,,,,,,,,,,NSW,Yes,No,A,1,0,0,Triple R NSW Campaign 3 Cold Export
0497e69147fade9c,infinitycare.com.au,Infinity Care,,51-200,https://infinitycare.com.au,infinitycare.com.au,Home Health Care Services,,,"Infinity Care is one of the fastest growing registered NDIS provider serving communities throughout greater Sydney Area. We are  dedicated to providing a level of care that you would receive from a family member or a close friend. 

Our support workers are passionate about their work and share our values of integrity, compassion and positivity. 

Our aim is to involve support worker & the participant along with their family before the service agreement is signed. This will enable the support to make sure the participant’s goals are aligned & understood.

To learn more about our services please visit our website or give us a call to speak with our friendly team members.

(02)80334582
Level 2, 684 Princess Highway
Kogarah NSW 2217
www.infinitycare.com.au",,,77,,https://www.linkedin.com/company/infinitycare/,,NSW,Unclear,No,A,1,0,1,Triple R NSW Campaign 3 Cold Export
b6bfb95d1da4f856,hybridphysio.com.au,Inner West Chiropractic,,2-10,https://hybridphysio.com.au,hybridphysio.com.au,Hospitals and Health Care,,2001-01-10T00:00:00.000Z,"At Hybrid Physiotherapy, we provide 'patient-centred care' where clients are empowered to understand their condition and are given an individualised program on how to achieve the best outcomes.",,,6,,https://www.linkedin.com/company/emlgroup/,,NSW,,,C,1,0,0,Triple R NSW Campaign 3 Cold Export
a3032057fb2ba5dd,cclo.com.au,Intentional Connections,,11-50,https://cclo.com.au,cclo.com.au,Non-profit Organizations,,2001-11-20T00:00:00.000Z,"Formerly known as 'Central Coast Living Options', CCLO Living is proud to be a registered NDIS Provider, assisting individuals and families living with disability through our supported accommodation, community participation, and support coordination services.",,,18,,https://www.linkedin.com/company/intentionalconnections1/,,NSW,,,B,1,0,1,Triple R NSW Campaign 3 Cold Export
97bed3782f535981,intercountryadoptioninformationsupport,Intercountry Adoption Information and Support Service,,,No website found,intercountryadoptioninformationsupport,,,,,,,,,https://www.linkedin.com/search/results/all/?keywords=NSW+Health,,NSW,Unclear,Yes,A,1,0,1,Triple R NSW Campaign 3 Cold Export
5773257c1bdee50b,intereach.com.au,Intereach,,,https://www.intereach.com.au/,intereach.com.au,,,,,,,,,,,VIC,Unclear,Yes,A,1,0,0,Triple R VIC Campaign 3 Cold Export
140e9f22f7076365,isomer.com.au,Isomer Retirement Home,,,https://isomer.com.au/,isomer.com.au,,,,,,,,,,,VIC,,,,1,0,0,Triple R VIC Campaign 3 Cold Export
67df2233661a9f8a,jacobturl.bandcamp.com,Jacob Turl Band,,,https://jacobturl.bandcamp.com/,jacobturl.bandcamp.com,,,,,,,,,,,NSW,,,,1,0,0,Triple R NSW Campaign 3 Cold Export
1bfae28348880e49,jacobs.com,Jacobs,,,https://www.jacobs.com/,jacobs.com,,,,,,,,,,,VIC,,,,1,0,0,Triple R VIC Campaign 3 Cold Export
af2deeb669975ec9,jaeman.com.au,JaeMan Support,,,https://www.jaeman.com.au/,jaeman.com.au,,,,,,,,,https://www.linkedin.com/search/results/all/?keywords=JaeMan+Support+,,NSW,,,B,1,0,1,Triple R NSW Campaign 3 Cold Export
a20fc4029b860616,jcpsychology.com,JcPsychology,,,https://www.jcpsychology.com/,jcpsychology.com,,,,,,,,,https://www.linkedin.com/search/results/all/?keywords=JcPsychology,,NSW,Unclear,No,A,1,0,0,Triple R NSW Campaign 3 Cold Export
4d7fd468a1b2a8a6,jerichoroad.org.au,Jericho Road,,11-50,https://jerichoroad.org.au,jerichoroad.org.au,Religious Institutions,,2001-11-20T00:00:00.000Z,"Jericho Road works with and for the Presbyterian Church in NSW and the ACT to demonstrate the character of God by providing fresh hope and care for those who are in need, in a way that seeks justice, shows mercy, and makes Jesus known.",,,15,,https://www.linkedin.com/company/westmead-hospital/,,NSW,Yes,No,A,1,0,0,Triple R NSW Campaign 3 Cold Export
24370f4de7d8e17e,jewishhouse.org.au,Jewish House,,,https://www.jewishhouse.org.au/,jewishhouse.org.au,,,,,,,,,,,VIC,Yes,No,A,1,0,0,Triple R VIC Campaign 3 Cold Export
9b7b1f878e424ff5,jewishcare.org.au,JewishCare,,201-500,https://jewishcare.org.au,jewishcare.org.au,Government Administration,,,"Jewish Care Victoria is a highly-regarded not-for-profit organisation and a leader in the delivery of aged care, disability and community support services. 

In 1848, visionaries in our community established the foundations of Jewish Care with the establishment of the Melbourne Jewish Philanthropic Society to provide assistance to those in need. 

In 2018, Jewish Care celebrated its 170th anniversary and continues to touch more than 6,000 lives each year, helping individuals and families in the Victorian Jewish community receive the support they need to meet their challenges. 

We deliver high-quality residential aged care and in-home services to elders and people with a disability – underpinned by Jewish values. 

Community support services include:
- a dedicated COVID-19 helpline
- financial assistance
- youth mentoring
- disability services 
- mental health
- family violence and parenting support programs
- housing support 
- access to social workers
- an employment service and 
- holocaust survivor support programs.

Jewish Care is an equal opportunity employer and Rainbow Tick accredited organisation – proudly celebrating and warmly welcoming the rich diversity of our community as we strive to be inclusive for all.",,,284,,https://www.linkedin.com/company/jewishcare/,,NSW,Unclear,Yes,A,1,0,0,Triple R NSW Campaign 3 Cold Export
c2c4c569427deb6c,jobfit.com.au,Jobfit Health Group,,,https://www.jobfit.com.au/,jobfit.com.au,,,,,,,,,,,VIC,,,,1,0,0,Triple R VIC Campaign 3 Cold Export
6dd4a16debf8b040,jollycare.com.au,Jolly Care Services,,,https://jollycare.com.au/,jollycare.com.au,,,,,,,,,https://www.linkedin.com/search/results/all/?keywords=Jolly+Care+Services,,NSW,Yes,No,A,1,0,1,Triple R NSW Campaign 3 Cold Export
915fa4374b78e8b4,jhfunerals.com.au,Jonathan Hepner funerals,,,https://jhfunerals.com.au/,jhfunerals.com.au,,,,,,,,,,,VIC,,,,1,0,0,Triple R VIC Campaign 3 Cold Export
88d4e8ff85ef3fb5,joyoflivingcareservices.com,Joy of Living Care Services,,,https://www.joyoflivingcareservices.com,joyoflivingcareservices.com,,,,,,,,,,,VIC,No,No,A,1,0,0,Triple R VIC Campaign 3 Cold Export
b66465f828ea3817,karyshealth.net.au,KARYS HEALTH,,,https://karyshealth.net.au,karyshealth.net.au,,,,,,,,,,,VIC,,,,1,0,0,Triple R VIC Campaign 3 Cold Export
ada17fbb1a09eeb9,kopwa.org,KOPWA,,11-50,https://kopwa.org,kopwa.org,Non-profit Organizations,,,"KOPWA LIMITED is a Residential Aged Care and Homecare Provider located in 12-16 TRAFALGAR AVE, ROSEVILLE, New South Wales, Australia.",,,42,,https://www.linkedin.com/company/kopwa-limited/,,NSW,Unclear,No,A,1,0,1,Triple R NSW Campaign 3 Cold Export
9cc154c7ad3e2c97,kpmg.com.au,KPMG Australia,,5001-10000,https://kpmg.com.au,kpmg.com.au,Business Consulting and Services,,,"Welcome to KPMG. We are a global network of professional firms providing a full range of services to organisations across a wide range of industries, government, and not-for-profit sectors.

Our service areas are Audit, Assurance & Risk Consulting; Deals, Tax & Legal; Management Consulting; and Innovation & Digital Solutions. In addition, KPMG Enterprise tailors its services to meet the unique needs of mid-sized, fast growing and family owned businesses.

In Australia, KPMG has a long tradition of professionalism and integrity, combined with our dynamic approach to advising clients in a digital-driven world. We have approximately 10,000 people, including more than 600 partners, with offices around the country.

Our deep expertise has seen us work with renowned companies to help them solve complex challenges, steer change, disrupt sectors and grow. Collaboration and innovation are ingrained in our approach, with our people aiming to provide genuine, sustainable value for our clients.

Connect with us on:

Instagram: https://www.instagram.com/kpmgaustralia
YouTube: https://www.youtube.com/user/kpmgaustralia
Twitter: @kpmgaustralia",,,8981,,https://www.linkedin.com/company/kpmg-australia/,,NSW,Unclear,Yes,A,1,0,0,Triple R NSW Campaign 3 Cold Export
ce429fb5d5bc5cb5,kamira.com.au,Kamira Alcohol and Other Drug Treatment Services,,11-50,https://kamira.com.au,kamira.com.au,Hospitals and Health Care,,2001-11-20T00:00:00.000Z,"Kamira is a specialist residential AOD treatment service for women.

Kamira provides an abstinence based treatment service for women who are experiencing problematic alcohol or drug use. 
The residential program ranges from 5 to 7 months. 
Women, 18 years and older, with dependent children, pregnant women and women without children in their care can seek treatment at Kamira.
 
Kamira has a multifactor, person centered approach to understanding and treating problematic drug and alcohol use.",,,12,,https://www.linkedin.com/company/kamira-alcohol-and-other-drug-treatment-services-inc/,,NSW,Unclear,No,A,1,0,1,Triple R NSW Campaign 3 Cold Export
d62d2037200b84ae,karabi.org.au,Karabi Community & Development Services,,11-50,https://karabi.org.au,karabi.org.au,Non-profit Organizations,,2001-11-20T00:00:00.000Z,"Karabi Community & Development Services Inc. is an organisation which began in 1987 as a small not-for-profit community organisation. Before 1987 it was known as Toongabbie Community Services. Through commitment and support of local community members and a small team of workers, the service expanded to develop into a key organisation delivering services, activities and events through our three Neighbourhood Centres located in Constitution Hill, Seven Hills and Wentworthville covering the local government areas of Blacktown, Cumberland and Parramatta.",,,17,,https://www.linkedin.com/company/karabi-community-development-services/,,NSW,Unclear,No,A,1,0,1,Triple R NSW Campaign 3 Cold Export
eb6f203b3d1b1ab6,kareone.com.au,Kare ONE,,,https://kareone.com.au,kareone.com.au,Hospitals and Health Care,,2001-11-20T12:00:00.000Z,,,,,,,,VIC,Yes,No,A,1,0,0,Triple R VIC Campaign 3 Cold Export
ffd144ec00da7c23,karitane.com.au,Karitane,,51-200,https://karitane.com.au,karitane.com.au,Non-profit Organizations,,,"Karitane have been leaders in parenting services since 1923. 

Our highly trained, professional multidisciplinary team offer evidenced based services and programs to support, inform and educate families throughout their parenting journey. We offer advice and support in sleep and settling, toddler behaviour, establishing routines, feeding and nutrition and perinatal mood disorders. We operate in NSW through a range of in-centre care facilities in Carramar, Camden, Liverpool and Randwick as well as providing community services across the state.

Karitane continues to lead the development of the child and family health and the perinatal mental health workforce offering professional development to healthcare professionals including; nurses, psychologists, nannies, childcare workers and others across Australia. Our leadership in education also includes the delivery of parent-child interaction therapy training (PCIT), family partnership training, toddler workshops, and specialised, tailored workshops on sleep and settling, brain development and toddlers. 

We are a registered charity supported by the NSW Ministry of Health and the Department of Family & Community Services. In addition to our government funding, much of our work is undertaken thanks to donations from individuals and companies.",,,120,,https://www.linkedin.com/company/karitane/,,NSW,Unclear,No,A,1,0,0,Triple R NSW Campaign 3 Cold Export
317fd1029eacb345,adfnsw.org.au,Kathleen York House,,11-50,https://adfnsw.org.au,adfnsw.org.au,Non-profit Organizations,,2001-11-20T00:00:00.000Z,,,,12,,https://www.linkedin.com/company/kathleen-york-house/,,NSW,No,No,A,1,0,1,Triple R NSW Campaign 3 Cold Export
a6b03780147854e0,kyh.org.au,Kathleen York House,,,https://kyh.org.au/,kyh.org.au,,,,,,,,,,,NSW,,,,1,0,0,Triple R NSW Campaign 3 Cold Export
e263fc5fa16a66de,kathmandu.co.nz,Kathmandu,,,https://www.kathmandu.co.nz,kathmandu.co.nz,,,,,,,,,,,VIC,,,,1,0,1,Triple R VIC Campaign 3 Cold Export
57ac3596dbf5940f,kemprecruitment.com,Kemp Recruitment,,,https://www.kemprecruitment.com/,kemprecruitment.com,,,,,,,,,,,VIC,,,,1,0,0,Triple R VIC Campaign 3 Cold Export
a6c53ffc0b47fafa,kidsfirstaustralia.org.au,Kids First Australia,,,https://www.kidsfirstaustralia.org.au/,kidsfirstaustralia.org.au,,,,,,,,,,,VIC,Yes,No,A,1,0,0,Triple R VIC Campaign 3 Cold Export
772469857a68f1e4,kidsplus.org.au,Kids Plus Foundation,,,https://kidsplus.org.au/,kidsplus.org.au,,,,,,,,,,,VIC,,,,1,0,1,Triple R VIC Campaign 3 Cold Export
0bc07eccbc20d87a,killarafoundation.org,Killara Foundation,,,https://www.killarafoundation.org/,killarafoundation.org,,,,,,,,,,,VIC,,,,1,0,0,Triple R VIC Campaign 3 Cold Export
9611019fceeac89e,kin-care.net,KinCare,,,https://www.kin-care.net/,kin-care.net,,,,,,,,,,,NSW,Yes,Yes,A,1,0,1,Triple R NSW Campaign 3 Cold Export
13730882373d1f0b,kinchelaboyshome.org.au,Kinchela Boys Home Aboriginal Corporation KBHAC,,11-50,https://kinchelaboyshome.org.au,kinchelaboyshome.org.au,Non-profit Organizations,,2001-11-20T00:00:00.000Z,"Kinchela Boys Home Aboriginal Corporation (KBHAC) is a not-for-profit Aboriginal community-controlled organisation established to help restore and reconstruct the identity, dignity and integrity of Aboriginal men who were forcibly removed from their families and put into the Kinchela Boys Home (KBH). The organisation seeks to address the trauma and multigenerational trauma that adversely impacts on the lives of these men, their families and descendants.
KBHAC was established in 2002 by survivors of the Kinchela Boys Home (KBH), a ‘home’ run by the NSW Government from 1924–1970 to house Aboriginal boys who were forcibly removed from their families under the policies that created the Stolen Generation. KBHAC has developed a unique survivor-led approach to its governance and healing described as: Survivor led – an approach to organisational governance and practice built on and informed  by the guidance and unique insights offered by survivors and which, contributes to the social and emotional wellbeing of survivors, their communities, and cultures. The KBH survivors and KBHAC own  their stories and healing, leading from a place  of self-determination.
KBHAC’s vision is to improve the social, emotional, cultural and spiritual wellbeing of the KBH survivors and their families in a meaningful way. This takes a strength-based focus on persistent grief, trauma and intergenerational trauma as experienced by each KBH survivor and his family. KBHAC is committed to empowering, positive, healthy  survivor-led models that enable greater social inclusion  in community life. These models address the rebuilding  and strengthening of identity and family structures.",,,12,,https://www.linkedin.com/company/kinchela-boys-home-aboriginal-corporation-kbhac/,,NSW,,,B,1,0,1,Triple R NSW Campaign 3 Cold Export
cc24a14aa6b80173,koaladisabilitycare.com.au,Koala Disability Care,,,https://koaladisabilitycare.com.au,koaladisabilitycare.com.au,,,,,,,,,,,VIC,,,B,1,0,0,Triple R VIC Campaign 3 Cold Export
5ba032c9506ec463,kyhealth.org.au,Kyabram District Health Service,,,https://www.kyhealth.org.au/,kyhealth.org.au,,,,,,,,,,,VIC,Yes,No,A,1,0,1,Triple R VIC Campaign 3 Cold Export
d3798345eef1ced1,lah-official.com,LAH,,,https://lah-official.com/,lah-official.com,,,,,,,,,https://www.linkedin.com/search/results/all/?keywords=LAH,,NSW,Unclear,Yes,A,1,0,1,Triple R NSW Campaign 3 Cold Export
b41562955f599e5d,lcmpartners.eu,LCM,,,https://lcmpartners.eu/,lcmpartners.eu,,,,,,,,,,,NSW,Yes,No,A,1,0,0,Triple R NSW Campaign 3 Cold Export
172a15cc563b0341,lashesbysallyd,Lashes By Sally D,,,No website found,lashesbysallyd,,,,,,,,,https://www.linkedin.com/company/emlpayments/,,NSW,,,C,1,0,0,Triple R NSW Campaign 3 Cold Export
b6fc75aac50fa4f7,lchs.com.au,Latrobe Community Health Service,,,https://www.lchs.com.au/,lchs.com.au,,,,,,,,,,,VIC,No,Yes,A,1,0,0,Triple R VIC Campaign 3 Cold Export
e28b516cbf91c7cd,lavendersupport.com.au,Lavender Disability and Mental Health,,2-10,https://lavendersupport.com.au,lavendersupport.com.au,Mental Health Care,,2001-01-10T00:00:00.000Z,"At Lavender Disability and Mental Health Support, we are passionate about empowering individuals to live meaningful, independent, and fulfilling lives. As a registered NDIS provider and family-owned business based in Carlingford, NSW, we pride ourselves on delivering high-quality, person-centred care with compassion, professionalism, and trust.

Our Mission
To utilise our skills and experience to provide tailored support to people with physical and psychosocial disabilities—acknowledging their strengths, meeting their needs, and helping them thrive.

Our Vision
To encourage and support people to make their own way through life with confidence and dignity.

 Our Values
Social Inclusion
Diversity
Empathy
Community
Trust

At Lavender Support, we believe in creating opportunities for inclusion, building strong communities, and delivering services that put people first. Together, we work towards a future where every individual feels supported, valued, and empowered.",,,2,,https://www.linkedin.com/company/lavender-disability-and-mental-health/,,NSW,Unclear,No,A,1,0,0,Triple R NSW Campaign 3 Cold Export
30ae5c09d0152cfd,lendleaseprimelife,Lend Lease Primelife,,,No website found,lendleaseprimelife,,,,,,,,,,,NSW,Yes,Yes,A,1,0,0,Triple R NSW Campaign 3 Cold Export
953b7940f0f481fa,lesmills.co.nz,Les Mills New Zealand,,,https://www.lesmills.co.nz/,lesmills.co.nz,,,,,,,,,,,NSW,,,,1,0,1,Triple R NSW Campaign 3 Cold Export
3f8d1504871b322a,libertybehaviouralservices.com,Liberty Behavioural Services,,,https://libertybehaviouralservices.com,libertybehaviouralservices.com,,,,,,,,,,,VIC,,,,1,0,1,Triple R VIC Campaign 3 Cold Export
8b7bfa7f40000128,dow.org.au,Life Without Barriers,,51-200,https://dow.org.au,dow.org.au,Civic and Social Organizations,,,"CatholicCare Diocese of Wollongong was built on strong foundations created by people who truly put the community at the heart of their work. For over 40 years, they have worked tirelessly to improve the social and emotional wellbeing of those they serve.  
 
CatholicCare is able to deliver quality support services to the people of Macarthur, Illawarra, Shoalhaven and the Southern Highlands because of these authentic foundations, local community connections and their committed staff and volunteers.  
 
Their mission is to bring joy to those they serve by enabling growth, healing, and hope, giving everyone – regardless of faith or background – someone to turn to.  
 
When unprecedented times strike, people draw back on experience, connections and integrity. Extraordinary events like bushfires and pandemics create immense pressure on our community, particularly those who are vulnerable. 

CatholicCare provides the right supports to overcome any challenge, big or small, helping people live life to the full through a range of programs and services for children & young people, families, the aged and people living with disability and their families.  
 
Their dedication shows that growth, healing and hope are all enhanced by practical experience and accompanying people during their toughest times. This presence and support during adversity elevates them and honours their journey in life.",,,125,,https://www.linkedin.com/company/life-without-barriers/,,NSW,Yes,No,A,1,0,1,Triple R NSW Campaign 3 Cold Export
3b090aedd96940d8,lifeassistsolutions.com,LifeAssist Solutions,,,https://lifeassistsolutions.com/,lifeassistsolutions.com,,,,,,,,,,,NSW,Yes,Yes,A,1,0,0,Triple R NSW Campaign 3 Cold Export
bd8adfb9987da0c4,lighthousehealthgroup.com,Lighthouse Health Group,,,https://lighthousehealthgroup.com/,lighthousehealthgroup.com,,,,,,,,,https://www.linkedin.com/search/results/all/?keywords=Lighthouse+Health+Group,,NSW,Unclear,No,A,1,0,0,Triple R NSW Campaign 3 Cold Export
77794480315719d3,lighthouse-ssc.org,Lighthouse for the community,,,https://lighthouse-ssc.org/,lighthouse-ssc.org,,,,,,,,,,,NSW,Yes,No,A,1,0,0,Triple R NSW Campaign 3 Cold Export
9d187bf79afc0fab,likefamily.com.au,Like Family,,201-500,https://likefamily.com.au,likefamily.com.au,Individual and Family Services,,,"As an NDIS disability and aged care provider, Like Family connects people who need social care and companionship with quality Carers who truly make a difference. We match Members and Carers based on interests, personality and needs to create a lasting relationship that feels like family.

When our co-founder Mat was 26, both his mum and dad were diagnosed with life-threatening illnesses. He and his partner Jenna quickly realised that while medical care was essential, what his parents really needed was company—someone to spend time with, share experiences, and help them stay connected to their community.

That’s how Like Family was born—to connect people with Social Carers who do more than just a job. Our Carers bring warmth, connection, and joy, ensuring that life is full, active, fun and meaningful.

Since 2016, we've helped arrange over 1 million hours of social care across Australia, carefully recruiting and supporting thousands of Social Carers who share our passion for making a real impact. Our community is built on trust, shared experiences, and genuine connection.

If you or a loved one is looking for support, we’re here to help. Join our community today—there’s a social carer waiting for you.

Note: Like Family rebranded from Home Care Heroes in 2020.",,,262,,https://www.linkedin.com/company/like-family/,,NSW,Yes,No,A,1,0,0,Triple R NSW Campaign 3 Cold Export
164f105a80bb10ff,likeourown.com.au,Like Our Own,,,No website found,likeourown.com.au,,,,,,,,,,,VIC,Yes,No,A,1,0,1,Triple R VIC Campaign 3 Cold Export
74288971b9b6f1bb,lindisfarnepsychology.com.au,Lindisfarne Psychology and Wellbeing Centre,,,http://www.lindisfarnepsychology.com.au/,lindisfarnepsychology.com.au,,,,,,,,,,,NSW,,,,1,0,1,Triple R NSW Campaign 3 Cold Export
c51dfe7f33908b58,liverpool.nsw.gov.au,Liverpool City Council,,501-1000,https://liverpool.nsw.gov.au,liverpool.nsw.gov.au,Government Administration,,,"Liverpool City Council governs 42 suburbs and helps the local community in the following ways:

By providing services, facilities, resources and support to the community
By protecting the community to make sure it is safe and clean
By preventing harmful influences such as excessive noise and pollution
By planning services, facilities and developments affecting our future
By representing Liverpool to other areas of government.",,,675,,https://www.linkedin.com/company/liverpool-city-council-nsw/,,NSW,Unclear,Yes,A,1,0,1,Triple R NSW Campaign 3 Cold Export
cf470a5a7c2293ed,livingchoice.com.au,Living Choice Australia,,51-200,https://livingchoice.com.au,livingchoice.com.au,Real Estate,,,"Living Choice offers a wide choice of living options and leisure facilities in safe, secure communities located in sought-after locations. The homes in our retirement villages, Over 50s lifestyle resorts and residential communities are designed to complement and enhance your lifestyle. 

Our communities are professionally managed while maintaining the personal touch with great service and support.",,,65,,https://www.linkedin.com/company/living-choice-australia/,,NSW,Unclear,Yes,A,1,0,1,Triple R NSW Campaign 3 Cold Export
c85e61a611943bde,amazingprocare.com.au,Living Made Easy,,11-50,https://amazingprocare.com.au,amazingprocare.com.au,Hospitals and Health Care,,,"Amazing ProCare is a customer focused, independent provider of exceptional at home care services to their patrons in the comfort of their own homes.",,,41,,https://www.linkedin.com/company/amazingprocare/,,NSW,Unclear,Yes,A,1,0,0,Triple R NSW Campaign 3 Cold Export
108f30bb96bc65df,lokahi.org.au,Lokahi Foundation AUS,,2-10,https://lokahi.org.au,lokahi.org.au,Non-profit Organizations,,2001-01-10T00:00:00.000Z,We are a new foundation working to empower women who have experienced or are experiencing domestic and family abuse to reclaim their lives and reach their full potential through the provision of a consistent caseworker as they navigate the myriad of services and support unique to each survivor.,,,7,,https://www.linkedin.com/company/lokahi-foundation-aus/,,NSW,No,No,A,1,0,1,Triple R NSW Campaign 3 Cold Export
116bf002538fc924,lotushealthcare.com,Lotus HealthCare,,,https://lotushealthcare.com/,lotushealthcare.com,,,,,,,,,,,VIC,No,Yes,A,1,0,0,Triple R VIC Campaign 3 Cold Export
1807c70909685fe7,lotustotalcare.com,Lotus HealthCare,,,https://lotustotalcare.com/,lotustotalcare.com,,,,,,,,,,,VIC,No,No,A,1,0,0,Triple R VIC Campaign 3 Cold Export
4ad2deda1c56923e,lousplace.com.au,Lou's Place,,11-50,https://lousplace.com.au,lousplace.com.au,Hospitals and Health Care,,2001-11-20T00:00:00.000Z,"Since 1999, Lou's Place has been a dedicated daytime drop-in center exclusively for women. Our mission is to provide a safe and supportive environment through holistic care within a non-judgmental community. We focus on building trusting relationships and offering person-centered, innovative support programs to enhance individual wellbeing.

At Lou's Place, we maintain a low-barrier approach, ensuring that support is available even for women actively struggling with drug or alcohol use or presenting mental health issues. Whether you need assistance or simply a safe space, Lou's Place is here for all women.

Our services and support is varied but includes:

A Safe Space: - Women can relax and spend time in a welcoming environment and don't need to have a reason to come to Lou's Place, they can just come and hang out there. 

Supportive Staff:  Speak to skilled staff for assistance with issues like homelessness, domestic violence, or financial hardship.

Activities and Community-  Engage in various activities and connect with other women.

Basic Needs: - Access showers, laundry facilities, and nutritious meals for breakfast and lunch.

We also offer specialised programs, such as:

Connecting Through Change: Support for women who have experienced domestic or family violence.

Always Mum: Assistance for mothers and grandmothers with children in care.

Crisis Support: Help with documentation, navigating housing or other difficult systems, and addressing financial hardship or other crises.

Join us at Lou's Place to find support, community, and a safe haven.

For more information  about what Lou's Place does then check out our website.",,,14,,https://www.linkedin.com/search/results/all/?keywords=Lou%27s+Place,,NSW,No,No,A,1,0,1,Triple R NSW Campaign 3 Cold Export
dd4de379dc3fa0bd,lunacare.com.au,LunaCare,,11-50,https://lunacare.com.au,lunacare.com.au,Hospitals and Health Care,,,"Specialists in complex care  Registered NDIS provider, supporting participants in daily living and nursing care, tailored to their individual goals and needs.",,,21,,https://www.linkedin.com/company/lunacare/,,NSW,Unclear,Yes,A,1,0,1,Triple R NSW Campaign 3 Cold Export
031aca5184fc780b,westernsydney.edu.au,LunaCare,,5001-10000,https://westernsydney.edu.au,westernsydney.edu.au,Higher Education,,,"Located in the heart of one of Australia’s fastest growing economic regions, Western Sydney University offers unlimited potential to students with the talent, drive and ambition to succeed.  

Ranked amongst the top two per cent of universities in the world, we value academic excellence, integrity and the pursuit of knowledge. We are globally focused, research-led and committed to making a positive impact on the communities we engage with.

CRICOS Provider No: 00917K",,,6867,,https://www.linkedin.com/company/lunacare/,,NSW,Yes,Yes,A,1,0,1,Triple R NSW Campaign 3 Cold Export
4afe15e43424b880,luxecare.com.au,Luxe Care,,,https://www.luxecare.com.au/,luxecare.com.au,,,,,,,,,,,VIC,Yes,Yes,A,1,0,1,Triple R VIC Campaign 3 Cold Export
9d6a94176d9dbbed,mates.org.au,MATES in Construction NSW,,51-200,https://mates.org.au,mates.org.au,Mental Health Care,,,"MATES in Construction is an industry-based charity established in 2008, aimed at reducing high levels of suicide in the Australian construction industry.
 
MATES is an industry-led, research-backed charity, that is building a volunteer  network of eyes and ears on the ground, trained to recognise the signs a workmate might be struggling with life and connect them to help.
 
We lose a construction worker to suicide every second day. We also know that construction workers are 6 x times more likely to die from suicide than an accident at work.
In the last 12 months 30% our apprentices have thought about suicide.
A suicide is said to impact at least 135 people (conservatively).
 
In 2021, MATES in Construction was recognised by the World Health Organisation (WHO) as an example of global suicide prevention best practice.

Our 24/7 National helpline is: 1300 642 111

MATES Branches: Queensland, Northern Territory, New South Wales, South Australia and Western Australia",,,74,,https://www.linkedin.com/company/mates-in-construction/,,NSW,Yes,No,A,1,0,1,Triple R NSW Campaign 3 Cold Export
54b607fc445ce1db,mecca.com,MECCA Brands,,,https://www.mecca.com/en-au/,mecca.com,,,,,,,,,,,VIC,,,,1,0,0,Triple R VIC Campaign 3 Cold Export
c1244532a78b338d,melbarentertainment.com,MELBAR,,,https://melbarentertainment.com/,melbarentertainment.com,,,,,,,,,,,VIC,No,No,A,1,0,0,Triple R VIC Campaign 3 Cold Export
8b6df72132bb611f,residential-care.mercyhealth.com.au,MERCY PLACE,,,https://residential-care.mercyhealth.com.au/homes/aged-care-homes/mercy-place-parkville/,residential-care.mercyhealth.com.au,,,,,,,,,,,VIC,,,,1,0,0,Triple R VIC Campaign 3 Cold Export
d48063fc66da708b,mnd.org.au,MND Victoria,,,https://www.mnd.org.au/,mnd.org.au,,,,,,,,,,,VIC,,,C,1,0,0,Triple R VIC Campaign 3 Cold Export
e9bbeec2421f0548,mohis,MOHIS,,,No website found,mohis,,,,,,,,,,,VIC,,,,1,0,0,Triple R VIC Campaign 3 Cold Export
cc98214aaf67a9fd,spotless.com,MSSA and Spotless Facility,,,https://spotless.com/,spotless.com,,,,,,,,,,,VIC,,,,1,0,0,Triple R VIC Campaign 3 Cold Export
2ca52c1a1579a45f,mpms.mufg.com,MUFG Pension & Market Services,,,https://www.mpms.mufg.com/,mpms.mufg.com,,,,,,,,,,,VIC,No,No,A,1,0,0,Triple R VIC Campaign 3 Cold Export
b035459edb507b3e,mableclothing.com,Mable,,,https://mableclothing.com/,mableclothing.com,,,,,,,,,,,NSW,,,,1,0,0,Triple R NSW Campaign 3 Cold Export
8816b9e1ebc2bc4c,mdfoundation.com.au,Macular Disease Foundation Australia,,11-50,https://mdfoundation.com.au,mdfoundation.com.au,Non-profit Organizations,,,"Macular Disease Foundation Australia’s vision is to reduce the incidence and impact of macular disease in Australia. Macular disease encompasses macular degeneration, diabetic eye disease, retinal vein occlusion and a range of other diseases of the macula.",,,34,,https://www.linkedin.com/company/mdfa/,,NSW,Unclear,No,A,1,0,1,Triple R NSW Campaign 3 Cold Export
ceac9cb80f33fb5f,mahalcare.com.au,Mahal Care Health Services,,,https://mahalcare.com.au/,mahalcare.com.au,,,,,,,,,,,NSW,Yes,No,A,1,0,1,Triple R NSW Campaign 3 Cold Export
e4b8ea0386f9c13e,makeawish.org.au,Make-A-Wish Australia,,51-200,https://makeawish.org.au,makeawish.org.au,Non-profit Organizations,,,"Make-A-Wish® Australia creates life-changing wishes for children with critical illnesses. Our mission is to grant the wish of every eligible child – a quest sparked by the belief that a wish is integral to a child’s treatment.

We work in partnership with sick children, their families and medical teams to design and deliver wish experiences that are as unique as the children who imagine them.

No two wishes are alike, from the simple to the seemingly impossible – we’ve made unicorns fly, sent kids to the moon and even helped Australia’s youngest ever cricket captain don the baggy green.

Wishes transform the lives of sick kids, their families and communities. Research shows that wishes work to complement medical treatment, helping to calm, distract and empower sick kids at the time they need it most. When a wish is realised, a child discovers that despite their situation, anything is possible.

Make-A-Wish is one of Australia’s most trusted charities and part of largest wish-granting organisation in the world.

As a registered Australian charity, we rely completely on the generosity of our volunteers, partners, donors and supporters to make the impossible possible for seriously ill children in Australia. 

Find out the difference you can make by visiting www.makeawish.org.au",,,140,,https://www.linkedin.com/company/makeawishaust/,,NSW,Unclear,No,A,1,0,0,Triple R NSW Campaign 3 Cold Export
9048dc15e4fdf232,malla.fashion,Malla Fashion,,,https://malla.fashion/,malla.fashion,,,,,,,,,https://www.linkedin.com/company/whiddon/,,NSW,,,C,1,0,1,Triple R NSW Campaign 3 Cold Export
8a64b3f7d266f06f,margarettuckerhostel.org.au,Margaret Tucker Hostel,,2-10,https://margarettuckerhostel.org.au,margarettuckerhostel.org.au,Individual and Family Services,,2001-01-10T00:00:00.000Z,,,,5,,https://www.linkedin.com/company/margaret-tucker-hostel/,,NSW,No,No,A,1,0,0,Triple R NSW Campaign 3 Cold Export
d5f2647bcfa08967,maristbr.org,Marist Brothers,,,https://maristbr.org/,maristbr.org,,,,,,,,,,,NSW,,,,1,0,0,Triple R NSW Campaign 3 Cold Export
831860d086a40e38,mshomecare.com.au,Mark & Sylvie's Home Care,,,https://www.mshomecare.com.au/,mshomecare.com.au,,,,,,,,,,,VIC,,,B,1,0,0,Triple R VIC Campaign 3 Cold Export
93c824b4a0a8d9e3,markmoran.com.au,Mark Moran Vaucluse,,,https://markmoran.com.au/,markmoran.com.au,,,,,,,,,,,NSW,Yes,Yes,A,1,0,0,Triple R NSW Campaign 3 Cold Export
a02ca716a854dc5c,mater.org.au,Mater Mothers Hosptial,,1001-5000,https://mater.org.au,mater.org.au,Hospitals and Health Care,,,"Caring for the health of the community for more than a century, Mater brings together a collective expertise across health, education and research, with a shared vision of empowering people to live better lives through improved health and wellbeing.

Mater’s commitment to our Mission compels us to change to meet the needs of our community and the environment in which we operate. This means moving beyond the hospital, the classroom and the laboratory, being closer to our consumers and delivering new products, programs and services to meet emerging community needs.

In an emergency call Triple Zero (000). Call 13 HEALTH (13 43 25 84) for health advice 24/7.",,,3635,,https://www.linkedin.com/search/results/all/?keywords=Mater+Mothers+Hosptial,,NSW,,,C,1,0,1,Triple R NSW Campaign 3 Cold Export
993d154015acf932,maxemployment.ca,Max Employment Agency,,51-200,https://maxemployment.ca,maxemployment.ca,Staffing and Recruiting,,,"MAX EMPLOYMENT AGENCY Employment Services is one of the best employment agency of GTA. It provides specialized services technical, office staff, temporary labour and also to people with disabilities and/or employment-related barriers throughout GTA. At MAX EMPLOYMENT AGENCY, Employment Specialists work with clients who need varying levels of assistance developing skills and accessing employment opportunities, and/or post-employment supports. We also work with employers who have hiring needs, including screening, matching, and on-boarding.",,,72,,https://www.linkedin.com/company/max-employment-agency/,,NSW,Yes,Yes,A,1,0,0,Triple R NSW Campaign 3 Cold Export
6513308e936f047d,maze.co,Maze Assist,,,https://maze.co,maze.co,,,,,,,,,,,VIC,Unclear,No,A,1,0,0,Triple R VIC Campaign 3 Cold Export
531c0360c9318abc,macarthurco.com,McArthur,,,https://www.macarthurco.com/,macarthurco.com,,,,,,,,,,,VIC,No,No,A,1,0,0,Triple R VIC Campaign 3 Cold Export
736238cee7aae8a7,mcarthur.browardschools.com,McArthur,,,https://mcarthur.browardschools.com/,mcarthur.browardschools.com,,,,,,,,,,,VIC,Yes,Yes,A,1,0,1,Triple R VIC Campaign 3 Cold Export
fcac44bf07ed1a37,mcarthur.com.au,McArthur,,,https://mcarthur.com.au,mcarthur.com.au,Staffing and Recruiting,,,,,,,,,,VIC,Yes,Yes,A,1,0,0,Triple R VIC Campaign 3 Cold Export
db9304b2c72b8739,robinmcauley.com,McAuley,,,http://www.robinmcauley.com/,robinmcauley.com,,,,,,,,,,,VIC,Unclear,No,A,1,0,1,Triple R VIC Campaign 3 Cold Export
0875778d10360944,mckenzieacg.com,McKenzie Aged Care Group,,,https://mckenzieacg.com,mckenzieacg.com,,,,,,,,,,,VIC,Unclear,No,A,1,0,0,Triple R VIC Campaign 3 Cold Export
caa28f04aba4c91c,mcnsw.org.au,Medical Council of NSW,,51-200,https://mcnsw.org.au,mcnsw.org.au,Hospitals and Health Care,,,"The Medical Council of NSW regulates over 35,000 registered medical practitioners and 5,000 medical students across the state. We do this by working with our co-regulator, the NSW Health Care Complaints Commission (HCCC) to assess and respond to complaints about individual doctors. 

The Council’s paramount legal obligation is to protect the public by ensuring NSW doctors practise in accordance with professional standards and are fit to practise. We deal with doctors whose conduct, performance or health may represent a risk to the public and with students whose health or conduct pose a risk to the public.",,,57,,https://www.linkedin.com/company/medical-council-of-nsw/,,NSW,Unclear,No,A,1,0,1,Triple R NSW Campaign 3 Cold Export
d85558dbcb762e55,mediserve.com.au,Mediserve Nursing Agency,,,https://www.mediserve.com.au/,mediserve.com.au,,,,,,,,,,,VIC,,,,1,0,0,Triple R VIC Campaign 3 Cold Export
ccc73e52d0c0247b,melaleucalodge.com.au,Melaleuca Lodge,,,https://www.melaleucalodge.com.au/,melaleucalodge.com.au,,,,,,,,,,,VIC,No,No,A,1,0,0,Triple R VIC Campaign 3 Cold Export
d636b645926ecaad,mh.org.au,Melbourne Health,,,https://www.mh.org.au,mh.org.au,,,,,,,,,,,VIC,,,,1,0,1,Triple R VIC Campaign 3 Cold Export
061cb7cd462e5608,mshc.org.au,Melbourne Sexual Health Centre,,,https://www.mshc.org.au,mshc.org.au,,,,,,,,,,,VIC,,,,1,0,0,Triple R VIC Campaign 3 Cold Export
a3fbfa83663a40a6,mercadolibre.com,Meli,,,https://www.mercadolibre.com,mercadolibre.com,,,,,,,,,,,VIC,No,No,A,1,0,1,Triple R VIC Campaign 3 Cold Export
410516cf993e4479,countiesmanukau.health.nz,Mercy Health Australia,,1001-5000,https://countiesmanukau.health.nz,countiesmanukau.health.nz,Hospitals and Health Care,,,"Our Region: Counties Manukau Health (CM Health) provides health and disability services to an estimated 512,000 people who reside in the local authorities of Auckland, Waikato and Hauraki District.  The estimated Counties Manukau population for 2015 is 520,140 or 11% of the total New Zealand population.

What we do:

• Collaborating with other regions, service providers, the community and other stakeholders to plan the strategic direction for health and disability services in the northern region and promote the integration of health services
• Funding the provision of most health and disability services provided in Counties Manukau through service contracts with health and disability providers and non-governmental organisations
• Providing hospital based services for the population of Counties Manukau and some access to specialist or highly complex services for people who are referred from other regions. 
• Promoting, protecting and improving the health of the Counties Manukau population through the provision of health promotion, health education and evidence based public health initiatives.

Who we are:

We care about achieving health equity for our community. Together, the Counties Manukau health system will work with others to achieve equity in key health indicators for Maaori, Pacific and communities with health disparities by 2020.
We will measure the impact we have on healthy life years every year.  This is our commitment to act and be deliberate in our choices and priorities.
This means that people will live longer healthier lives in the community

Our Values: 
We aspire to live and breathe our values every day as the foundation of our strategic actions:
 
• Valuing everyone
Make everyone feel welcome and valued
	
•Kind
Care for other people's well being

• Together
Include everyone as part of the team

• Excellent
Safe, professional, always improving",,,2579,,https://www.linkedin.com/company/mercy-health-aus/,,NSW,Yes,No,A,1,0,0,Triple R NSW Campaign 3 Cold Export
47a87b1c22a1a124,mercy.net,Mercy Hospital,,,https://www.mercy.net/,mercy.net,,,,,,,,,,,VIC,Yes,No,A,1,0,0,Triple R VIC Campaign 3 Cold Export
149836601b70cc9d,mescherscare,Meschers Care,,,No website found,mescherscare,,,,,,,,,,,VIC,Yes,Yes,A,1,0,0,Triple R VIC Campaign 3 Cold Export
4c80e8f1e00d3e9f,metalblue.com.au,Metal blue roofing,,,https://metalblue.com.au/,metalblue.com.au,,,,,,,,,https://www.linkedin.com/company/themyhomecaregroupau/,,NSW,Unclear,No,A,1,0,0,Triple R NSW Campaign 3 Cold Export
096ebd0bc812ac07,eclaims.micaresvc.com,MiCare,,,https://eclaims.micaresvc.com/,eclaims.micaresvc.com,,,,,,,,,,,VIC,No,No,A,1,0,0,Triple R VIC Campaign 3 Cold Export
e2e8d470c39894f7,micare.net,MiCare,,,https://www.micare.net/,micare.net,,,,,,,,,,,VIC,,,,1,0,0,Triple R VIC Campaign 3 Cold Export
6f0f8373b4a516f2,veteranspsychology.com.au,Mindset Consulting Psychology,,2-10,https://veteranspsychology.com.au,veteranspsychology.com.au,Aviation & Aerospace,,2001-01-10T00:00:00.000Z,"The mission of Veterans Psychology is to provide exceptional, evidence based psychology services to individuals, organisations and government.  
 
Veterans Psychology connects the veteran community with mental health professionals who are veteran-focused and veteran-informed.  Most of our psychologists are veterans themselves, so have first-hand understanding of the military experience.",,,5,,https://www.linkedin.com/search/results/all/?keywords=Mindset+Consulting+Psychology,,NSW,,,C,1,0,1,Triple R NSW Campaign 3 Cold Export
3015a200c5a5aaf3,miromagroup.com,Miroma,,501-1000,https://miromagroup.com,miromagroup.com,Advertising Services,,,"Miroma Group is a global independent marketing business, uniquely placed to unlock value and drive growth for disruptive brands. The group comprises a global network of award-winning marketing and communications agencies, including the likes of Fold7, Buzz16, Contented, Hyperactive, Way To Blue, and Maker Lab, that provide a full suite of services for client partners. Designed to be different, Miroma Group also comprises an investment arm; Miroma Ventures, that’s changing the face of investing with its unique funding models for exciting brands that are aiming to raise seed and Series A funding. Defined by its agility and challenger thinking, Miroma Group works with clients that share its appetite for transformative growth, including Amazon, Diageo, eBay, Google, Netflix, Snapchat and Spotify.",,,562,,https://www.linkedin.com/company/miromagroup/,,NSW,Yes,No,A,1,0,1,Triple R NSW Campaign 3 Cold Export
86f9703669be9363,2connect.org.au,Mission Australia,,2-10,https://2connect.org.au,2connect.org.au,Non-profit Organizations,,2001-01-10T00:00:00.000Z,,,,9,,https://www.linkedin.com/company/mission-australia/,,NSW,Unclear,Yes,A,1,0,0,Triple R NSW Campaign 3 Cold Export
2de823b71cdf7cde,studiopilates.com,Mission Australia,,201-500,https://studiopilates.com,studiopilates.com,Wellness and Fitness Services,,,"Born in Australia, now globally loved.

We’re on a mission to change the way the world works out with beat-driven, sweat-inducing Reformer Pilates.",,,398,,https://www.linkedin.com/company/mission-australia/,,NSW,Unclear,No,A,1,0,1,Triple R NSW Campaign 3 Cold Export
0e428920fe16dda6,mithrah.com,Mithrah Holistic Services,,,No website found,mithrah.com,,,,,,,,,,,NSW,,,C,1,0,0,Triple R NSW Campaign 3 Cold Export
a932e14d2d28af54,moira.org.au,Moira Disability and Youth Service,,,https://www.moira.org.au/,moira.org.au,,,,,,,,,,,VIC,Yes,No,A,1,0,0,Triple R VIC Campaign 3 Cold Export
4bab2234018ff9d6,montefiore.org,Montefiore Health System,,10001+,https://montefiore.org,montefiore.org,Hospitals and Health Care,,,"Montefiore is one of New York’s premier academic health systems, renowned for its leading medical school, groundbreaking research and technology, and highly specialized, coordinated care for diverse populations in the New York region, across the country and globally. 

Visit Montefiore.org to learn more.",,,11358,,https://www.linkedin.com/company/montefiore-health-system/,,NSW,Unclear,No,A,1,0,1,Triple R NSW Campaign 3 Cold Export
2d497d0b7a593b81,moorerehab.com.au,Moore Rehab Outcomes,,2-10,https://moorerehab.com.au,moorerehab.com.au,Medical Practices,,2001-01-10T00:00:00.000Z,"Moore Rehab Outcomes (MRO) was established in 2011 by Kate Moore (Occupational Therapist) and Doug Moore (Physiotherapist). Kate has been working as an Occupational Therapist for 21 years. Kate has always been passionate about Occupational Therapy and about providing holistic, quality and evidence based programs for her patients.",,,6,,https://www.linkedin.com/company/moore-rehab-outcomes/,,NSW,Yes,Yes,A,1,0,1,Triple R NSW Campaign 3 Cold Export
b17c32735511e72a,moretonatsichs.org.au,Moreton Aboriginal and Torres Strait Islander Health Service,,,https://www.moretonatsichs.org.au/,moretonatsichs.org.au,,,,,,,,,,,NSW,Yes,No,A,1,0,0,Triple R NSW Campaign 3 Cold Export
46a676ea656ca827,mosman.nsw.gov.au,Mosman Council,,,https://mosman.nsw.gov.au/,mosman.nsw.gov.au,,,,,,,,,,,NSW,,,B,1,0,1,Triple R NSW Campaign 3 Cold Export
f3964386fa4bb651,mountiesgroup.com.au,Mounties Group,,,https://www.mountiesgroup.com.au/,mountiesgroup.com.au,,,,,,,,,,,NSW,Unclear,Yes,A,1,0,1,Triple R NSW Campaign 3 Cold Export
d7c4efa67645523f,moylancaregroup.com.au,Moylan Care Group,,11-50,https://moylancaregroup.com.au,moylancaregroup.com.au,IT Services and IT Consulting,,2001-11-20T00:00:00.000Z,"'We provide excellent quality care with only the most well trained carers, who value the importance of compassion and empowerment. To us, caring for someone is more than a job, it's about developing relationships and enhancing people's everyday lives. We promise to make a difference to your life, give you choices and empower you to achieve what's important to you.&",,,12,,https://www.linkedin.com/company/moylan-care-group/,,NSW,Yes,Yes,A,1,0,1,Triple R NSW Campaign 3 Cold Export
69df22bfb1c6f06a,mulgraveprivate.com.au,Mulgrave Private Hospital,,,https://mulgraveprivate.com.au/,mulgraveprivate.com.au,,,,,,,,,,,VIC,,,,1,0,0,Triple R VIC Campaign 3 Cold Export
4c8e88ecfb3e77cc,mwv.org.au,Multicultural Women Victoria,,,https://mwv.org.au/,mwv.org.au,,,,,,,,,,,VIC,Unclear,No,A,1,0,0,Triple R VIC Campaign 3 Cold Export
b3a96ee1b23581a7,mutualcarensw.com.au,Mutual Care NSW .,,2-10,https://mutualcarensw.com.au,mutualcarensw.com.au,Hospitals and Health Care,,2001-01-10T00:00:00.000Z,Regsitered Service Provider specialises in Plan managment .,,,4,,https://www.linkedin.com/company/mutualcarensw/,,NSW,Yes,Yes,A,1,0,1,Triple R NSW Campaign 3 Cold Export
20238bf8627e8850,mydesignedhomecare.com.au,My Designed Homecare,,,https://www.mydesignedhomecare.com.au/,mydesignedhomecare.com.au,,,,,,,,,,,NSW,No,No,A,1,0,0,Triple R NSW Campaign 3 Cold Export
a7b2ba7df4a4c1fa,apm.net.au,My Guardian,,1001-5000,https://apm.net.au,apm.net.au,Hospitals and Health Care,,,"APM is a health and human services company of more than 16,000 people in 11 countries with a global purpose - to enable better lives.

Our purpose drives us. It’s why we come to work. It’s why we continue to grow. 

It’s how we inspire excellence and exceptional service with everyone we meet.

We started in 1994 as a small team in Perth, Western Australia, looking to provide better vocational rehabilitation for injured workers so they could recover their health and stay in their jobs.

Today we’re an international human services provider with more than 1,000 locations across Australia, United Kingdom, Canada, United States of America, New Zealand, Germany, Switzerland, Spain, Sweden, Singapore, and South Korea.

For people with injury, illness, or disability, as well as children and the elderly, the unemployed, and those facing hardship or harm, our teams make a positive and lasting social impact every day.

We take immense pride in empowering people to realise their ambitions and aspirations through sustainable employment, independence, better health, and wellbeing, and increased social participation.

Each year globally, APM now supports more than 2 million people of all ages to live a better quality of life",,,4473,,https://www.linkedin.com/company/my-guardian/,,NSW,Yes,No,A,1,0,1,Triple R NSW Campaign 3 Cold Export
924af2b263e2fdea,myguardianinc.com,My Guardian,,,https://myguardianinc.com/,myguardianinc.com,,,,,,,,,https://www.linkedin.com/company/my-guardian/,,NSW,Unclear,No,A,1,0,1,Triple R NSW Campaign 3 Cold Export
ab864dcc5b4fe01a,myrehabteam.com.au,My Rehab Team,,,https://myrehabteam.com.au/,myrehabteam.com.au,,,,,,,,,,,VIC,Yes,Yes,A,1,0,0,Triple R VIC Campaign 3 Cold Export
a46821c0706cc265,myhomecare.ie,Myhomecare,,51-200,https://myhomecare.ie,myhomecare.ie,Hospitals and Health Care,,,"At myhomecare.ie we have devised a number of homecare services which promote independent living within a safe and comfortable environment. Using a holistic approach, our experienced healthcare team will design a tailor-made programme to meet each individuals needs.


Our services include, home help, residential care, palliative care, caring for people with dementia or alzheimer's, assisted living, respite, convalescent care, continual care, caring for infants and children with special care and special needs requirements and domiciliary services.

So if you are looking for someone to assist you with shopping, accompany you to church or if you are looking for a comprehensive 24 hour care package for a loved one, call us today for a free consultation on our home care services.

Dublin: (01) 473 0474

Galway: (091) 762 426

Dundalk: (042) 93 52723

Cork: (021) 427 9916",,,167,,https://www.linkedin.com/company/myhomecare/,,NSW,Yes,Yes,A,1,0,0,Triple R NSW Campaign 3 Cold Export
548685ddf544a661,nazarethcare.org,NAZARETH CARE CHARITABLE TRUST,,,https://nazarethcare.org,nazarethcare.org,,,,,,,,,,,VIC,Unclear,Yes,A,1,0,0,Triple R VIC Campaign 3 Cold Export
7f71138ce739b052,discovernursingaustralia.com.au,NDIS Discover Nursing Australia,,,https://discovernursingaustralia.com.au,discovernursingaustralia.com.au,Home Health Care Services,,,,,,,,,,VIC,,,B,1,0,0,Triple R VIC Campaign 3 Cold Export
51b0ac9c7fe3e8a4,newhome,NEW HOME SERVICES,,,No website found,newhome,,,,,,,,,,,VIC,Yes,Yes,A,1,0,0,Triple R VIC Campaign 3 Cold Export
c89faedd999fe23b,ngo,NGO,,,No website found,ngo,,,,,,,,,,,NSW,Unclear,Yes,A,1,0,0,Triple R NSW Campaign 3 Cold Export
3e51e7e17950fda0,ngotrainingcentre.com,NGO,,,No website found,ngotrainingcentre.com,,,,,,,,,,,NSW,Unclear,Yes,A,1,0,0,Triple R NSW Campaign 3 Cold Export
503b29bb7c60fab1,nhstayside.scot.nhs.uk,NHS Tayside,,,https://www.nhstayside.scot.nhs.uk/,nhstayside.scot.nhs.uk,,,,,,,,,,,NSW,,,,1,0,0,Triple R NSW Campaign 3 Cold Export
dc0d528f2505e0b5,njernda.com.au,NJERNDA ABORIGINAL,,,https://www.njernda.com.au/,njernda.com.au,,,,,,,,,,,VIC,Unclear,Yes,A,1,0,0,Triple R VIC Campaign 3 Cold Export
427d0e524107c01c,npywc.org.au,NPY Women's Council,,,https://www.npywc.org.au/,npywc.org.au,,,,,,,,,,,VIC,Yes,Yes,A,1,0,0,Triple R VIC Campaign 3 Cold Export
ed4970d997f9440b,planning.nsw.gov.au,NSW Department of Planning and Environment,,5001-10000,https://planning.nsw.gov.au,planning.nsw.gov.au,Government Administration,,,"The NSW Department of Planning, Housing and Infrastructure shapes thriving communities, public spaces, places and economies. 

*Community guidelines*

We encourage all our followers to participate in conversation on our page. We welcome all questions and commentary, including constructive feedback.   

We reserve the right to remove any posts that don’t adhere to our guidelines and to block anyone who violates them. Specifically, we do not tolerate the following kinds of commentary: 

-	Profane, defamatory, offensive or violent language. 
-	‘Trolling’ or posting deliberately disruptive statements meant to hijack comment threads or throw discussions off-track. 
-	Attacks on specific groups or any comments meant to harass, threaten or abuse an individual. 
-	Hateful or discriminatory comments regarding race, ethnicity, religion, gender, disability, sexual orientation or political beliefs. 
-	Links or comments containing sexually explicit content material. 
-	Discussion of illegal activity. 
-	Spam, link baiting or files containing viruses that could damage the operation of other people’s computers or mobile devices. 
-	Acknowledgement of intent to stalk an individual or collect private information without disclosure. 
-	Commercial solicitations. 
-	Content determined to be inappropriate, in poor taste, or otherwise contrary to the purposes of the forum. 
-	Personal promotion. 

If you breach these guidelines, we may block your account and/or remove your posts.",,,5190,,https://www.linkedin.com/company/nswdphi/,,NSW,Unclear,No,A,1,0,0,Triple R NSW Campaign 3 Cold Export
f7caf8c74a63ea6a,nswdcs.com.au,NSW Disability & Community Services,,,https://nswdcs.com.au/,nswdcs.com.au,,,,,,,,,,,NSW,,,,1,0,1,Triple R NSW Campaign 3 Cold Export
3b26e393ea4b6769,nswnma.asn.au,NSW Nurses and Midwives Association,,51-200,https://nswnma.asn.au,nswnma.asn.au,Hospitals and Health Care,,,"The New South Wales Nurses and Midwives' Association (NSWNMA) is the registered union for all nurses and midwives in New South Wales. The Association represents the industrial interests of nurses and midwives employed in NSW, both the public and private sectors. Its role is to protect the interests of nurses, midwives and the nursing and midwifery professions.",,,140,,https://www.linkedin.com/company/nswnma/,,NSW,Unclear,No,A,1,0,1,Triple R NSW Campaign 3 Cold Export
a5294279b6aa2d15,nadrasca.com.au,Nadrasca,,,https://www.nadrasca.com.au,nadrasca.com.au,,,,,,,,,,,VIC,,,,1,0,0,Triple R VIC Campaign 3 Cold Export
4dd496b10db2e796,nbac.org.au,Narang Bir-rong Aboriginal,,11-50,https://nbac.org.au,nbac.org.au,Individual and Family Services,,,"At Narang Bir-rong Aboriginal Corporation, our mission is to provide culturally and spiritually stable homes for Aboriginal and Torres Strait Islander children, young people and their families. Our Targeted Early Intervention, Family Preservation, Foster Care and Cultural Connections Programs help our children and young people meet their social, emotional and behavioural needs.",,,39,,https://www.linkedin.com/company/narang-bir-rong-aboriginal-corporation/,,NSW,Unclear,No,A,1,0,1,Triple R NSW Campaign 3 Cold Export
53d028372ce23255,konekt.com.au,National Centre for Veterans Healthcare,,201-500,https://konekt.com.au,konekt.com.au,Vocational Rehabilitation Services,,,"Konekt is one of the largest workplace injury management and workplace health solutions providers in Australia. Konekt’s focus is on helping organisations, individuals and government to maximise workforce participation and productivity, and minimise the impact of workplace injury.

We help organisations minimise workplace costs, resulting in increased participation, reduced workers compensation premiums and safer workplaces.

We assist employers and insurance companies in recruiting the right person physically and psychologically, keeping them safe and well, responding to OHS incidents, returning the individual to the workplace and redeploying if necessary. 

Konekt's allied health professionals deliver services across a diversity of industries including government, mining, retail, manufacturing, transport, hospitality and labour hire. 

Australia's largest corporations rely on Konekt's integrated solutions to manage the health of their workforce, improve processes and identify escalating costs or non-compliance in occupational health and safety, risk management and injury management.  

Konekt also has significant customers across large government departments and agencies, as well as private employers.

Learn more at www.konekt.com.au",,,363,,https://www.linkedin.com/search/results/all/?keywords=National+Centre+for+Veterans%E2%80%99+Healthcare,,NSW,Yes,No,A,1,0,0,Triple R NSW Campaign 3 Cold Export
eb2c6b08d1a42792,nptgroup.com.au,National Patient Transport,,,https://www.nptgroup.com.au,nptgroup.com.au,,,,,,,,,,,VIC,,,,1,0,0,Triple R VIC Campaign 3 Cold Export
aaa73350359f33ad,nationalnurse.com.au,National home nurse,,,https://nationalnurse.com.au/,nationalnurse.com.au,,,,,,,,,,,VIC,No,No,A,1,0,0,Triple R VIC Campaign 3 Cold Export
399592430f9d5814,nationwidecareplus.com.au,Nationwide Care Plus,,,https://nationwidecareplus.com.au/,nationwidecareplus.com.au,,,,,,,,,,,NSW,Yes,No,A,1,0,1,Triple R NSW Campaign 3 Cold Export
5ddfb82b1f36542b,globalcarestaff.com,Neami National,,11-50,https://globalcarestaff.com,globalcarestaff.com,Hospitals and Health Care,,,"Global is a leader in Health and Disability Staffing Services.
 
Providing experienced staff for disability and health care services, brokerage for individual funding, NDIS individual packages and direct support programs, experienced staff for in-home support and community access.
 
Our customers are state government and non-government disability service providers, home care services, mental health services, drug and alcohol porgrams, hospital and health services.

Global Disability & Health Care Services has acieved Third Party Verification accreditation against the Disability Service Standards as a direct service provider. In our direct services we offer accommodation support, drop-in support, community access, life enrichment and respite care for individual funded packages clients.

VISION and MISSION statement;

Vision: At Global we intend to continue providing quality and experienced Registered Nurses and Support Care workers to our client’s needs.

Mission: Global Disabilities and Health Care Services remain one of the highly sought after casual agency in Disability and Clinical Care. This is because we won’t compromise for quality. We hold to provide good quality and experienced staff through an intricate screening process right from resume through to sending our staff to the community or facilities.

Contact us today for more information on 1800 009 292",,,23,,https://www.linkedin.com/company/neami/,,NSW,Unclear,No,A,1,0,0,Triple R NSW Campaign 3 Cold Export
26c1474312f66048,synapse.org.au,Neami National,,51-200,https://synapse.org.au,synapse.org.au,Individual and Family Services,,,"Synapse is Australia’s Brain Injury Organisation. Synapse provides a range of support services for people who have been impacted by brain injury and disability. These services promote quality of life, self-determination, and choice through information, specialist support, and targeted research activities.

Synapse’s mission is to ensure the rights of people impacted by brain injury, connecting knowledge, policy, services, and systems. Synapse focuses on both government and public support to realise funding for the development of specialist services nationally.

Synapse’s commitment to reducing the massive unmet need for services and support in Australia is unwavering. The team at Synapse are resolute in seeing specialist and individualised services available to all in need, no matter where they live or which culture they belong to.",,,53,,https://www.linkedin.com/company/neami/,,NSW,No,No,A,1,0,1,Triple R NSW Campaign 3 Cold Export
776486c48a711065,nepeanhc.com.au,Nepean Health Care,,,https://www.nepeanhc.com.au/,nepeanhc.com.au,,,,,,,,,,,VIC,,,,1,0,0,Triple R VIC Campaign 3 Cold Export
35dcfa3c72fbf9f9,network-health.org,Network Health,,51-200,https://network-health.org,network-health.org,Hospitals and Health Care,,,"Since 1997, Network Health has been committed to its mission of improving the health and wellness of its members and their diverse communities. Today, as a division of Tufts Health Plan, Network Health provides access to high-quality, comprehensive health care coverage to more than 240,000 Massachusetts residents across the state.  

Network Health is nationally recognized for its innovative programs, recently garnering a Case In Point Platinum Award for Best Overall Case/Care Management Program from Dorland Health, and as the Top Leadership Team among health plans nationally from HealthLeaders Media. 

Network Health offers an integrated model of care, providing a team of in-house medical, mental health, social service, and pharmacy professionals to coordinate member care. The plan partners with more than 20,000 primary care providers, specialists, hospitals, and community organizations to serve the needs of its members.",,,156,,https://www.linkedin.com/company/sydney-south-west-area-health-service/,,NSW,Yes,No,A,1,0,0,Triple R NSW Campaign 3 Cold Export
a4ae7c808836cee1,newcareservices.com.au,New Care Services,,,https://www.newcareservices.com.au/,newcareservices.com.au,,,,,,,,,,,VIC,Yes,Yes,A,1,0,0,Triple R VIC Campaign 3 Cold Export
f42a1a2421262842,newagecare.net,New aged care,,,https://newagecare.net,newagecare.net,,,,,,,,,,,VIC,,,B,1,0,0,Triple R VIC Campaign 3 Cold Export
80a2257d17109d3d,nextwaveplastics.org,Next Wave,,,https://www.nextwaveplastics.org/,nextwaveplastics.org,,,,,,,,,,,VIC,No,No,A,1,0,0,Triple R VIC Campaign 3 Cold Export
1effe02cd3b6ef69,nextsense.io,NextSense,,,https://nextsense.io/,nextsense.io,,,,,,,,,https://www.linkedin.com/company/nextsenseau/,,NSW,Unclear,No,A,1,0,1,Triple R NSW Campaign 3 Cold Export
02811a12a4370fe5,nexttgroup.com,Nextt Group,,,https://www.nexttgroup.com/,nexttgroup.com,,,,,,,,,,,VIC,,,,1,0,0,Triple R VIC Campaign 3 Cold Export
8c26fcafcea29590,sandringhamacc.com.au,Nightlife Disability Services,,,https://sandringhamacc.com.au,sandringhamacc.com.au,Hospitals and Health Care,,,,,,,,,,VIC,Yes,Yes,A,1,0,0,Triple R VIC Campaign 3 Cold Export
498291aedd37dfcb,nlsdisability.com,No Limits Support,,11-50,https://nlsdisability.com,nlsdisability.com,Hospitals and Health Care,,2001-11-20T00:00:00.000Z,"At No Limits Support, we believe that every individual deserves the opportunity to live life on their terms. As a dedicated NDIS provider, we offer personalised, high-quality disability support, specialising in high behaviour support to empower participants to achieve their goals, build independence, and engage meaningfully in their communities.

Founded with a commitment to integrity, respect, and person-centered care, No Limits Support is driven by a passion for making a real difference. We take pride in our highly skilled and compassionate team, ensuring that every participant receives support tailored to their unique needs. As we grow, we remain dedicated to maintaining the highest standards of care, creating a warm, community-focused environment where individuals and families feel truly heard, valued, and supported.

We know that behind every NDIS plan is a person, a family, and a story that matters. That’s why we take the time to listen, understand, and build genuine connections - because real support starts with seeing the person first.

At No Limits Support, we don’t believe in barriers - only possibilities.

Connect with us to learn more about our services and how we can support you or your loved ones.",,,11,,https://www.linkedin.com/company/nlsdisability/,,NSW,,,B,1,0,1,Triple R NSW Campaign 3 Cold Export
ca7f4ba1ca193714,nobleplanmanagement.com.au,Noble Plan Management,,,https://nobleplanmanagement.com.au/,nobleplanmanagement.com.au,,,,,,,,,,,NSW,No,Yes,A,1,0,0,Triple R NSW Campaign 3 Cold Export
fa5ef2f3e1106958,melbourneobesitysurgery.com.au,North Eastern Weight Loss Surgery,,,https://www.melbourneobesitysurgery.com.au/,melbourneobesitysurgery.com.au,,,,,,,,,,,NSW,Unclear,No,A,1,0,0,Triple R NSW Campaign 3 Cold Export
6f71cf5842150133,nmhs.health.wa.gov.au,North Metropolitan Health Service,,,https://www.nmhs.health.wa.gov.au/,nmhs.health.wa.gov.au,,,,,,,,,,,VIC,,,,1,0,0,Triple R VIC Campaign 3 Cold Export
283b6fd7ceed52ff,nnswlhd.health.nsw.gov.au,Northern NSW Local Health District,,,https://nnswlhd.health.nsw.gov.au/,nnswlhd.health.nsw.gov.au,,,,,,,,,,,NSW,,,,1,0,0,Triple R NSW Campaign 3 Cold Export
82450f5c9a2dbdfa,northsideenterprise.com,Northside Enterprise,,,https://northsideenterprise.com/,northsideenterprise.com,,,,,,,,,,,NSW,Yes,No,A,1,0,1,Triple R NSW Campaign 3 Cold Export
cbda9081dc8d7022,northsidenursing.com.au,Northside Home Nursing and Community Care,,,https://northsidenursing.com.au,northsidenursing.com.au,,,,,,,,,,,NSW,,,,1,0,0,Triple R NSW Campaign 3 Cold Export
a30d463f5e2f125b,ncnhealth.org.au,Numurkah District Health Service,,,https://ncnhealth.org.au/,ncnhealth.org.au,,,,,,,,,,,VIC,,,,1,0,0,Triple R VIC Campaign 3 Cold Export
446ea57cb0071963,ncplus.com.au,Nunyara Care Plus,,,https://ncplus.com.au,ncplus.com.au,,,,,,,,,,,VIC,,,,1,0,0,Triple R VIC Campaign 3 Cold Export
3a903e4a108dd7e6,nursinggroup.com,Nursing Group,,,https://nursinggroup.com/,nursinggroup.com,,,,,,,,,,,NSW,Yes,Yes,A,1,0,0,Triple R NSW Campaign 3 Cold Export
5cf51fc3d1b071fe,nutri-woods.com,Nutri-Woods International,,,https://nutri-woods.com/en,nutri-woods.com,,,,,,,,,https://www.linkedin.com/company/pearl-home-care/,,NSW,,,C,1,0,1,Triple R NSW Campaign 3 Cold Export
5f9d45acb35457ba,oamichigan.com,OAM,,,https://oamichigan.com,oamichigan.com,,,,,,,,,,,VIC,,,B,1,0,0,Triple R VIC Campaign 3 Cold Export
28ff3a689303ffe1,orbostregionalhealth.com.au,ORBOST REGIONAL HEALTH,,,https://www.orbostregionalhealth.com.au/,orbostregionalhealth.com.au,,,,,,,,,,,VIC,Yes,Yes,A,1,0,1,Triple R VIC Campaign 3 Cold Export
c5c8d35bb1caf0af,omni-care.net,Omni-Care,,,https://www.omni-care.net/,omni-care.net,,,,,,,,,,,VIC,Unclear,No,A,1,0,1,Triple R VIC Campaign 3 Cold Export
a6608cb38e59939b,omnicare.com,Omni-Care,,,https://www.omnicare.com/,omnicare.com,,,,,,,,,,,VIC,No,No,A,1,0,1,Triple R VIC Campaign 3 Cold Export
fa0e480c42a3f199,ontimeplanservices.com.au,OnTime Plan Services,,,https://www.ontimeplanservices.com.au,ontimeplanservices.com.au,,,,,,,,,,,VIC,No,Yes,A,1,0,0,Triple R VIC Campaign 3 Cold Export
0b32b0f7aeed95d6,onedream.org.au,One Dream Community,,,https://www.onedream.org.au/,onedream.org.au,,,,,,,,,,,NSW,Yes,Yes,A,1,0,0,Triple R NSW Campaign 3 Cold Export
81c126d6b9db7455,onecare.org.au,OneCare,,,https://onecare.org.au/,onecare.org.au,,,,,,,,,,,VIC,No,Yes,A,1,0,0,Triple R VIC Campaign 3 Cold Export
d6666d3adfca49e3,onepoinths.com,OnePointHealth,,,https://onepoinths.com/,onepoinths.com,,,,,,,,,https://www.linkedin.com/company/onepointhealth/,,NSW,No,No,A,1,0,0,Triple R NSW Campaign 3 Cold Export
6171598eb1957635,opal.so,Opal,,,https://www.opal.so/,opal.so,,,,,,,,,https://www.linkedin.com/company/opalapp/,,NSW,Unclear,No,A,1,0,0,Triple R NSW Campaign 3 Cold Export
d9a79ed703d001b6,opensupport.org.au,Open Support,,11-50,https://opensupport.org.au,opensupport.org.au,Non-profit Organizations,,2001-11-20T00:00:00.000Z,"OPEN SUPPORT is a not-for profit, providing community services to some of our most vulnerable in society.  We deliver important services to those in need and rely on the generosity of individuals and organisations to fund our programs.

We are a community service of St Vincent’s Clinic under the stewardship of Mary Aikenhead Ministries and our core services are focused on:

– Reducing the impact of domestic violence in the community – by providing crisis accommodation, care and support for women and families escaping domestic violence.

– Reducing the impact of social isolation within the community, through providing home visits, connections, companionship and social, patient, carer and court attendee support for people feeling alone and vulnerable.

Please visit our website to donate and learn more about our services.",,,17,,https://www.linkedin.com/company/opensupportstvincents/,,NSW,Unclear,Yes,A,1,0,1,Triple R NSW Campaign 3 Cold Export
d9eb8f4a965c997d,orygen.org.au,Orygen,,,https://www.orygen.org.au/,orygen.org.au,,,,,,,,,,,VIC,,,,1,0,1,Triple R VIC Campaign 3 Cold Export
2f6c585b23f2fb04,oloc.com.au,Our Lady of Consolation Aged Care & Services,,,https://oloc.com.au/,oloc.com.au,,,,,,,,,,,VIC,Yes,No,A,1,0,0,Triple R VIC Campaign 3 Cold Export
1aa847206caef6ca,outcomehealth.com,Outcome Health,,,http://www.outcomehealth.com,outcomehealth.com,,,,,,,,,,,VIC,Unclear,No,A,1,0,1,Triple R VIC Campaign 3 Cold Export
7cf00f3da2d0797b,oxley-oxley.com,Oxley Blue,,,https://oxley-oxley.com/,oxley-oxley.com,,,,,,,,,,,NSW,Yes,Yes,A,1,0,1,Triple R NSW Campaign 3 Cold Export
af1501917b51fdd9,pandasecurity.com,PANDA,,,https://pandasecurity.com,pandasecurity.com,,,,,,,,,,,VIC,,,,1,0,0,Triple R VIC Campaign 3 Cold Export
ac8a4157ce9b1cd0,pawacc.org.au,PAWA Community Care,,11-50,https://pawacc.org.au,pawacc.org.au,Wellness and Fitness Services,,2001-11-20T00:00:00.000Z,"PAWA Community Care offers home care & respite for older people & their carers. Specialist in caring for migrants, especially from Poland & Eastern Europe.",,,12,,https://www.linkedin.com/company/pawacc/,,NSW,Yes,Yes,A,1,0,1,Triple R NSW Campaign 3 Cold Export
37b3a66108064ab4,peta.org.au,PETA Australia,,,https://www.peta.org.au/,peta.org.au,,,,,,,,,https://www.linkedin.com/search/results/all/?keywords=PETA+Australia,,NSW,No,No,A,1,0,1,Triple R NSW Campaign 3 Cold Export
627a8bedbb55d3de,podiatrybunch.com.au,PODIATRY BUNCH,,,https://podiatrybunch.com.au/,podiatrybunch.com.au,,,,,,,,,,,VIC,,,B,1,0,1,Triple R VIC Campaign 3 Cold Export
c17d24911b5be602,princescourt.com.au,PRINCES COURT HOMES,,,https://princescourt.com.au/,princescourt.com.au,,,,,,,,,,,VIC,No,No,A,1,0,0,Triple R VIC Campaign 3 Cold Export
7b754a427aac0cb7,pronoia.energy,PRONIA,,,https://pronoia.energy/,pronoia.energy,,,,,,,,,,,VIC,No,No,A,1,0,0,Triple R VIC Campaign 3 Cold Export
36e35c1633901eff,fas.org.au,ParaQuad NSW,,,https://fas.org.au,fas.org.au,,,,,,,,,,,NSW,,,,1,0,0,Triple R NSW Campaign 3 Cold Export
67be321856951bbf,parentsandbeyond.com.au,Parents and Beyond,,,https://www.parentsandbeyond.com.au/,parentsandbeyond.com.au,,,,,,,,,,,VIC,,,,1,0,0,Triple R VIC Campaign 3 Cold Export
466bf3dabf27f87d,160parkstreetdental.com,Park Street Dental,,,https://160parkstreetdental.com/,160parkstreetdental.com,,,,,,,,,,,VIC,,,,1,0,0,Triple R VIC Campaign 3 Cold Export
68d4fe89b2eff760,pymhws.org.au,Parkville Youth Mental Health and Wellbeing Service,,,https://pymhws.org.au,pymhws.org.au,,,,,,,,,,,VIC,No,No,A,1,0,1,Triple R VIC Campaign 3 Cold Export
71f0fb7b0a6d15f1,partnersforcare.org,Partner with Care,,,https://partnersforcare.org,partnersforcare.org,,,,,,,,,,,NSW,Unclear,No,A,1,0,0,Triple R NSW Campaign 3 Cold Export
c365d7252bdd6135,partnershipsforchildren.org,Partnerships for children harp,,,https://partnershipsforchildren.org/,partnershipsforchildren.org,,,,,,,,,,,VIC,No,No,A,1,0,0,Triple R VIC Campaign 3 Cold Export
c9d00f46173afb3d,byupathway.edu,Pathway Connect,,,https://www.byupathway.edu,byupathway.edu,,,,,,,,,,,VIC,Unclear,No,A,1,0,0,Triple R VIC Campaign 3 Cold Export
1070145161ebd184,clarvida.com,Pathways,,1001-5000,https://clarvida.com,clarvida.com,Individual and Family Services,,,"For more than 50 years, Clarvida has provided trusted behavioral and mental healthcare services to children and adults throughout the United States. Through a broad range of services—such as outpatient therapy, foster care and child and family services, autism services, and supported housing and employment—the company bridges the gap between the huge need that exists within communities, and the resources currently available from government agencies.",,,1380,,,,NSW,No,Yes,A,1,0,1,Triple R NSW Campaign 3 Cold Export
bf7acf31e9806965,killaragardens.com.au,Pathways Killara Gardens,,11-50,https://killaragardens.com.au,killaragardens.com.au,Hospitals and Health Care,,,,,,30,,https://www.linkedin.com/company/pathways-killara-gardens/,,NSW,Unclear,No,A,1,0,1,Triple R NSW Campaign 3 Cold Export
d6c0f9dbf87ce25e,pathways.com.au,Pathways Residences,,51-200,https://pathways.com.au,pathways.com.au,Hospitals and Health Care,,,"Pathways Residences is passionate about providing a nurturing aged care environment in which individuality, independence and peace of mind are paramount.

Our founding principles of harmony, respect and trust, drive everything we do. We currently own and operate three aged care residences in the Sydney suburbs of Northbridge, Killara and Cronulla.",,,98,,https://www.linkedin.com/company/pathways-residences-aged-care/,,NSW,Unclear,No,A,1,0,1,Triple R NSW Campaign 3 Cold Export
f9efee4c14f8af87,peacefulmind.com.au,Peaceful Mind Psychology,,,https://peacefulmind.com.au/,peacefulmind.com.au,,,,,,,,,,,VIC,,,,1,0,1,Triple R VIC Campaign 3 Cold Export
a42e83d5bcca6273,pearlhealth.com,Pearl Health,,,https://www.pearlhealth.com/,pearlhealth.com,,,,,,,,,,,NSW,Unclear,No,A,1,0,1,Triple R NSW Campaign 3 Cold Export
f87df8487eb769bc,pearlhomecare.com,Pearl Home Care,,,https://pearlhomecare.com/,pearlhomecare.com,,,,,,,,,,,NSW,Yes,No,A,1,0,0,Triple R NSW Campaign 3 Cold Export
c5acde2d8b3380ae,pearlhomecarellc.com,Pearl Home Care,,,https://www.pearlhomecarellc.com/,pearlhomecarellc.com,,,,,,,,,,,VIC,Yes,Yes,A,1,0,0,Triple R VIC Campaign 3 Cold Export
c4fd23545d847c28,pahs.com.au,Pearson Allied Health Services,,,https://pahs.com.au/,pahs.com.au,,,,,,,,,,,NSW,,,,1,0,1,Triple R NSW Campaign 3 Cold Export
c7f7839bed501e97,pembroke-lodge.co.uk,Pembroke Lodge,,,https://www.pembroke-lodge.co.uk/,pembroke-lodge.co.uk,,,,,,,,,,,VIC,No,Yes,A,1,0,0,Triple R VIC Campaign 3 Cold Export
65aa129e917bc48c,peninsulaph.com.au,Peninsula Private Hospital,,,https://www.peninsulaph.com.au/,peninsulaph.com.au,,,,,,,,,,,VIC,,,,1,0,0,Triple R VIC Campaign 3 Cold Export
e4d565367b937255,perfectcare.org,Perfect Care,,,https://perfectcare.org/,perfectcare.org,,,,,,,,,,,VIC,,,,1,0,0,Triple R VIC Campaign 3 Cold Export
52c6d10c539034ba,permalink.com.au,Permalink Support Services,,,https://permalink.com.au,permalink.com.au,,,,,,,,,,,VIC,Yes,Yes,A,1,0,0,Triple R VIC Campaign 3 Cold Export
f11884e9546d8a2e,physiochoice.com.au,PhysioChoice,,,https://www.physiochoice.com.au/,physiochoice.com.au,,,,,,,,,,,VIC,,,,1,0,0,Triple R VIC Campaign 3 Cold Export
af7a9243a5447865,wacountry.health.wa.gov.au,Pilbara CAMHS,,,https://www.wacountry.health.wa.gov.au/Our-services/Pilbara/Pilbara-health-services/Mental-health-services/Child-and-Adolescent-Mental-Health-Service,wacountry.health.wa.gov.au,,,,,,,,,https://www.linkedin.com/search/results/all/?keywords=Pilbara+CAMHS,,NSW,No,Yes,A,1,0,0,Triple R NSW Campaign 3 Cold Export
21bfec74ca5d0b9c,pinarc.org.au,Pinarc Disability Supports,,,https://www.pinarc.org.au/,pinarc.org.au,,,,,,,,,,,VIC,Yes,Yes,A,1,0,0,Triple R VIC Campaign 3 Cold Export
cb3c6007cfc17d8a,planhero.com.au,Plan Hero,,2-10,https://planhero.com.au,planhero.com.au,Consumer Services,,2001-01-10T00:00:00.000Z,"We are an NDIS Plan Manager that works with you, not against you. 

We give you one point of contact whom you can trust. Our answer is never 'no'. We do our best to understand your goals and spend your funds on the supports you want. 

Why choose Plan Hero?

✅ Greater Choice
Use both registered & non-registered providers to access services and supports

✅ Increased Confidence
We help you understand your plan and how to utilise your funds to get better outcomes

✅ More Control
Become empowered and build capacity to control how and where your money is spent

✅ Budget Tracking
Monthly statements that show you how funds are being used and tips to make sure you don't run out of money

✅ Stress less
We do all the pesky admin work for you. Stress-less about paying bills on time, and spend more time on activities you enjoy

✅ No added cost
The NDIS pays for plan management under a separate area of funding. There are no out of pocket costs for our services. Woohoo!",,,10,,https://www.linkedin.com/company/ndisplanhero/,,NSW,Unclear,No,A,1,0,1,Triple R NSW Campaign 3 Cold Export
da6b3390a8424a57,plan-me.com.au,Plan Manage Me,,,https://www.plan-me.com.au/,plan-me.com.au,,,,,,,,,,,NSW,No,Yes,A,1,0,0,Triple R NSW Campaign 3 Cold Export
c49ca33a069af130,platformys.org.au,Platform Youth Services,,,https://platformys.org.au/,platformys.org.au,,,,,,,,,https://www.linkedin.com/company/platform-youth-services/,,NSW,Unclear,No,A,1,0,1,Triple R NSW Campaign 3 Cold Export
95df54550a1c67da,pooroldsouls,Poor Old Souls,,,No website found,pooroldsouls,,,,,,,,,,,VIC,,,C,1,0,1,Triple R VIC Campaign 3 Cold Export
64005cad9549b8ba,privatedivision.com,Private,,,https://privatedivision.com/,privatedivision.com,,,,,,,,,,,VIC,,,,1,0,0,Triple R VIC Campaign 3 Cold Export
1743c1288bbe1986,privatetutoring.com,Private Tutoring,,,https://www.privatetutoring.com/,privatetutoring.com,,,,,,,,,,,NSW,,,,1,0,1,Triple R NSW Campaign 3 Cold Export
758f084c2026c55f,cprofesionalindependiente.com,Profesional independiente,,,https://cprofesionalindependiente.com/,cprofesionalindependiente.com,,,,,,,,,,,VIC,,,,1,0,0,Triple R VIC Campaign 3 Cold Export
37e731f403298577,professionalcaresupports.com.au,Professional Care Supports,,,https://professionalcaresupports.com.au/,professionalcaresupports.com.au,,,,,,,,,https://www.linkedin.com/search/results/all/?keywords=Professional+Care+Supports+,,NSW,,,B,1,0,0,Triple R NSW Campaign 3 Cold Export
d3e8b5f048616a53,professionalhhservices.com,Professional Health Care Services,,,https://professionalhhservices.com/,professionalhhservices.com,,,,,,,,,,,NSW,Yes,Yes,A,1,0,0,Triple R NSW Campaign 3 Cold Export
17b7f1101941e90f,promisecare.com,Promise Care,,,https://promisecare.com/,promisecare.com,,,,,,,,,,,VIC,Yes,Yes,A,1,0,0,Triple R VIC Campaign 3 Cold Export
2233a84b8445a247,provedaindia.com,Proveda,,,https://provedaindia.com/,provedaindia.com,,,,,,,,,,,NSW,,,,1,0,1,Triple R NSW Campaign 3 Cold Export
ecd9e7b9cf9c6518,qdms.com.au,Quality Disability Management Services,,,https://qdms.com.au/,qdms.com.au,,,,,,,,,,,NSW,No,No,A,1,0,0,Triple R NSW Campaign 3 Cold Export
3e59f6b20d4eb206,qualityunitedengagement.com.au,Quality United Engagement,,,https://www.qualityunitedengagement.com.au/,qualityunitedengagement.com.au,,,,,,,,,,,VIC,,,C,1,0,0,Triple R VIC Campaign 3 Cold Export
64d9877fafcb0a34,quantum.com,Quantum Support Services,,,https://quantum.com/en,quantum.com,,,,,,,,,,,VIC,Unclear,Yes,A,1,0,1,Triple R VIC Campaign 3 Cold Export
82193f5cf1cc23b0,health.qld.gov.au,Queensland Health,,,https://www.health.qld.gov.au/,health.qld.gov.au,,,,,,,,,,,VIC,,,,1,0,0,Triple R VIC Campaign 3 Cold Export
74fc9f8980ffd5fb,rdns.com.au,RDNS,,,https://www.rdns.com.au/,rdns.com.au,,,,,,,,,,,VIC,,,,1,0,0,Triple R VIC Campaign 3 Cold Export
5de68eb9a049c2be,ncsbn.org,RN,,,https://www.ncsbn.org/,ncsbn.org,,,,,,,,,,,VIC,,,,1,0,0,Triple R VIC Campaign 3 Cold Export
9f3cc8560c8468d8,royalfreemasons.org.au,ROYAL FREEMASONS BENEVOLENT INSTITUTION,,,https://www.royalfreemasons.org.au/,royalfreemasons.org.au,,,,,,,,,,,NSW,Yes,No,A,1,0,1,Triple R NSW Campaign 3 Cold Export
c409bdf002aeb73a,rspca.org.au,RSPCA Australia,,,https://www.rspca.org.au/,rspca.org.au,,,,,,,,,,,NSW,No,No,A,1,0,1,Triple R NSW Campaign 3 Cold Export
19767ab560b528bd,recoveryalliancecare.com.au,Recovery Alliance Care,,,https://www.recoveryalliancecare.com.au,recoveryalliancecare.com.au,,,,,,,,,,,VIC,Yes,Yes,A,1,0,1,Triple R VIC Campaign 3 Cold Export
3a2fef64ed2e9a84,recoveryoptionsny.org,Recovery Options,,,https://recoveryoptionsny.org/,recoveryoptionsny.org,,,,,,,,,,,VIC,,,,1,0,0,Triple R VIC Campaign 3 Cold Export
ec36a58957e2547a,redeema.com.au,Redeema,,,https://www.redeema.com.au/,redeema.com.au,,,,,,,,,,,VIC,Yes,Yes,A,1,0,0,Triple R VIC Campaign 3 Cold Export
75952ecc93d1ba78,refugevictoria.org.au,Refuge Victoria,,,https://refugevictoria.org.au/,refugevictoria.org.au,,,,,,,,,,,VIC,No,No,A,1,0,0,Triple R VIC Campaign 3 Cold Export
b85b5d8b56d0b5d3,regalhealth.com.au,Regal Health by Lumia Care,,,https://www.regalhealth.com.au/,regalhealth.com.au,,,,,,,,,,,NSW,Yes,Yes,A,1,0,0,Triple R NSW Campaign 3 Cold Export
4a4dcc4b50a69e23,rehobothrecruitment.com.au,Rehoboth Recruitment Australia,,,https://www.rehobothrecruitment.com.au/,rehobothrecruitment.com.au,,,,,,,,,,,VIC,No,Yes,A,1,0,0,Triple R VIC Campaign 3 Cold Export
c66627b1216c245d,relationships.org.au,Relationships Australia,,,https://www.relationships.org.au,relationships.org.au,,,,,,,,,,,VIC,,,,1,0,0,Triple R VIC Campaign 3 Cold Export
48da46dabeb4d3f5,remedyhealthcare.com.au,Remedy Healthcare,,,https://www.remedyhealthcare.com.au,remedyhealthcare.com.au,,,,,,,,,,,VIC,Unclear,No,A,1,0,1,Triple R VIC Campaign 3 Cold Export
736b96fa664bfaac,rahc.com.au,Remote Area Health Corps,,,https://www.rahc.com.au/,rahc.com.au,,,,,,,,,,,VIC,,,,1,0,0,Triple R VIC Campaign 3 Cold Export
59c7ecc526970acf,residencybydillons.com.au,Residency by Dillons Aged Care,,,https://www.residencybydillons.com.au/,residencybydillons.com.au,,,,,,,,,,,VIC,No,No,A,1,0,0,Triple R VIC Campaign 3 Cold Export
d20a799fa8eade5a,respectgroupinc.com,Respect,,,https://respectgroupinc.com/,respectgroupinc.com,,,,,,,,,,,VIC,Unclear,No,A,1,0,1,Triple R VIC Campaign 3 Cold Export
df22ec77f150dc64,rw.org.au,Richmind WA,,,https://www.rw.org.au/,rw.org.au,,,,,,,,,,,VIC,,,,1,0,0,Triple R VIC Campaign 3 Cold Export
6d81c50843a06ac6,ringrosesupport,Ringrose Support Services,,,No website found,ringrosesupport,,,,,,,,,,,VIC,,,,1,0,1,Triple R VIC Campaign 3 Cold Export
0bfc97ab44c27efd,riseon.com.au,RiseOn,,2-10,https://riseon.com.au,riseon.com.au,Hospitals and Health Care,,2001-01-10T00:00:00.000Z,"At RiseOn, we believe that everyone deserves the opportunity to live with dignity, confidence, and independence no matter their abilities. As a trusted NDIS registered disability support provider, we deliver personalised, compassionate care across Greater Sydney and surrounding regions.
We’re more than just a service. We're a dedicated team that walks beside you every step of the way, helping you navigate life’s challenges with warmth, understanding, and strength because TOGETHER WE RISE!",,,5,,https://www.linkedin.com/company/riseon1/,,NSW,Unclear,No,A,1,0,1,Triple R NSW Campaign 3 Cold Export
86f915919b0ef8a2,robinassist.com,Robin Assist,,11-50,https://robinassist.com,robinassist.com,Insurance,,2001-11-20T00:00:00.000Z,"Robin Assist is a global assistance and claims platform built for the modern traveler and the insurance partners who protect them. We deliver 24/7 multilingual support, emergency medical coordination, and seamless claims handling — all powered by smart technology and a compassionate team that truly cares.

We partner with insurance carriers, managing general agents, third-party administrators, brokers, and employers to provide scalable, integrated assistance solutions that put people first — wherever they are in the world.",,,20,,https://www.linkedin.com/company/robinassist/,,NSW,,,B,1,0,1,Triple R NSW Campaign 3 Cold Export
548d34f16900469e,rochestermedicalgroup.com,Rochester Medical Clinic,,,https://www.rochestermedicalgroup.com/,rochestermedicalgroup.com,,,,,,,,,,,VIC,,,,1,0,0,Triple R VIC Campaign 3 Cold Export
61e1c00d7b360805,rosielovecare.com.au,Rosie's Love and Care,,,https://www.rosielovecare.com.au,rosielovecare.com.au,,,,,,,,,,,VIC,,,,1,0,0,Triple R VIC Campaign 3 Cold Export
c6823d06a16d6a5e,uhsussex.nhs.uk,Royal Alexandra Hospital for Children,,,https://www.uhsussex.nhs.uk/hospitals/royal-alexandra-childrens-hospital/,uhsussex.nhs.uk,,,,,,,,,,,NSW,Unclear,No,A,1,0,0,Triple R NSW Campaign 3 Cold Export
6cb0fcfcab170c66,royalrehab.com.au,Royal Rehab Group,,201-500,https://royalrehab.com.au,royalrehab.com.au,Hospitals and Health Care,,,"Royal Rehab is an affiliated health organisation located within the Northern Sydney Local Health District and operates under the NSW Health Services Act 1997, and as an accredited service with the Department of Ageing, Disability and Home Care to provide specialist rehabilitation and disability services; engage in extensive research; and deliver education. 
It is a nationally recognised charitable, not-for-profit, private organisation that works in partnership with people to maximise abilities and optimise lifestyles following injury or illness by providing a range of services from state-wide specialty services to local community services. 
Royal Rehab clients may seek specialist rehabilitation programs for disabilities arising from spinal cord injury, occupational injury, orthopaedic injury and illness, traumatic brain injury and neurological loss, age-related illness and disease and trauma. Royal Rehab also provides community and accommodation and personal support services for people with disabilities throughout Sydney.",,,352,,https://www.linkedin.com/company/royal-rehab/,,NSW,Yes,Yes,A,1,0,1,Triple R NSW Campaign 3 Cold Export
8bf906772b077f10,beafreemason.org,Royal a free mason's,,,https://beafreemason.org,beafreemason.org,,,,,,,,,,,VIC,,,,1,0,0,Triple R VIC Campaign 3 Cold Export
b66985e23bb3e56f,rumbalara.org.au,Rumbalara Aboriginal Co-operative,,,https://rumbalara.org.au/,rumbalara.org.au,,,,,,,,,,,VIC,Unclear,Yes,A,1,0,0,Triple R VIC Campaign 3 Cold Export
f5e2ffcc5c1a9117,rnh.net.au,Rural Northwest Health,,,https://rnh.net.au/,rnh.net.au,,,,,,,,,,,VIC,No,Yes,A,1,0,0,Triple R VIC Campaign 3 Cold Export
4e0b78c872a1bba9,saihomecare.com.au,SAI Home & Community Care,,,https://saihomecare.com.au/,saihomecare.com.au,,,,,,,,,,,VIC,Yes,Yes,A,1,0,1,Triple R VIC Campaign 3 Cold Export
f2f1f849da893981,sealwell.com.au,SDR Fire,,,https://sealwell.com.au,sealwell.com.au,Construction,,2001-01-10T12:00:00.000Z,,,,,,,,VIC,,,C,1,0,0,Triple R VIC Campaign 3 Cold Export
08219f0347c3645e,seha.ae,SEHA Tawam Hospital,,,https://www.seha.ae/,seha.ae,,,,,,,,,,,NSW,No,No,A,1,0,0,Triple R NSW Campaign 3 Cold Export
f008b8ebf64d9f3f,sheppvillages.com.au,SHEPPARTON RETIREMENT VILLAGES,,,https://sheppvillages.com.au,sheppvillages.com.au,,,,,,,,,,,VIC,,,,1,0,0,Triple R VIC Campaign 3 Cold Export
fb93b7ba0126f0cf,speedcareservices.com.au,SPEED CARE SERVICES,,,https://speedcareservices.com.au,speedcareservices.com.au,,,,,,,,,,,VIC,Yes,Yes,A,1,0,0,Triple R VIC Campaign 3 Cold Export
6f0f00cf42cda9e4,spartanrecreation.com,SRAC,,,https://spartanrecreation.com/,spartanrecreation.com,,,,,,,,,,,NSW,No,No,A,1,0,0,Triple R NSW Campaign 3 Cold Export
7b300ac739630823,ssi-corporate.com,SSI,,,https://ssi-corporate.com/,ssi-corporate.com,,,,,,,,,,,NSW,Yes,No,A,1,0,0,Triple R NSW Campaign 3 Cold Export
e5bd732802dc259d,starlighthomecaretn.com,STARLIGHT HOME CARE,,,https://starlighthomecaretn.com/,starlighthomecaretn.com,Medical Practices,,2001-01-10T12:00:00.000Z,,,,,,,,VIC,Unclear,No,A,1,0,0,Triple R VIC Campaign 3 Cold Export
8dd8d1f80ccb83b4,thestaycompany.com,STAY,,,https://thestaycompany.com,thestaycompany.com,,,,,,,,,,,VIC,,,,1,0,0,Triple R VIC Campaign 3 Cold Export
1da9bfe386c08f84,supportcare.ltd,SUPPORT CARE,,,https://supportcare.ltd/,supportcare.ltd,,,,,,,,,,,NSW,No,No,A,1,0,0,Triple R NSW Campaign 3 Cold Export
8157ed819dfff0ff,swiaa.org,SWIAA,,,No website found,swiaa.org,,,,,,,,,,,NSW,Unclear,Yes,A,1,0,0,Triple R NSW Campaign 3 Cold Export
dc73f3b2cbb9620c,swahs.nsw.gov.au,SYDNEY WEST AREA HEALTH SERVICE,,201-500,https://swahs.nsw.gov.au,swahs.nsw.gov.au,Hospitals and Health Care,,,SYDNEY WEST AREA HEALTH SERVICE,,,400,,https://www.linkedin.com/company/sydney-west-area-health-service/,,NSW,,,B,1,0,0,Triple R NSW Campaign 3 Cold Export
a2860098cbf932a4,yoursabbatical.com,Sabbatical Break,,,https://www.yoursabbatical.com,yoursabbatical.com,,,,,,,,,,,NSW,Unclear,No,A,1,0,0,Triple R NSW Campaign 3 Cold Export
f50ed5479c526758,shcservices.com.au,Sabine’s Home Care Services,,,https://shcservices.com.au,shcservices.com.au,,,,,,,,,,,VIC,,,,1,0,0,Triple R VIC Campaign 3 Cold Export
9c1f2b3d197c3705,sacredheartmissiongladwin.com,Sacred Heart Mission,,,https://www.sacredheartmissiongladwin.com/,sacredheartmissiongladwin.com,,,,,,,,,,,VIC,Unclear,No,A,1,0,0,Triple R VIC Campaign 3 Cold Export
c473245bdafca13c,centreofhope.ca,Salvation Army Centre of Hope,,,https://centreofhope.ca/,centreofhope.ca,,,,,,,,,,,NSW,Yes,No,A,1,0,0,Triple R NSW Campaign 3 Cold Export
7a0814df9ebae84c,sanctuaryhousing.org.au,Sanctuary Housing Women’s Shelters,,2-10,https://sanctuaryhousing.org.au,sanctuaryhousing.org.au,Individual and Family Services,,2001-01-10T00:00:00.000Z,"Sanctuary Housing Limited is a not-for-profit organisation that provides fund raising for women who have found themselves homeless either through crises and dangerous situations.

Providing shelter, support and strength in times of need.
Temporary accommodation resulting in long term Housing Solutions.

Donate here to support the women and children in shelters:
https://www.paypal.com/donate/?hosted_button_id=ZG6X3WYY2LS6S",,,7,,,,NSW,Unclear,Yes,A,1,0,0,Triple R NSW Campaign 3 Cold Export
881b1874ac5fb88d,sendayo.com,Sendayo,,,https://sendayo.com,sendayo.com,,,,,,,,,,,VIC,,,C,1,0,1,Triple R VIC Campaign 3 Cold Export
42c985696bd30c58,sensiblecare.com,Sensible Care,,,https://www.sensiblecare.com,sensiblecare.com,,,,,,,,,,,VIC,,,,1,0,1,Triple R VIC Campaign 3 Cold Export
2f05dc027d6ab55e,sensiblecare.com.au,Sensible Care,,,https://sensiblecare.com.au,sensiblecare.com.au,Hospitals and Health Care,,,,,,,,,,VIC,Unclear,No,A,1,0,0,Triple R VIC Campaign 3 Cold Export
de718429a8d3a772,sentientsupport.com.au,Sentient Support,,,https://sentientsupport.com.au/,sentientsupport.com.au,Mental Health Care,,2001-01-10T12:00:00.000Z,,,,,,,,VIC,Yes,Yes,A,1,0,0,Triple R VIC Campaign 3 Cold Export
36b270b7e7b897f3,serenitymode.com,Serenity Mode,,,https://serenitymode.com/,serenitymode.com,,,,,,,,,,,VIC,Yes,Yes,A,1,0,0,Triple R VIC Campaign 3 Cold Export
4399f0cb18dd266c,setonvilla.com,Seton Villa,,,https://www.setonvilla.com/,setonvilla.com,,,,,,,,,,,NSW,Yes,No,A,1,0,1,Triple R NSW Campaign 3 Cold Export
28f88da3b6ec5c1c,sheffield.gov.uk,Sheffield City Council,,,https://www.sheffield.gov.uk/,sheffield.gov.uk,,,,,,,,,https://www.linkedin.com/search/results/all/?keywords=Sheffield+City+Council+-+Adult+Social+Services,,NSW,Yes,Yes,A,1,0,1,Triple R NSW Campaign 3 Cold Export
01bed9d93843b35c,shinningstarsupport.com.au,Shinning Star Support Services,,,https://www.shinningstarsupport.com.au/,shinningstarsupport.com.au,,,,,,,,,,,VIC,Yes,Yes,A,1,0,0,Triple R VIC Campaign 3 Cold Export
0e9b6eb8ae9ff38d,siemens-healthineers.com,Siemens Healthcare,,,https://www.siemens-healthineers.com/en-us,siemens-healthineers.com,,,,,,,,,,,VIC,,,,1,0,0,Triple R VIC Campaign 3 Cold Export
0bbc6a093482e2d0,silverchain.org.au,Silverchain group,,,https://silverchain.org.au/,silverchain.org.au,,,,,,,,,,,VIC,Unclear,Yes,A,1,0,0,Triple R VIC Campaign 3 Cold Export
3fe80db0ece16d5e,montefiorehome.com.au,Sir Moses Montefiore Jewish Home,,11-50,https://montefiorehome.com.au,montefiorehome.com.au,Medical Practices,,,"Montefiore is one of Australia's leading aged care providers, offering quality Residential Care in Sydney's Eastern Suburbs and North Shore as well as home care across the city. Offering the expert care that you and your loved ones deserve.",,,41,,,,NSW,Yes,Yes,A,1,0,1,Triple R NSW Campaign 3 Cold Export
ef417e95f9e5c6dd,royalrehab.se,Sir Moses Montefiore Jewish Home,,1,https://royalrehab.se,royalrehab.se,Veterinary Services,,2001-01-10T00:00:00.000Z,"En hund på kryckor har ni sett det ?
Våra fyrbenta kompisar skadar sig ibland och råkar ut för benbott, muskel- och ledskador. De kan även drabbas av åldersförslitningar och problem som artros och även övervikt kan ge hälsopåverkan.

När de behöver hjälp - så finns jag här och kan hjälpa till!

Royal Rehab, arbetar med friskvård och rehabilitering av hundar.
Företaget har sin lokal i Listerby med bara ett par minuters körväg från E22.

Följande behandlingar erbjuds:

* Vattenträning med hjälp av ett vattenlöpband.
* Massage/Stretching
* Laserbehandling (hund/human)
* Vibrationsträning
* Balans/Stabilitetsträning med tex pilatesboll",,,1,,https://www.linkedin.com/search/results/all/?keywords=Royal+Rehab,,NSW,Yes,Yes,A,1,0,1,Triple R NSW Campaign 3 Cold Export
33083111ba348558,skillup.online,Skillup College,,,https://skillup.online/,skillup.online,,,,,,,,,,,NSW,,,,1,0,0,Triple R NSW Campaign 3 Cold Export
24e10190a45c3cc2,skyplanmanagement.com.au,Sky Plan Management,,,https://www.skyplanmanagement.com.au/,skyplanmanagement.com.au,,,,,,,,,,,VIC,No,Yes,A,1,0,0,Triple R VIC Campaign 3 Cold Export
d72739dfec940b3e,solacedisability.com.au,Solace Disability,,2-10,https://solacedisability.com.au,solacedisability.com.au,Mental Health Care,,2001-01-10T00:00:00.000Z,"At Solace Disability, we are committed to delivering comprehensive support services across Sydney for individuals living with mental health and cognitive disabilities. Our tailored programs, such as Community Participation, enhance daily living skills and foster social inclusion. Through our Community Transition services, we assist participants in smoothly reintegrating into the community after time in correctional facilities or hospitals. With a person-centred approach, we focus on empowering our participants and collaborate closely with families and other services to achieve meaningful and positive outcomes in their lives.",,,3,,https://www.linkedin.com/company/solace-disability/,,NSW,,,C,1,0,1,Triple R NSW Campaign 3 Cold Export
169d5a8b25b3edd4,gov.uk,Sole Trader,,,https://www.gov.uk/become-sole-trader,gov.uk,,,,,,,,,https://www.linkedin.com/search/results/all/?keywords=Self-employed,,NSW,,,C,1,0,0,Triple R NSW Campaign 3 Cold Export
82f692ef3b6b1b17,sonichealthcare.com,Sonic Healthcare,,,https://www.sonichealthcare.com/,sonichealthcare.com,,,,,,,,,,,NSW,Yes,No,A,1,0,1,Triple R NSW Campaign 3 Cold Export
0869d8383e5c3cc1,soothesoulcare.com,Soothe Soul Care,,,https://soothesoulcare.com,soothesoulcare.com,,,,,,,,,https://www.linkedin.com/search/results/all/?keywords=Soothe+Soul+Care+,,NSW,,,B,1,0,0,Triple R NSW Campaign 3 Cold Export
ca9f7eb7f5082a46,sewacs.org.au,South East Women And Children Services,,,https://sewacs.org.au/,sewacs.org.au,,,,,,,,,,,NSW,Yes,No,A,1,0,0,Triple R NSW Campaign 3 Cold Export
f9dee986c069a1c9,semphn.org.au,South Eastern Melbourne PHN,,,https://www.semphn.org.au/,semphn.org.au,,,,,,,,,,,VIC,No,Yes,A,1,0,0,Triple R VIC Campaign 3 Cold Export
b46b291c0e894f6b,healthcare.southerncross.co.nz,Southern Cross Health Care,,,https://healthcare.southerncross.co.nz/,healthcare.southerncross.co.nz,,,,,,,,,,,NSW,,,,1,0,0,Triple R NSW Campaign 3 Cold Export
a781293013f1eede,southerncross.co.nz,Southern Cross Medical Svc,,,https://www.southerncross.co.nz/,southerncross.co.nz,,,,,,,,,,,NSW,Yes,Yes,A,1,0,0,Triple R NSW Campaign 3 Cold Export
df3fea7fa4e5a647,southernnevadahealthdistrict.org,Southern Health,,,https://southernnevadahealthdistrict.org,southernnevadahealthdistrict.org,,,,,,,,,,,VIC,No,No,A,1,0,0,Triple R VIC Campaign 3 Cold Export
f733ed7289f11a0e,sovereignlivesvictoria.com.au,Sovereign Lives Victoria,,,https://www.sovereignlivesvictoria.com.au,sovereignlivesvictoria.com.au,,,,,,,,,,,VIC,Yes,Yes,A,1,0,0,Triple R VIC Campaign 3 Cold Export
13a69873092088a5,spectrumvic.org.au,Spectrum Migrant Resource Centre,,,https://spectrumvic.org.au/,spectrumvic.org.au,,,,,,,,,,,VIC,Unclear,No,A,1,0,1,Triple R VIC Campaign 3 Cold Export
e288aba9cfe053c0,secl.org.au,Springvale Community aid and advice bureau,,,https://secl.org.au/,secl.org.au,,,,,,,,,,,VIC,,,C,1,0,0,Triple R VIC Campaign 3 Cold Export
a48512efa627ca9c,sriomcare.org.au,Sri Om Foundation,,,https://www.sriomcare.org.au/,sriomcare.org.au,,,,,,,,,,,NSW,Unclear,Yes,A,1,0,1,Triple R NSW Campaign 3 Cold Export
3f91da35a369a453,stbasils.com,St Basils,,,https://stbasils.com/,stbasils.com,,,,,,,,,,,NSW,Unclear,No,A,1,0,1,Triple R NSW Campaign 3 Cold Export
63743f977b5f6e16,stbrigidsgreen.com.au,St Brigid's Green,,2-10,https://stbrigidsgreen.com.au,stbrigidsgreen.com.au,,,2001-01-10T00:00:00.000Z,,,,4,,https://www.linkedin.com/company/st-brigid%27s-green/,,NSW,Yes,Yes,A,1,0,0,Triple R NSW Campaign 3 Cold Export
ee14fc75f5486e8f,stelizabethcommunity.org,St Elizabeth Home,,,https://stelizabethcommunity.org,stelizabethcommunity.org,,,,,,,,,https://www.linkedin.com/company/st-elizabeth-home-sydney/,,NSW,Yes,Yes,A,1,0,1,Triple R NSW Campaign 3 Cold Export
83aba9c965008fb9,stjohnsliving.org,St Johns Retirement Village,,,https://stjohnsliving.org/,stjohnsliving.org,,,,,,,,,,,VIC,,,C,1,0,0,Triple R VIC Campaign 3 Cold Export
5d86a0fc3db40706,sja.org.uk,St Johns ambulance,,,https://www.sja.org.uk/,sja.org.uk,,,,,,,,,,,VIC,,,,1,0,1,Triple R VIC Campaign 3 Cold Export
5f2bbd9becfe5601,slc.org.au,St Luke's Care,,51-200,https://slc.org.au,slc.org.au,Hospitals and Health Care,,,"St Luke's Care is a vibrant workplace that has delivered excellence in health and aged care for over 100 years.

With an unwavering commitment to health and wellbeing of the community, we are an independent organisation that balances sound commercial practices with benevolent objectives. Our philosophy: Quality Care with a Personal Touch. We're here to help.",,,196,,https://www.linkedin.com/company/st-luke's-care,,NSW,Unclear,No,A,1,0,1,Triple R NSW Campaign 3 Cold Export
86b5919a29e40ca8,constructedinlondon.com,St Saviours,,11-50,https://constructedinlondon.com,constructedinlondon.com,,,2001-11-20T00:00:00.000Z,,,,15,,https://www.linkedin.com/company/st-saviours/,,NSW,Unclear,No,A,1,0,1,Triple R NSW Campaign 3 Cold Export
ee0747d4f6f6b48e,svha.org.au,St Vincent's Health Australia,,,https://www.svha.org.au/,svha.org.au,,,,,,,,,,,NSW,Unclear,Yes,A,1,0,1,Triple R NSW Campaign 3 Cold Export
8d73c6edffa2a113,svph.org.au,St Vincent's Private Hospital Sydney,,,https://www.svph.org.au/,svph.org.au,,,,,,,,,https://www.linkedin.com/company/st-vincent's-private-hospital-sydney/,,NSW,Yes,Yes,A,1,0,0,Triple R NSW Campaign 3 Cold Export
1a89972fcd9d5ced,stgeorgeprivate.com.au,St. George Private Hospital,,,https://www.stgeorgeprivate.com.au,stgeorgeprivate.com.au,,,,,,,,,,,NSW,,,,1,0,0,Triple R NSW Campaign 3 Cold Export
ba47470bad018c64,svpsrilanka.org,St. Vincent De Paul Society,,11-50,https://svpsrilanka.org,svpsrilanka.org,Education Administration Programs,,,"The St. Vincent de Paul Society of Kalutara South was started at the Holy Cross Church, Kalutara in 1977 with only a handful of members.   Since then we have carried out various social service activities to up-grade the socio-economic state of low-income families in and around Kalutara, Sri Lanka.

About Education Circle

Currently more than 110 students are studying English, Mathematics, Science & Sinhalese 5 days per week and 25 volunteer teachers are teaching in out education circle.

If you are ready to take part of it, just drop me a mail or ring me on following contact number.
Contact : Jalayath Fernando
Contact No : +94718619462
Email : cj.esus@yahoo.com,  svpsrilanka@yahoo.com, info@svpsrilanka.org
Or Inbox to Facebook Page",,,42,,https://www.linkedin.com/company/conscience-vc/,,NSW,Unclear,No,A,1,0,0,Triple R NSW Campaign 3 Cold Export
5cd8a815406e5209,ssvpusa.org,St. Vincent de Paul Society,,,https://ssvpusa.org/,ssvpusa.org,,,,,,,,,https://www.linkedin.com/company/st.-vincent-de-paul-society-&-educational-circle/,,NSW,Unclear,No,A,1,0,0,Triple R NSW Campaign 3 Cold Export
64881aa8b1ea8599,starhealth.in,Star Health Group,,,https://www.starhealth.in/,starhealth.in,,,,,,,,,,,VIC,Unclear,No,A,1,0,0,Triple R VIC Campaign 3 Cold Export
9d3e5909e6f154a8,usa.gov,State Government,,,https://www.usa.gov/state-governments,usa.gov,,,,,,,,,,,VIC,,,,1,0,0,Triple R VIC Campaign 3 Cold Export
6371144afe8bd077,statecover.com.au,StateCover Mutual,,,https://www.statecover.com.au,statecover.com.au,,,,,,,,,,,NSW,Unclear,No,A,1,0,1,Triple R NSW Campaign 3 Cold Export
28ba0955227abdca,steppingout.org.au,Stepping Out Program,,2-10,https://steppingout.org.au,steppingout.org.au,Individual and Family Services,,2001-01-10T00:00:00.000Z,"Stepping Out Program (SOP) is a non-profit community based organisation with a 36-year history working with female adult survivors of childhood sexual abuse and their related complex trauma. Offering free case management, social inclusion groups as well as trauma recovery and relationships workshops. 

We provide trauma informed therapeutic support which emphasises a solution based focus that builds on client strengths with a client-centric approach. Improving capacity to live in the community and reducing social isolation.

#webelieveyou #youarenotalone #CSA #csaawareness #steppingout",,,9,,https://www.linkedin.com/search/results/all/?keywords=Stepping+Out+Program,,NSW,Unclear,No,A,1,0,1,Triple R NSW Campaign 3 Cold Export
50ac06c7e1576bfe,stretch-a-family.com.au,Stretch a Family,,,https://stretch-a-family.com.au/,stretch-a-family.com.au,,,,,,,,,https://www.linkedin.com/search/results/all/?keywords=T%2E+Haddad,,NSW,Unclear,No,A,1,0,1,Triple R NSW Campaign 3 Cold Export
a3fbfb0bd1bb1ba6,stretchafamily.com.au,Stretch-A-Family,,11-50,https://stretchafamily.com.au,stretchafamily.com.au,Non-profit Organizations,,2001-11-20T00:00:00.000Z,"Sydney based not-for-profit organisation established in 1977. We are an accredited non-government agency that delivers a comprehensive, integrated and inclusive environment that promotes the well being of children and young people aged 0-17 years through facilitation of family preservation and reconciliation, specialist foster care and medium and long-term residential care.",,,11,,https://www.linkedin.com/company/stretch-a-family/,,NSW,Yes,No,A,1,0,0,Triple R NSW Campaign 3 Cold Export
e82a766f4fa02243,studioartes.org.au,Studio ARTES,,,https://www.studioartes.org.au/,studioartes.org.au,,,,,,,,,,,NSW,,,,1,0,1,Triple R NSW Campaign 3 Cold Export
0e6cfce3c0c501d5,sublimecare.co.uk,Sublime Care,,,https://sublimecare.co.uk/,sublimecare.co.uk,,,,,,,,,,,NSW,Yes,No,A,1,0,0,Triple R NSW Campaign 3 Cold Export
d617ac1cb7105822,suesnursing.com.au,Sue's Home Care,,,https://www.suesnursing.com.au,suesnursing.com.au,,,,,,,,,https://www.linkedin.com/company/sue-s-home-care-nursing/,,NSW,Yes,Yes,A,1,0,0,Triple R NSW Campaign 3 Cold Export
ae04e8594152ec00,summitcare.com.au,SummitCare,,201-500,https://summitcare.com.au,summitcare.com.au,Hospitals and Health Care,,,"SummitCare is family owned and operated with over 50 years experience caring for and supporting families.

You can always expect a welcoming smile and a warm environment where you always feel instantly at home. Our qualified and passionate team have been handpicked and deliver outstanding care and support all day every day. 

We are committed to providing quality care, support and a lifestyle that ensures all our residents age well with dignity.",,,298,,https://www.linkedin.com/company/summitcare/,,NSW,No,No,A,1,0,0,Triple R NSW Campaign 3 Cold Export
dca0e17e023a4b97,sundoctors.com.au,SunDoctors Skin Cancer Clinics,,,https://sundoctors.com.au/,sundoctors.com.au,,,,,,,,,https://www.linkedin.com/company/heartful-support-services/,,NSW,,,B,1,0,1,Triple R NSW Campaign 3 Cold Export
88df160fbefd13f4,sunshine.com,Sunshine,,,https://sunshine.com/,sunshine.com,,,,,,,,,https://www.linkedin.com/search/results/all/?keywords=Sunshine,,NSW,Unclear,No,A,1,0,1,Triple R NSW Campaign 3 Cold Export
e65b9780a5d4feb5,supportplanmanagement.com.au,Support Plan Management,,,https://supportplanmanagement.com.au/,supportplanmanagement.com.au,,,,,,,,,,,NSW,Unclear,No,A,1,0,1,Triple R NSW Campaign 3 Cold Export
e006561ae6491951,sscss.org.au,Sutherland Shire Carer Support Service,,,http://www.sscss.org.au,sscss.org.au,,,,,,,,,https://www.linkedin.com/search/results/all/?keywords=Sutherland+Shire+Carer+Support+Service,,NSW,Yes,No,A,1,0,0,Triple R NSW Campaign 3 Cold Export
a2aca9e7b3b45654,sydney.com,Sydney,,,https://www.sydney.com/,sydney.com,,,,,,,,,,,NSW,,,,1,0,0,Triple R NSW Campaign 3 Cold Export
2687bcae536d3039,sah.org.au,Sydney Adventist Hospital,,,https://www.sah.org.au/,sah.org.au,,,,,,,,,,,NSW,,,,1,0,0,Triple R NSW Campaign 3 Cold Export
bbe6bfc31624a96d,sydneydogsandcatshome.org,Sydney Dogs & Cats Home,,11-50,https://sydneydogsandcatshome.org,sydneydogsandcatshome.org,Non-profit Organizations,,,"Sydney Dogs & Cats Home was established in 1946 and today, is Sydney's only charity pound that responsibly reunites and rehomes lost and abandoned pets.

Servicing multiple council areas across Sydney, the Home opens its doors to up to 3,000 pets each year and prides itself on never placing a time limit on any animal awaiting adoption.

Sydney Dogs & Cats Home is also a pivotal community facility, assisting not only with animal welfare, but also with aged care initiatives, disability care programs, school and higher education assistance and community service programs.",,,33,,https://www.linkedin.com/company/sydney-dogs-and-cats-home/,,NSW,Yes,No,A,1,0,1,Triple R NSW Campaign 3 Cold Export
00a64558f693ddfc,sydneyeyehospitalfoundation.org.au,Sydney Eye Hospital Foundation,,51-200,https://sydneyeyehospitalfoundation.org.au,sydneyeyehospitalfoundation.org.au,Hospitals and Health Care,,,"Fundraising activities for Sydney Eye Hospital to ensure that it is the centre for ophthalmic excellence in New South Wales by providing Fellowships, equipment and research into eye diseases.",,,97,,https://www.linkedin.com/company/sydney-eye-hospital-foundation/,,NSW,Yes,No,A,1,0,0,Triple R NSW Campaign 3 Cold Export
2667c31b9d52193c,sydneymet.edu.au,Sydney Metropolitan Institute of Technology,,,https://sydneymet.edu.au/,sydneymet.edu.au,,,,,,,,,,,NSW,,,,1,0,1,Triple R NSW Campaign 3 Cold Export
84b9f8762ba6264b,snhn.org.au,Sydney North Health Network,,51-200,https://snhn.org.au,snhn.org.au,Hospitals and Health Care,,,"The Northern Sydney PHN, operated by the Sydney North Health Network, is one of 31 Primary Health Networks (PHNs) established by the Australian Government to increase the efficiency and effectiveness of medical services for the community. 

Our focus is on patients who are at risk of poor health outcomes and we work to improve the coordination of their care so they receive the right care, in the right place at the right time. 

Contact us:
Telephone: (02) 9432 8250
Email: info@snhn.org.au",,,94,,https://www.linkedin.com/company/sydney-north-health-network/,,NSW,Yes,No,A,1,0,1,Triple R NSW Campaign 3 Cold Export
392ea79b7c5a79ce,sydney-selfdefence.com.au,Sydney Self Defence Centre,,,https://sydney-selfdefence.com.au/,sydney-selfdefence.com.au,,,,,,,,,,,NSW,,,,1,0,0,Triple R NSW Campaign 3 Cold Export
7d96bb9bfbb8d8d9,justicehealth.nsw.gov.au,Sydney West Local Health District,,501-1000,https://justicehealth.nsw.gov.au,justicehealth.nsw.gov.au,Hospitals and Health Care,,,"Justice Health and Forensic Mental Health Network (Justice Health NSW) delivers health care to adults and young people in contact with the forensic mental health and criminal justice systems in NSW, across community, inpatient and custodial settings. 

Justice Health NSW forms a vital component of the NSW public health system through its support of a highly vulnerable patient population whose health needs are often numerous and more complex than the wider community. 

Our staff work closely with a number of partner agencies and key stakeholders, including the NSW Ministry of Health, Corrective Services NSW, Juvenile Justice NSW; and other local health districts and specialty networks. 

We have a workforce of 1470 employees at over 90 locations in metropolitan and regional NSW including medical, dental, nursing, allied health and corporate support staff. 

Our health community is unique – with many having had minimal contact with mainstream health services in the community.

Join our mission to transform lives by delivering healthier tomorrows through excellence in patient centred care.",,,856,,https://www.linkedin.com/company/nsw-justice-health/,,NSW,,,C,1,0,1,Triple R NSW Campaign 3 Cold Export
f4640ea9ad54e312,tal.com.au,TAL Australia,,1001-5000,https://tal.com.au,tal.com.au,Insurance,,,"TAL is Australia's leading life insurance specialist*. For over 150 years, TAL has been protecting people, not things. Together with its partners, TAL insures more than 5 million^ customers and offers life insurance through the following channels: direct to consumer; through a financial adviser; and via group and workplace superannuation schemes. TAL is part of the Daiichi Life Group, one of the world’s largest insurance groups.  

House rules Please find our social community guidelines here: https://www.tal.com.au/disclaimer 


* Results determined by NMG based on TAL market share of inforce premiums as at 31 March 2024.   

^ Based on insured customer policies and insured members of superannuation funds across Group, Retail and Direct",,,2756,,https://www.linkedin.com/company/talaustralia/,,NSW,,,C,1,0,1,Triple R NSW Campaign 3 Cold Export
27a5301165e9fe0c,tba.group,TBA,,,https://tba.group/,tba.group,,,,,,,,,,,VIC,,,,1,0,0,Triple R VIC Campaign 3 Cold Export
9de31719ba261db7,thewillowsprivatenursinghome.com.au,THE WILLOWS PRIVATE NURSING HOME,,,https://www.thewillowsprivatenursinghome.com.au/,thewillowsprivatenursinghome.com.au,,,,,,,,,,,NSW,No,Yes,A,1,0,0,Triple R NSW Campaign 3 Cold Export
1bc13608ead11145,tlc.com,TLC,,,https://www.tlc.com/,tlc.com,,,,,,,,,,,VIC,No,No,A,1,0,0,Triple R VIC Campaign 3 Cold Export
aa8877794988e0f3,tlchealthcare.com.au,TLC Aged Care,,,https://www.tlchealthcare.com.au/,tlchealthcare.com.au,,,,,,,,,,,VIC,,,,1,0,0,Triple R VIC Campaign 3 Cold Export
194a43049a7cabda,trinity-manor.com,TRINITY MANOR NURSING HOME,,,https://trinity-manor.com/,trinity-manor.com,,,,,,,,,,,VIC,No,Yes,A,1,0,0,Triple R VIC Campaign 3 Cold Export
c3514ef008c946d6,talentquarter.com,Talent Quarter,,,https://talentquarter.com,talentquarter.com,Staffing and Recruiting,,,,,,,,,,VIC,Unclear,Yes,A,1,0,1,Triple R VIC Campaign 3 Cold Export
3f26bdbca75bbd04,teachershealth.com.au,Teachers Health,,201-500,https://teachershealth.com.au,teachershealth.com.au,Insurance,,,"Teachers Health is a not-for-profit health fund for members of the education community, and their families. We were created by teachers (for teachers) over 60 years ago and are now the largest industry-based health fund in Australia, covering the lives of over 360,000 people. 

Today, our members include teachers, administration and support staff working in public, private and independent primary and secondary schools, as well as tertiary education. Membership is also open to families of eligible members.",,,357,,https://www.linkedin.com/company/teachers-health-fund/,,NSW,Yes,Yes,A,1,0,0,Triple R NSW Campaign 3 Cold Export
164d7cbdd3392a79,teladochealth.com,Teladoc Health,,,https://teladochealth.com,teladochealth.com,Hospitals and Health Care,,,,,,,,https://www.linkedin.com/company/teladoc-health/,,VIC,Unclear,No,A,1,0,0,Triple R VIC Campaign 3 Cold Export
b4d2cb67a4d1e7b1,telstrahealth.com,Telstra Health,,,https://www.telstrahealth.com/,telstrahealth.com,,,,,,,,,,,NSW,,,,1,0,0,Triple R NSW Campaign 3 Cold Export
8b713d11c8e82c50,thompsonhealthcare.com.au,Terrey hills nursing home,,,https://thompsonhealthcare.com.au/our-homes/terrey-hills-nursing-home/,thompsonhealthcare.com.au,,,,,,,,,,,NSW,,,,1,0,0,Triple R NSW Campaign 3 Cold Export
1c8dffecc7dc6034,families.nt.gov.au,Territory Families,,,https://families.nt.gov.au/,families.nt.gov.au,,,,,,,,,,,VIC,,,C,1,0,0,Triple R VIC Campaign 3 Cold Export
09619fa96f279f01,thealexanderagedcare.com.au,The Alexander Aged Care Centre,,,https://thealexanderagedcare.com.au/,thealexanderagedcare.com.au,,,,,,,,,,,VIC,Unclear,No,A,1,0,0,Triple R VIC Campaign 3 Cold Export
45165db928863205,avenuemedicalclinic.com.au,The Avenue Family Medical Clinic,,,https://www.avenuemedicalclinic.com.au/,avenuemedicalclinic.com.au,,,,,,,,,,,VIC,,,,1,0,0,Triple R VIC Campaign 3 Cold Export
f321c4a61c6e923c,mypractitioners.com.au,The Benevolent Society,,11-50,https://mypractitioners.com.au,mypractitioners.com.au,Individual and Family Services,,2001-11-20T00:00:00.000Z,"Our team of therapists and behaviour support practitioners work with people of all ages, including children and young people who are difficult to engage. Once we get to know a participant and his or her strengths and skills, we design an individualised therapy program to meet their needs.",,,17,,https://www.linkedin.com/company/my-disability-practitioners/,,NSW,No,Yes,A,1,0,1,Triple R NSW Campaign 3 Cold Export
43418a3750e39c8a,thebitrates.com,The Bitrates,,,https://thebitrates.com/,thebitrates.com,,,,,,,,,,,NSW,Unclear,No,A,1,0,0,Triple R NSW Campaign 3 Cold Export
f5acbea5e800f4dc,thebreakpb.com,The Break,,,https://thebreakpb.com/,thebreakpb.com,,,,,,,,,,,VIC,,,,1,0,0,Triple R VIC Campaign 3 Cold Export
f9b06cc1e4d5cb9e,cancercouncil.com.au,The Cancer Council NSW,,201-500,https://cancercouncil.com.au,cancercouncil.com.au,Non-profit Organizations,,,"Cancer Council believes in a cancer free future. It is the only organisation that works across every area of every cancer: research, prevention, advocacy, information and support. Cancer Council NSW is an independent charity and is over 94% community funded.

Our unique combination of local program delivery, community engagement and national influence enables everyone who cares about reducing the impact of cancer to make the biggest possible difference",,,478,,https://www.linkedin.com/company/cancer-council-nsw/,,NSW,,,B,1,0,0,Triple R NSW Campaign 3 Cold Export
8f6b07e02042d577,code.org,The Coding,,,https://code.org/,code.org,,,,,,,,,,,VIC,,,,1,0,0,Triple R VIC Campaign 3 Cold Export
c7a8ced3030d4b42,facttree.org.au,The Fact Tree Youth Service,,,https://facttree.org.au,facttree.org.au,,,,,,,,,,,NSW,,,,1,0,0,Triple R NSW Campaign 3 Cold Export
7e4116484f87bd33,thefamilyco.org.au,The Family,,11-50,https://thefamilyco.org.au,thefamilyco.org.au,Non-profit Organizations,,,"The Family Co (formerly Sutherland Shire Family Services) is a comprehensive wrap-around service that does both short and long term work with women, families, young people and children in the Sutherland Shire and St.George areas who have experienced trauma, disadvantage or violence. We focus on capacity, need, and connecting people with help that not only provides a safety net, financially and emotionally, but helps people heal from trauma and rebuild their lives. 

The Family Co team of qualified professionals such as social workers, family therapists, educators and welfare workers deliver real and practical support to uplift family outcomes. 
 
We offer Family Case Worker Services, providing information, advocacy and referrals, Education and Support Groups, and Court Advocacy Services. We also offer specialised, culturally appropriate and responsive Aboriginal support services.  We provide quality, evidence-based programs that positively contribute to the safety and well-being of families, creating a brighter future for children in the community, Our Building Resilience in Children (BRIC) Project is a specialised, child- focussed early intervention domestic violence support program that supports families who have experienced trauma rebuild their secure attachment and create emotionally safe environments for their children.

Please call us on (02) 9528 2933 or email community@thefamilyco.org.au. Our website is www.thefamilyco.org.au.",,,24,,https://www.linkedin.com/company/the-family-co/,,NSW,No,No,A,1,0,0,Triple R NSW Campaign 3 Cold Export
89f45c419724dc76,geogroup.com.au,The GEO Group Australia,,,https://geogroup.com.au/,geogroup.com.au,,,,,,,,,,,VIC,Unclear,No,A,1,0,0,Triple R VIC Campaign 3 Cold Export
66580ed3fd710460,refugegirlsacademy.com,The Girls Refuge,,,https://refugegirlsacademy.com/,refugegirlsacademy.com,,,,,,,,,https://www.linkedin.com/search/results/all/?keywords=Guildford+Greystanes+Physical+Culture+Club,,NSW,No,No,A,1,0,0,Triple R NSW Campaign 3 Cold Export
127664e1643b3542,themanwalk.com.au,The Man Walk Australia,,,https://themanwalk.com.au,themanwalk.com.au,,,,,,,,,,,NSW,,,,1,0,0,Triple R NSW Campaign 3 Cold Export
e24f6d08a1a218e9,themelbourneclinic.com.au,The Melbourne Clinic,,,https://themelbourneclinic.com.au/,themelbourneclinic.com.au,,,,,,,,,,,VIC,,,,1,0,0,Triple R VIC Campaign 3 Cold Export
74bfede5ad8f893c,aacqa.gov.au,The Orchards Aged Care,,11-50,https://aacqa.gov.au,aacqa.gov.au,Government Administration,,2001-11-20T00:00:00.000Z,,,,19,,https://www.linkedin.com/search/results/all/?keywords=The+Orchards+Aged+Care+-+Astoria+Group,,NSW,Yes,No,A,1,0,0,Triple R NSW Campaign 3 Cold Export
f164b8141f404a39,the-orchards.com,The Orchards Aged Care,,,https://the-orchards.com/,the-orchards.com,,,,,,,,,,,NSW,Unclear,No,A,1,0,1,Triple R NSW Campaign 3 Cold Export
c153d2c4f65b9c64,planningcollective.com,The Planning Collective,,,https://www.planningcollective.com/,planningcollective.com,,,,,,,,,,,VIC,Unclear,No,A,1,0,0,Triple R VIC Campaign 3 Cold Export
5495e34f670f91a7,rch.org.au,The Royal Children's Hospital,,,https://www.rch.org.au/,rch.org.au,,,,,,,,,,,VIC,Yes,No,A,1,0,1,Triple R VIC Campaign 3 Cold Export
cf6ae24591aeb610,salvos.org.au,The Salvation Army Aged Care,,51-200,https://salvos.org.au,salvos.org.au,Hospitals and Health Care,,,"Our services span across Australia in residential aged care centres, retirement villages, a dedicated respite centre and Healthlink clinic as well as community care services.

We offer support that suits your stage in life, whether you need help in the comfort of your own home, want to enjoy a maintenance-free lifestyle in one of our vibrant retirement communities or require 24-hour care in one of our aged care centres.",,,89,,,,NSW,Yes,No,A,1,0,0,Triple R NSW Campaign 3 Cold Export
cdec766c8720a152,tipping.org.au,The Tipping Foundation,,,https://www.tipping.org.au/,tipping.org.au,,,,,,,,,,,VIC,Yes,No,A,1,0,0,Triple R VIC Campaign 3 Cold Export
ec9d3b81f7d16c74,theircare.com.au,TheirCare,,,https://theircare.com.au/,theircare.com.au,,,,,,,,,,,VIC,No,No,A,1,0,0,Triple R VIC Campaign 3 Cold Export
8cef9d1b08e5c5ed,thompsonhealth.com,Thompson Health Care,,,https://www.thompsonhealth.com/,thompsonhealth.com,,,,,,,,,,,NSW,No,Yes,A,1,0,0,Triple R NSW Campaign 3 Cold Export
ce8e7cd2f8ba1031,thumbsupdsp.com.au,Thumbs Up Community Services,,,https://www.thumbsupdsp.com.au,thumbsupdsp.com.au,,,,,,,,,,,VIC,Yes,Yes,A,1,0,0,Triple R VIC Campaign 3 Cold Export
32d7c068fedcfe2b,tianshicare.com.au,Tianshi Care Australia,,,https://tianshicare.com.au/,tianshicare.com.au,,,,,,,,,,,VIC,Yes,No,A,1,0,0,Triple R VIC Campaign 3 Cold Export
381d0d47f1057a8a,tintern.vic.edu.au,Tintern Grammar,,,https://www.tintern.vic.edu.au/,tintern.vic.edu.au,,,,,,,,,,,VIC,,,,1,0,0,Triple R VIC Campaign 3 Cold Export
7c46d5220cceb24c,totalcaredisabilityservices.com.au,Total Care Disability Services,,,https://totalcaredisabilityservices.com.au,totalcaredisabilityservices.com.au,,,,,,,,,https://www.linkedin.com/company/total-care-disability-services/,,NSW,Yes,No,A,1,0,1,Triple R NSW Campaign 3 Cold Export
48673d33c90f445e,twrecruitment.com,Tradewind Recruitment,,,https://twrecruitment.com,twrecruitment.com,,,,,,,,,https://www.linkedin.com/company/tradewind-recruitment/,,NSW,Unclear,Yes,A,1,0,0,Triple R NSW Campaign 3 Cold Export
0c6cf13683c07e60,tac.vic.gov.au,Transport Accident Commission,,,https://www.tac.vic.gov.au/,tac.vic.gov.au,,,,,,,,,,,VIC,Unclear,No,A,1,0,0,Triple R VIC Campaign 3 Cold Export
cd03d3de4ae96291,tribalwarrior.org,Tribal Warrior Association,,,https://www.tribalwarrior.org/,tribalwarrior.org,,,,,,,,,,,NSW,,,,1,0,0,Triple R NSW Campaign 3 Cold Export
8df78e628f169779,trilogydisabilityservices.com.au,Trilogy Disability Services,,11-50,https://trilogydisabilityservices.com.au,trilogydisabilityservices.com.au,Hospitals and Health Care,,,"Trilogy Disability Services is a boutique disability service provider, focused on working with our participants to achieve their person-centred goals.

Drawing upon over 30 years of experience, Cathy and her Co-Director Nicole (Nicki) opened their first property in March 2017, specialising in children’s respite care. Four years later with up to 17 properties located on both the Central Coast and upper North Shore, Trilogy Disability Services is still growing.

We have a team of passionate and dedicated support staff that have specialised in creating outside-the-box experiences for our participants, helping them imagine the unimaginable.",,,22,,https://www.linkedin.com/company/trilogydisabilityservices/,,NSW,Yes,Yes,A,1,0,1,Triple R NSW Campaign 3 Cold Export
365cbdd533313d01,trinitynursingstaffllc.com,Trinity Nursing Services,,,https://www.trinitynursingstaffllc.com/,trinitynursingstaffllc.com,,,,,,,,,,,VIC,,,,1,0,0,Triple R VIC Campaign 3 Cold Export
55f5149c37799d73,trustedcarepartners.org,Trusted Care Partners,,,https://trustedcarepartners.org,trustedcarepartners.org,,,,,,,,,,,VIC,Yes,No,A,1,0,0,Triple R VIC Campaign 3 Cold Export
e3fac4e18dbe99ca,trustedhomecare.com.au,Trusted Home Care,,11-50,https://trustedhomecare.com.au,trustedhomecare.com.au,Wellness and Fitness Services,,2001-11-20T00:00:00.000Z,,,,15,,https://www.linkedin.com/company/trusted-home-care/,,NSW,Yes,No,A,1,0,1,Triple R NSW Campaign 3 Cold Export
3b40dabb78994d90,unitedhealthgroup.com,UHG,,,https://www.unitedhealthgroup.com/,unitedhealthgroup.com,,,,,,,,,,,VIC,No,No,A,1,0,0,Triple R VIC Campaign 3 Cold Export
4ca1106693a3a6b0,unicef.org,UNICEF Zimbabwe,,,https://www.unicef.org/zimbabwe/,unicef.org,,,,,,,,,,,VIC,,,,1,0,1,Triple R VIC Campaign 3 Cold Export
814416ae2732c325,upa.org.au,UPA of NSW,,51-200,https://upa.org.au,upa.org.au,Non-profit Organizations,,,"UPA (the United Protestant Association of NSW) is an 85-year-old provider on the rise. 

With a dedicated team of over 1,400 staff, UPA delivers exceptional care to thousands of individuals across New South Wales and Northern Victoria.
 
Our services include Home Care, Retirement Villages, and Residential Aged Care Facilities, all designed to uphold the highest standards of care.
 
We welcome all comers in keeping with our philosophy that every person has the right to live in peace and dignity, with respect and security, irrespective of age.
 
We offer a range of rewarding career opportunities for individuals who share our values. Explore current job openings at Working at UPA: https://careers.upa.org.au/working-at-upa",,,145,,https://www.linkedin.com/company/upa-of-nsw-ltd/,,NSW,Yes,No,A,1,0,0,Triple R NSW Campaign 3 Cold Export
f053942b792658a0,unitingcareqld.com.au,UnitingCare Community Options,,,https://www.unitingcareqld.com.au/,unitingcareqld.com.au,,,,,,,,,,,VIC,Yes,Yes,A,1,0,0,Triple R VIC Campaign 3 Cold Export
1faa35be98f7a4ff,ucgipps.org.au,UnitingCare Gippsland,,,https://www.ucgipps.org.au,ucgipps.org.au,,,,,,,,,,,VIC,Yes,Yes,A,1,0,0,Triple R VIC Campaign 3 Cold Export
cceafa1ca64c0725,unitingcare.org,UnitingCare NSW.ACT,,,https://www.unitingcare.org,unitingcare.org,,,,,,,,,,,NSW,Yes,No,A,1,0,1,Triple R NSW Campaign 3 Cold Export
0df4e650518966eb,canberra.edu.au,University of Canberra,,,https://www.canberra.edu.au/,canberra.edu.au,,,,,,,,,,,VIC,,,,1,0,1,Triple R VIC Campaign 3 Cold Export
1674c6e0ed97aef7,divinity.edu.au,University of Divinity,,,https://divinity.edu.au/,divinity.edu.au,,,,,,,,,,,VIC,Unclear,Yes,A,1,0,0,Triple R VIC Campaign 3 Cold Export
977fdd761e93570d,gla.ac.uk,University of Glasgow,,,https://www.gla.ac.uk/,gla.ac.uk,,,,,,,,,,,VIC,,,,1,0,0,Triple R VIC Campaign 3 Cold Export
0102a15c6850d771,utas.edu.au,University of Tasmania,,,https://www.utas.edu.au/,utas.edu.au,,,,,,,,,,,NSW,,,,1,0,1,Triple R NSW Campaign 3 Cold Export
1883d5e6be15f3ec,unmatchedsupports.com.au,Unmatched Support Services Australia,,,https://unmatchedsupports.com.au/,unmatchedsupports.com.au,,,,,,,,,,,VIC,Yes,Yes,A,1,0,0,Triple R VIC Campaign 3 Cold Export
3f6cc0682d5ad5d6,uyghur.foundation,Uyghur Charity,,,https://uyghur.foundation,uyghur.foundation,,,,,,,,,https://www.linkedin.com/company/fairfoundationsau/,,NSW,,,C,1,0,1,Triple R NSW Campaign 3 Cold Export
f2c6e8bbe04d58cc,vacro.org.au,Vacro,,,https://www.vacro.org.au/,vacro.org.au,,,,,,,,,,,VIC,Yes,No,A,1,0,0,Triple R VIC Campaign 3 Cold Export
f5bc0189f52d7b3d,victorchang.edu.au,Victor Chang Cardiac Research Institute,,201-500,https://victorchang.edu.au,victorchang.edu.au,Research Services,,,"The Victor Chang Cardiac Research Institute is dedicated to finding cures for cardiovascular disease through world-class medical research. Renowned for the quality of its scientific breakthroughs, the team at the Institute is working urgently to discover better ways of diagnosing, treating and preventing the onset of heart disease. With over 200 scientists and doctors working together across 23 laboratories in NSW and WA, the Victor Chang Cardiac Research Institute has earned its place on the global stage as one of the most respected medical research facilities in the world. The Institute was established in 1994 in honour of the pioneering Australian heart surgeon, Dr Victor Chang.",,,231,,https://www.linkedin.com/company/victor-chang-cardiac-research-institute/,,NSW,Yes,Yes,A,1,0,1,Triple R NSW Campaign 3 Cold Export
eb4b26fc43079574,linkupvictoria.org.au,Victorian Aboriginal Stolen Generations,,,https://linkupvictoria.org.au/,linkupvictoria.org.au,,,,,,,,,,,VIC,No,No,A,1,0,0,Triple R VIC Campaign 3 Cold Export
84d4870d4e1a6847,villamariawines.com,Villa Maria,,,https://villamariawines.com/,villamariawines.com,,,,,,,,,,,VIC,No,No,A,1,0,0,Triple R VIC Campaign 3 Cold Export
9ebe69d9c867fa78,cc-md.org,Villa Maria Western Community Services,,,https://cc-md.org/programs/villa-maria-behavioral-health/,cc-md.org,,,,,,,,,,,VIC,Unclear,No,A,1,0,0,Triple R VIC Campaign 3 Cold Export
875586cf2d3ffc69,climate.org.au,Vinnies Victoria,,,https://climate.org.au,climate.org.au,Environmental Services,,2001-01-10T12:00:00.000Z,,,,,,,,VIC,Yes,Yes,A,1,0,0,Triple R VIC Campaign 3 Cold Export
8a24925b7f7f2b85,joinviolet.com,Violet,,,https://www.joinviolet.com/,joinviolet.com,,,,,,,,,,,VIC,,,B,1,0,0,Triple R VIC Campaign 3 Cold Export
e7951c8a59866494,vitalitysupportcare.com.au,Vitality support care,,,https://vitalitysupportcare.com.au/,vitalitysupportcare.com.au,,,,,,,,,,,VIC,Yes,Yes,A,1,0,0,Triple R VIC Campaign 3 Cold Export
514f315913e7010a,wiseemployment.com.au,WISE Employment,,,https://wiseemployment.com.au/,wiseemployment.com.au,,,,,,,,,,,NSW,,,C,1,0,1,Triple R NSW Campaign 3 Cold Export
e4b231c8a0bd5381,wolper.com.au,WOLPER JEWISH HOSPITAL,,,https://wolper.com.au/,wolper.com.au,,,,,,,,,,,NSW,,,,1,0,0,Triple R NSW Campaign 3 Cold Export
a14a1cb12bc6fa3e,mymichigan.org,War Memorial Hospital,,201-500,https://mymichigan.org,mymichigan.org,Hospitals and Health Care,,,"War Memorial Hospital has served our communities for more than 100 years and employs more than 880 individuals who are deeply committed to delivering patient-focused care.
WMH is home to an 82-bed acute care hospital, a 51-bed Long Term Care unit, a brand-new Emergency Department, a 30,000-square foot Rehabilitation Center, and several satellite clinics located throughout the Eastern Upper Peninsula of Michigan. We believe in healthcare that is delivered close to home by the highly-trained people you know and trust.",,,435,,https://www.linkedin.com/company/war-memorial-hospital/,,NSW,Yes,No,A,1,0,1,Triple R NSW Campaign 3 Cold Export
ebb20758c20349bc,warramunda.com.au,Warramunda Village,,,https://www.warramunda.com.au,warramunda.com.au,,,,,,,,,,,VIC,,,,1,0,1,Triple R VIC Campaign 3 Cold Export
37c0750451a7b1ad,studenthealth.ku.edu,Watkins Case Management,,,https://studenthealth.ku.edu,studenthealth.ku.edu,,,,,,,,,,,VIC,Unclear,No,A,1,0,0,Triple R VIC Campaign 3 Cold Export
304da9ac62b0b8b5,wattletreehealthgroup.com.au,Wattletree Health Group,,,https://wattletreehealthgroup.com.au/,wattletreehealthgroup.com.au,,,,,,,,,,,VIC,,,,1,0,0,Triple R VIC Campaign 3 Cold Export
0c370e3c7809c27a,waysidechapel.org.au,Wayside Chapel,,51-200,https://waysidechapel.org.au,waysidechapel.org.au,Non-profit Organizations,,,"Wayside Chapel has provided unconditional love, care and support for people on and around the streets of Kings Cross since 1964. Today, under the banner of Love over Hate, Wayside runs two community services centre, outreach service, mental health program, two community cafes, an Aboriginal Cultural Centre, Women's Program; programs and support designed to ensure that the most marginalised members of our community have access to essential health, welfare, social and recreational services, as well as offering a place where people are welcome just to ‘be’.",,,136,,,,NSW,Unclear,Yes,A,1,0,1,Triple R NSW Campaign 3 Cold Export
4091c2d5d4aced7b,whos.com.au,We Help Ourselves,,,https://whos.com.au/,whos.com.au,,,,,,,,,,,NSW,,,,1,0,1,Triple R NSW Campaign 3 Cold Export
db8b474d61474c49,wesupportaustralia.com.au,WeSupport Australia,,1,https://wesupportaustralia.com.au,wesupportaustralia.com.au,Home Health Care Services,,2001-01-10T00:00:00.000Z,"Welcome to We Support Australia. We’re here because we believe everyone deserves support that understands them. We grew up here, we live here, and we’re part of the community just like you. 

We exist to bring you genuine support from real people who care. We’re all about creating strong, reliable support tailored just for you. Here, you’re a valued member of our tight-knit community. 

We’re excited to get to know you and work together to make your NDIS plan work for you.",,,1,,https://www.linkedin.com/search/results/all/?keywords=WeSupport+Australia,,NSW,Yes,No,A,1,0,1,Triple R NSW Campaign 3 Cold Export
36458803c21d6766,getweave.com,Weave,,,https://www.getweave.com/,getweave.com,,,,,,,,,,,NSW,Unclear,No,A,1,0,1,Triple R NSW Campaign 3 Cold Export
033b798daa9e3002,weave.org.au,Weave Youth & Community Services,,51-200,https://weave.org.au,weave.org.au,Non-profit Organizations,,,"Weave Youth & Community Services is a place-based community organisation located on unceded Gadigal and Bidjigal Land in Sydney, that has been delivering a range of programs, supports and services developed with and for the community. Weave began in 1976 when a group of Aboriginal women advocated for services and support for local young people in Redfern/Waterloo.
Weave’s purpose is to empower people to change their lives, and healing and connection is at the centre of our work. Weave supports children, young people, women and families who are impacted by systemic disadvantage and intergenerational trauma. Around 70% of all those we support across Weave are Aboriginal and/or Torres Strait Islander people. As a non-Aboriginal controlled organisation, Weave is strongly committed to walking alongside Aboriginal and Torres Strait Islander people in their ongoing fight for justice and self-determination. 
Our work at every level is guided by our Aboriginal Healing Framework.",,,51,,https://www.linkedin.com/company/weave-youth-family-community/,,NSW,No,No,A,1,0,1,Triple R NSW Campaign 3 Cold Export
0cb681c844e8128a,wsydmoving.com.au,WentWest,,2-10,https://wsydmoving.com.au,wsydmoving.com.au,Non-profit Organizations,,2001-01-10T00:00:00.000Z,"WSYD Moving is a registered health promotion charity dedicated to tackling physical inactivity and inequity across Western Sydney. 

As a community-led, systems-based movement, WSYD Moving brings together cross-sector partners to co-create healthier, more connected communities. Its mission is to systemise and enable the community to reduce inequity of access to healthy lifestyles through sport, physical activity, and movement.",,,5,,https://www.linkedin.com/company/wsyd-moving/,,NSW,,,C,1,0,1,Triple R NSW Campaign 3 Cold Export
07dd13de42f518fc,wit.edu,Wentworth College,,,https://www.wit.edu/,wit.edu,,,,,,,,,,,VIC,,,,1,0,0,Triple R VIC Campaign 3 Cold Export
5909efdf98731405,lifeline.org.au,Wesley Dalmar,,1001-5000,https://lifeline.org.au,lifeline.org.au,Mental Health Care,,,"Suicide is the leading cause of death for Australians aged 15 – 44 with around 21,000 Australians affected by the death of someone to suicide every year.

Lifeline is a national charity providing all Australians experiencing a personal crisis with access to 24-hour crisis support and suicide prevention services. These services include:

•	Telephone Crisis Line – 13 11 14
•	Lifeline Text - 0477 13 11 14
•	Lifeline Chat - www.lifeline.org.au/crisis-chat
•	Service Finder - free directory of local health and community services 
•	DValert - Domestic Violence Response Training 
•	Lifeline Centres nationwide provide specific services relevant to local communities. 

Our History
Lifeline was founded in 1963 by the late Reverend Dr Sir Alan Walker, after he received a call by a distressed man, who three days later took his own life. Determined not to let loneliness, isolation or anxiety be the cause of other deaths, Sir Alan launched a crisis line, which operated out of the Methodist Central Mission in Sydney. Just a few days after it was first established Lifeline received over one hundred calls for help.

Today, somewhere in Australia there is a new call to Lifeline’s 24 hour crisis line 13 11 14 every minute. 

As a charity we rely on the support of the community to support our life saving work. 

To find out more or to make a donation visit www.lifeline.org.au

*Please note we are unable to provide crisis support on LinkedIn. For crisis support call 13 11 14, text 0477 13 11 14 or chat with us online at lifeline.org.au.

Dial 000 if life is in danger.",,,1255,,https://www.linkedin.com/search/results/all/?keywords=Wesley+Dalmar,,NSW,Yes,No,A,1,0,1,Triple R NSW Campaign 3 Cold Export
7b381dcfaccb2984,westdisabilityhub.com.au,West Disability Hub wellness,,,https://www.westdisabilityhub.com.au/,westdisabilityhub.com.au,,,,,,,,,https://www.linkedin.com/search/results/all/?keywords=West+Disability+Hub+PTY+LTD,,NSW,Yes,Yes,A,1,0,0,Triple R NSW Campaign 3 Cold Export
607c3326f07e5dca,wghg.com.au,West Gippsland Healthcare Group,,,https://wghg.com.au/,wghg.com.au,,,,,,,,,,,VIC,,,,1,0,0,Triple R VIC Campaign 3 Cold Export
a0510e570798d58a,wdhs.net,Western District Health Service,,,https://wdhs.net/,wdhs.net,,,,,,,,,,,VIC,Yes,Yes,A,1,0,0,Triple R VIC Campaign 3 Cold Export
282deaeee728ddd9,westernhealthathome,Western Health at Home,,,No website found,westernhealthathome,,,,,,,,,,,VIC,Yes,Yes,A,1,0,0,Triple R VIC Campaign 3 Cold Export
cf30f5b487a5737d,westernsydneyitc.com.au,Western Sydney ITC,,,https://westernsydneyitc.com.au/,westernsydneyitc.com.au,,,,,,,,,,,NSW,Yes,Yes,A,1,0,1,Triple R NSW Campaign 3 Cold Export
5c65fe2fd8bde4c0,rcs.co.za,Western Sydney Local Health District,,1001-5000,https://rcs.co.za,rcs.co.za,Financial Services,,,"Welcome to RCS.

We are passionate about enhancing people’s lifestyles and we achieve this by offering a range of responsible consumer finance solutions that are innovative, accessible and desirable.  

We are based in Southern Africa but we operate beyond these borders being part of BNP Paribas – a leading Bank in Europe with an international reach. To learn more about the Group visit www.linkedin.com/company/bnp-paribas

We offer cards, loans and insurance solutions under our own RCS brand, as well as in partnership with a number of leading retailers and businesses. 

At RCS, we have over 1,500 employees who are committed to serving over 1,200,000 customers and a network of over 4,000 nationwide partners. 

If you want to join us in making it possible visit our website.",,,2516,,https://www.linkedin.com/search/results/all/?keywords=Resolved+Care+Services,,NSW,,,C,1,0,0,Triple R NSW Campaign 3 Cold Export
8b069ad408af11d8,wildernessherbs.com,Wilderness Herbals,,,https://wildernessherbs.com/,wildernessherbs.com,,,,,,,,,,,VIC,,,,1,0,0,Triple R VIC Campaign 3 Cold Export
c6db17f5ac2f831c,witheld,Witheld,,,No website found,witheld,,,,,,,,,,,NSW,Unclear,No,A,1,0,0,Triple R NSW Campaign 3 Cold Export
e233d154d9c061b0,whhhs.org.au,Wollongong Homeless Hub & Housing Services,,,https://www.whhhs.org.au/,whhhs.org.au,,,,,,,,,https://www.linkedin.com/company/whhhs/,,NSW,No,No,A,1,0,1,Triple R NSW Campaign 3 Cold Export
437ec2daad5409ac,womenandchildrenfirst.org.au,Women & Children First,,11-50,https://womenandchildrenfirst.org.au,womenandchildrenfirst.org.au,Non-profit Organizations,,,"Women & ChiIdren First is a not-for-profit, community-based service for women and vuInerabIe famiIies, incIuding women and chiIdren escaping domestic and famiIy vioIence.

Our vision is to ensure women, chiIdren and famiIies are safe, secure, connected and provided with the opportunity and environment to thrive.

We provide hoIistic, integrated services and famiIy support to vuInerabIe women, chiIdren and famiIies, such as earIy intervention and prevention services, parenting support, group work, casework, counseIing, crisis support, safe accommodation, chiId protection and ongoing support in the community.

We work from a sociaI justice approach to ensure women, chiIdren and famiIies have the opportunities, safety and skiIIs to enabIe them to activeIy participate in sociaI, economic and community Iife. 
We ensure access for aII community members incIuding AboriginaI and CALD women, chiIdren and famiIies.



Our services include:

Bringa Women and Children’s Refuge – Northern Beaches
Delvena Women and Children’s Refuge – Lower North Shore
Northern Beaches Family Support Service

Help now and donate and create new beginnings for women and childrenhttps://donate.mycause.com.au/charity/41183",,,48,,https://www.linkedin.com/company/women-and-children-first,,NSW,Unclear,No,A,1,0,1,Triple R NSW Campaign 3 Cold Export
09d3e18369055ed8,womeninwildlife.com.au,Women in Wildlife,,,https://www.womeninwildlife.com.au,womeninwildlife.com.au,,,,,,,,,,,VIC,,,,1,0,0,Triple R VIC Campaign 3 Cold Export
d4e294e37badc02b,womenscommunityshelters.org.au,Women's Community Shelters,,51-200,https://womenscommunityshelters.org.au,womenscommunityshelters.org.au,Non-profit Organizations,,,"Women’s Community Shelters (WCS) is an Australian charity which works with local communities to set up new crisis accommodation shelters for women leaving homelessness, domestic and family violence.  

WCS’ ground-breaking funding model brings together business and corporate sponsorship, philanthropic investment, Commonwealth and NSW Government funding and local community fundraising to support our Hub and shelters.",,,51,,https://www.linkedin.com/company/women-s-community-shelter/,,NSW,No,No,A,1,0,1,Triple R NSW Campaign 3 Cold Export
79650364044195ba,womenshousingcompany.org.au,Women's Housing Company,,,https://www.womenshousingcompany.org.au/,womenshousingcompany.org.au,,,,,,,,,https://www.linkedin.com/company/women's-housing-company-ltd/,,NSW,Yes,No,A,1,0,1,Triple R NSW Campaign 3 Cold Export
ae546d7233d86701,youniverse.net,YOUniverse,,,https://youniverse.net/,youniverse.net,Marketing Services,,,"Youniverse, è il tuo Universo ideale.
Come faccio a sapere quale sia il tuo Universo ideale?


Perché sarai tu a costruirlo, con il nostro aiuto e con la tua magnifica IDENTITÀ.

Proprio così, la nostra Missione è quella indirizzare le tuoi interessi per eliminare gli schemi rigidi aziendali del Network Marketing che impediscono la tua libertà, grazie al tuo Youniverso.",,,,,https://www.linkedin.com/search/results/all/?keywords=YOUniverse,,NSW,Unclear,No,A,1,0,0,Triple R NSW Campaign 3 Cold Export
48e116eaf7e2fad8,yarramedicalgroup.com.au,Yarra Medical Group,,,https://www.yarramedicalgroup.com.au/,yarramedicalgroup.com.au,,,,,,,,,,,VIC,No,No,A,1,0,0,Triple R VIC Campaign 3 Cold Export
ec6c493af44acdc3,yeahospital.org.au,Yea District Health,,,https://yeahospital.org.au/,yeahospital.org.au,,,,,,,,,,,VIC,,,,1,0,0,Triple R VIC Campaign 3 Cold Export
c1c97d57c07d26a5,yenuallowah.org.au,Yenu ALLOWAH,,,https://www.yenuallowah.org.au,yenuallowah.org.au,,,,,,,,,,,VIC,Yes,No,A,1,0,0,Triple R VIC Campaign 3 Cold Export
f589575dc6acd902,yerin.org.au,Yerin Eleanor Duncan Aboriginal Health Centre,,11-50,https://yerin.org.au,yerin.org.au,Wellness and Fitness Services,,2001-11-20T00:00:00.000Z,"ACKNOWLEDGEMENT:
Yerin Aboriginal Health Services acknowledges that we work on the lands of the Darkinyung people.

We pay our respect to these lands that provide for us.

We acknowledge and pay respect to the ancestors that walked and managed these lands for many generations before us.

We acknowledge and recognise all Aboriginal people who have come from their own country and who now call this country their home.

We acknowledge our Elders who are our knowledge holders, teachers and pioneers.

We acknowledge our youth who are our hope for a brighter and stronger future and who will be our future leaders.

We acknowledge and pay our respect to our members who have gone before us and recognise their contribution to our people and community.

OVERVIEW:
Since 1996, Yerin has been providing primary health care to the Aboriginal and Torres Strait Islander community on the Central Coast of NSW. Yerin is a community controlled Aboriginal Health Service and provides health care services in a culturally safe environment. 

Yerin provides a comprehensive and culturally appropriate primary care service through the Eleanor Duncan Aboriginal Health Centre (EDAHC) at Wyong (6 days a week) and at Gosford Hospital (Nunyara Aboriginal Health unit) – 2 days a week (Tuesday and Thursday).

The services are integrated with the dental service and a range of targeted community and family-based programs to improve the health and quality of life for Aboriginal and Torres Strait Islander people in our community.

Yerin Aboriginal Health Services’ highly trained, professional staff has been providing heath care to Aboriginal and Torres Strait Islander people on the Central Coast for more than 20 years.
Yerin provides comprehensive primary care to patients, including:
- Chronic disease management
- Mental health
- Pregnancy and women’s health
- Men’s health
- Screening and early intervention for children and young people
- Specialist care for Elders.

email:  info@yerin.org.au",,,14,,https://www.linkedin.com/company/yerin-eleanor-duncan-aboriginal-health-centre/,,NSW,,,C,1,0,1,Triple R NSW Campaign 3 Cold Export
7bd1c22ab92395c9,yeshiva.edu,Yeshivah,,,https://www.yeshiva.edu/,yeshiva.edu,,,,,,,,,,,VIC,Unclear,No,A,1,0,0,Triple R VIC Campaign 3 Cold Export
524e8cfa1f0711fe,yourabilityyourchoice,Your Ability Your Choice,,,No website found,yourabilityyourchoice,,,,,,,,,,,VIC,,,,1,0,0,Triple R VIC Campaign 3 Cold Export
bb24d2e85ecfdaf8,youragedcare.org,Your Aged Care at Home,,,https://www.youragedcare.org/,youragedcare.org,,,,,,,,,,,NSW,Yes,Yes,A,1,0,1,Triple R NSW Campaign 3 Cold Export
7e9e4d0c49651fe2,yourcarechoices.com.au,Your Caring Choice,,,https://yourcarechoices.com.au/,yourcarechoices.com.au,,,,,,,,,,,VIC,Yes,Yes,A,1,0,0,Triple R VIC Campaign 3 Cold Export
ecce8085fce2db4e,yourch.org.au,Your Community Health,,,No website found,yourch.org.au,,,,,,,,,,,VIC,,,,1,0,1,Triple R VIC Campaign 3 Cold Export
4e9c5b6eebc5d2a0,zebrasaus.com.au,Zebras Australia,,,https://zebrasaus.com.au/,zebrasaus.com.au,,,,,,,,,,,VIC,,,B,1,0,1,Triple R VIC Campaign 3 Cold Export
4a901afc63e1c316,zenechomecareandcommunityservices.com.au,Zenec home care &Community services,,,https://zenechomecareandcommunityservices.com.au/,zenechomecareandcommunityservices.com.au,,,,,,,,,https://www.linkedin.com/search/results/all/?keywords=Zenec+home+care+%26Community+services+,,NSW,Yes,Yes,A,1,0,1,Triple R NSW Campaign 3 Cold Export
bab9e051ca7b367c,zennability.com.au,Zenn Ability,,,https://zennability.com.au/,zennability.com.au,,,,,,,,,,,NSW,,,,1,0,0,Triple R NSW Campaign 3 Cold Export
af7478049f0f6a40,arbias.org.au,arbias,,,https://arbias.org.au/,arbias.org.au,,,,,,,,,,,VIC,Yes,Yes,A,1,0,0,Triple R VIC Campaign 3 Cold Export
08b97deff164a117,areable.org.au,are-able,,,https://www.areable.org.au/,areable.org.au,,,,,,,,,,,VIC,Unclear,Yes,A,1,0,0,Triple R VIC Campaign 3 Cold Export
0dfa0ad07852ea5c,capegroup.ca,cape group,,,https://www.capegroup.ca/,capegroup.ca,,,,,,,,,,,VIC,Yes,No,A,1,0,0,Triple R VIC Campaign 3 Cold Export
235acfdf1375f5ef,director,director,,1001-5000,No website found,director,Human Resources Services,,,"Consultora de RRHH orientada a la calidad de vida de los empleados y a gestion de Recursos, a traves del desarrollo de programa unicos diseñados de acuerdo a la cultura de cada organizacion.",,,1115,,,,NSW,,,C,1,0,0,Triple R NSW Campaign 3 Cold Export
fbede4e431c8f198,ehealth.nsw.gov.au,eHealth NSW,,1001-5000,https://ehealth.nsw.gov.au,ehealth.nsw.gov.au,Hospitals and Health Care,,,"eHealth NSW is NSW Health’s digital centre of excellence. Providing world-class ICT for Australia’s largest public health system. 

Our page is managed and moderated by eHealth NSW. 

Please read our community guidelines to maintain a safe and respectful online experience: https://www.ehealth.nsw.gov.au/social/community-guidelines",,,1617,,https://www.linkedin.com/company/ehealth-nsw/,,NSW,,,B,1,0,0,Triple R NSW Campaign 3 Cold Export
0d44bbd099a16283,headspace.com,headspace,,,https://www.headspace.com/,headspace.com,,,,,,,,,,,NSW,No,No,A,1,0,0,Triple R NSW Campaign 3 Cold Export
99ed2402bc1defd0,headspace.org.au,headspace,,1001-5000,https://headspace.org.au,headspace.org.au,Mental Health Care,,,"headspace is Australia’s National Youth Mental Health Foundation, providing early intervention mental health services to 12-25 year olds.  

Each year, headspace helps thousands of young people access vital support through our headspace centres in communities across Australia, our online and phone counselling services, our vocational services, and our presence in schools.  

headspace can help young people with mental health, physical health (including sexual health), alcohol and other drug services, and work and study support.  

For locations of headspace services, as well as factsheets and resources for young people and their families and friends, please visit the headspace website: headspace.org.au  

Social media terms of use: www.bit.ly/hsp-sm  
Duty of care: https://bit.ly/46ALfdv  
Tips for a healthier relationship with social media: https://bit.ly/3O3Y0Go",,,2179,,https://www.linkedin.com/company/headspaceau/,,NSW,No,No,A,1,0,1,Triple R NSW Campaign 3 Cold Export
12deff98f567a8d0,australian.physio,icare NSW,,201-500,https://australian.physio,australian.physio,Non-profit Organizations,,,"The Australian Physiotherapy Association (APA) is a national peak body representing over 32,000 Australian physiotherapists and their patients. With a head office in Melbourne, Victoria, the APA has non-autonomous state and territory branches and specialty subgroups. 

The organisation has 32,000 members and over 300 members in volunteer positions on committees or working parties. The APA is governed by a Board of Directors elected by representatives of all stakeholder groups within the Association.
 
The APA is committed to the concept of continuing professional education. The organisation offers members advanced training and the possibility of collegial support from physiotherapists working in a similar area through 21 national groups.
 
The APA is a member of the World Confederation for Physical Therapy (WCPT), and signifies a standard of professional and ethical behaviour over and above the requirements of registration. The APA has been awarded a Human Resources Director (HRD) 5-Star Employer of Choice award in 2022, 2023 and 2024.

Visit the APA website at: www.australian.physio, or find and share information about the physiotherapy profession as a whole: www.choose.physio",,,363,,https://www.linkedin.com/company/insurance-and-care-nsw/,,NSW,Yes,No,A,1,0,1,Triple R NSW Campaign 3 Cold Export
0f12d66954c6219f,intouch.org.au,inTouch Multicultural Centre Against Family Violence,,,https://intouch.org.au,intouch.org.au,,,,,,,,,,,VIC,No,No,A,1,0,0,Triple R VIC Campaign 3 Cold Export
b9ecb69a77470f36,indochineseagedcare.org.au,indochinese elderly hostel,,,https://indochineseagedcare.org.au/,indochineseagedcare.org.au,,,,,,,,,,,NSW,Unclear,No,A,1,0,1,Triple R NSW Campaign 3 Cold Export
5bcf062c7ceedb0f,mecwacare.org.au,mecwacare,,,https://www.mecwacare.org.au/,mecwacare.org.au,,,,,,,,,,,VIC,Yes,No,A,1,0,0,Triple R VIC Campaign 3 Cold Export
a38d1bac8ff354a7,ndislinkevents.com.au,ndislink,,,https://www.ndislinkevents.com.au/,ndislinkevents.com.au,,,,,,,,,,,VIC,Yes,Yes,A,1,0,0,Triple R VIC Campaign 3 Cold Export
cd76636af4c673df,northwesthumanservices.org,north west area mental health service,,,https://northwesthumanservices.org/,northwesthumanservices.org,,,,,,,,,,,VIC,No,No,A,1,0,0,Triple R VIC Campaign 3 Cold Export
a0f1490a20d0211c,s,s,,,No website found,s,,,,,,,,,,,VIC,,,C,1,0,1,Triple R VIC Campaign 3 Cold Export
82b4bd90dc028c43,sfnsw.org.au,schizophrenia fellowship,,51-200,https://sfnsw.org.au,sfnsw.org.au,Mental Health Care,,,"SFNSW is a community based, not-for-profit organisation providing a range of services to people with a mental illness, carers and the community since 1985. Our vision is to create a society in which people with mental illness are valued and treated as equals.",,,73,,https://www.linkedin.com/search/results/all/?keywords=schizophrenia+fellowship,,NSW,Yes,Yes,A,1,0,0,Triple R NSW Campaign 3 Cold Export
cc9898e6d04cc873,southwesthealthcare.com,southwest healthcare,,,https://southwesthealthcare.com,southwesthealthcare.com,,,,,,,,,,,VIC,,,,1,0,0,Triple R VIC Campaign 3 Cold Export
dba09ee0bddcf7cb,pascocare.com.au,sydney Care Disability,,2-10,https://pascocare.com.au,pascocare.com.au,Community Services,,2001-01-10T00:00:00.000Z,"Pasco Care a NDIS service provider specialising in empowering individuals with Complex mental Health psychosocial support needs, intellectual disability and autism spectrum disabilities. Our approach is centred on fostering recovery and growth through practical skill-building, psychosocial supports, and holistic service delivery. We utilise the strength of connecting people with community, NFP, public services and other service providers to gather the supports and services needed to build strong individuals and communities.",,,3,,https://www.linkedin.com/company/pascocare/,,NSW,Yes,Yes,A,1,0,1,Triple R NSW Campaign 3 Cold Export
725616d6303e2a8b,ublossom.com.au,uBlossom,,2-10,https://ublossom.com.au,ublossom.com.au,Community Services,,2001-01-10T00:00:00.000Z,"At uBlossom, we are dedicated to providing exceptional disability support services that empower individuals to thrive. We offer community access and supported independent living services, ensuring that people with disabilities can fully engage with their communities or find a new place to call home.
Our compassionate team is committed to fostering independence and enhancing the quality of life for those we serve. Together we create a supportive environment where everyone can blossom.",,,2,,https://www.linkedin.com/company/ublossom/,,NSW,,,C,1,0,0,Triple R NSW Campaign 3 Cold Export
df6ff89fbe782b2a,utest.com,uTest,,,https://www.utest.com/,utest.com,,,,,,,,,,,NSW,,,,1,0,0,Triple R NSW Campaign 3 Cold Export
16395460c72e0159,adac.de,untingcare,,1001-5000,https://adac.de,adac.de,Consumer Services,,,"WE ARE HERE!

Derived from the umbrella strategy that affirms ADAC as a membership-based mobility service provider and a result of more than 100 years of history, which also stands for the company's consistency as an employer, this is not just a promise to our members, but also a claim to the employees of all ADAC units.

Our foundation for strategic alignment is the membership organization, which is why protection and representation of our members are key elements that are reflected in the organization of a 3-pillar structure:

• ADAC e.V. - is an ideal association - contains central member services such as Roadside Assistance, Consumer Protection, Motorsport, Tourism, Legal Center (membership consultation), traffic and the club magazine ""ADAC Motorwelt"" 
• ADAC SE - Commercial activities (such as insurance, car rental, financial services) are grouped together in a separate, clearly separated joint stock company
• ADAC Stiftung - Here the non-profit activities (such as air rescue, charitable individual assistance, traffic education, mobility research, motor sport safety) of the ADAC are bundled
 

The ADAC as an employer - more exciting and varied than imagined

Discover the diversity of the ADAC and the wide range of possibilities

What we do is fueled by the joy of helping and the enthusiasm of being here for others - this is also the best prerequisite for you to write your personal success story at ADAC. With great commitment, team spirit and conviction, our employees ensure that all services and products are provided in the best quality and for the benefit of our members.

Lear more and explore all open positions =>  http://karriere.adac.de

Imprint: www.adac.de/impressum
Other profiles:  www.adac.de/soziale-medien",,,2588,,https://www.linkedin.com/search/results/all/?keywords=untingcare,,NSW,Yes,No,A,1,0,1,Triple R NSW Campaign 3 Cold Export
